[snapshot] no existing snapshot loaded
[engine] started; consuming order_commands group=engine-group consumer=engine-1 events_channel=engine_events
Redis connect error: Connection refused
[engine] shutting down...
[snapshot] loaded engine_state.json
[engine] started; consuming order_commands group=engine-group consumer=engine-1 events_channel=engine_events
Redis connect error: Connection refused
[engine] shutting down...
[snapshot] loaded engine_state.json
[engine] started; consuming order_commands group=engine-group consumer=engine-1 events_channel=engine_events
Redis connect error: Connection refused
[engine] shutting down...
[snapshot] loaded engine_state.json
[engine] started; consuming order_commands group=engine-group consumer=engine-1 events_channel=engine_events
Redis connect error: Connection refused
[engine] shutting down...
[snapshot] loaded engine_state.json
[engine] started; consuming order_commands group=engine-group consumer=engine-1 events_channel=engine_events
Redis connect error: Connection refused
[engine] shutting down...
[snapshot] loaded engine_state.json
[engine] started; consuming order_commands group=engine-group consumer=engine-1 events_channel=engine_events
[snapshot] saved to engine_state.json
[snapshot] saved to engine_state.json
[snapshot] saved to engine_state.json
[snapshot] saved to engine_state.json
[snapshot] saved to engine_state.json
[snapshot] saved to engine_state.json
[snapshot] saved to engine_state.json
[snapshot] saved to engine_state.json
[snapshot] saved to engine_state.json
[snapshot] saved to engine_state.json
[snapshot] saved to engine_state.json
[snapshot] saved to engine_state.json
[snapshot] saved to engine_state.json
[snapshot] saved to engine_state.json
[snapshot] saved to engine_state.json
[snapshot] saved to engine_state.json
[snapshot] saved to engine_state.json
[snapshot] saved to engine_state.json
[snapshot] saved to engine_state.json
[snapshot] saved to engine_state.json
[snapshot] saved to engine_state.json
[snapshot] saved to engine_state.json
[snapshot] saved to engine_state.json
[snapshot] saved to engine_state.json
[snapshot] saved to engine_state.json
[snapshot] saved to engine_state.json
[snapshot] saved to engine_state.json
[snapshot] saved to engine_state.json
[snapshot] saved to engine_state.json
[snapshot] saved to engine_state.json
[snapshot] saved to engine_state.json
[snapshot] saved to engine_state.json
[snapshot] saved to engine_state.json
[snapshot] saved to engine_state.json
[snapshot] saved to engine_state.json
[snapshot] saved to engine_state.json
[snapshot] saved to engine_state.json
[snapshot] saved to engine_state.json
Redis connect error: Connection refused
[engine] shutting down...
[snapshot] loaded engine_state.json
[engine] started; consuming order_commands group=engine-group consumer=engine-1 events_channel=engine_events
[snapshot] saved to engine_state.json
[snapshot] saved to engine_state.json
[snapshot] saved to engine_state.json
[snapshot] saved to engine_state.json
[snapshot] saved to engine_state.json
[snapshot] saved to engine_state.json
[snapshot] saved to engine_state.json
[snapshot] saved to engine_state.json
[snapshot] saved to engine_state.json
[snapshot] saved to engine_state.json
[snapshot] saved to engine_state.json
[snapshot] saved to engine_state.json
[snapshot] saved to engine_state.json
[snapshot] saved to engine_state.json
[snapshot] saved to engine_state.json
[snapshot] saved to engine_state.json
[snapshot] saved to engine_state.json
[snapshot] saved to engine_state.json
[snapshot] saved to engine_state.json
[snapshot] saved to engine_state.json
[snapshot] saved to engine_state.json
[snapshot] saved to engine_state.json
[snapshot] saved to engine_state.json
[snapshot] saved to engine_state.json
[snapshot] saved to engine_state.json
[snapshot] saved to engine_state.json
[snapshot] saved to engine_state.json
[snapshot] saved to engine_state.json
[snapshot] saved to engine_state.json
[snapshot] saved to engine_state.json
[snapshot] saved to engine_state.json
[snapshot] saved to engine_state.json
[snapshot] saved to engine_state.json
[snapshot] saved to engine_state.json
[snapshot] saved to engine_state.json
[snapshot] saved to engine_state.json
[snapshot] saved to engine_state.json
[snapshot] saved to engine_state.json
[snapshot] saved to engine_state.json
[snapshot] saved to engine_state.json
[snapshot] saved to engine_state.json
[snapshot] saved to engine_state.json
[snapshot] saved to engine_state.json
[snapshot] saved to engine_state.json
[snapshot] saved to engine_state.json
[snapshot] saved to engine_state.json
[snapshot] saved to engine_state.json
[snapshot] saved to engine_state.json
[snapshot] saved to engine_state.json
[snapshot] saved to engine_state.json
[snapshot] saved to engine_state.json
[snapshot] saved to engine_state.json
[snapshot] saved to engine_state.json
[snapshot] saved to engine_state.json
[snapshot] saved to engine_state.json
[snapshot] saved to engine_state.json
[snapshot] saved to engine_state.json
[snapshot] saved to engine_state.json
[snapshot] saved to engine_state.json
[snapshot] saved to engine_state.json
[snapshot] saved to engine_state.json
[snapshot] saved to engine_state.json
[snapshot] saved to engine_state.json
[snapshot] saved to engine_state.json
[snapshot] saved to engine_state.json
[snapshot] saved to engine_state.json
[snapshot] saved to engine_state.json
[snapshot] saved to engine_state.json
Redis connect error: Connection refused
[engine] shutting down...
[snapshot] loaded engine_state.json
[engine] started; consuming order_commands group=engine-group consumer=engine-1 events_channel=engine_events
Redis connect error: Connection refused
[engine] shutting down...
[snapshot] loaded engine_state.json
[engine] started; consuming order_commands group=engine-group consumer=engine-1 events_channel=engine_events
Redis connect error: Connection refused
[engine] shutting down...
[snapshot] loaded engine_state.json
[engine] started; consuming order_commands group=engine-group consumer=engine-1 events_channel=engine_events
Redis connect error: Connection refused
[engine] shutting down...
[snapshot] loaded engine_state.json
[engine] started; consuming order_commands group=engine-group consumer=engine-1 events_channel=engine_events
Redis connect error: Connection refused
[engine] shutting down...
[snapshot] loaded engine_state.json
[engine] started; consuming order_commands group=engine-group consumer=engine-1 events_channel=engine_events
[snapshot] saved to engine_state.json
[snapshot] saved to engine_state.json
[snapshot] saved to engine_state.json
[snapshot] saved to engine_state.json
[snapshot] saved to engine_state.json
[snapshot] saved to engine_state.json
[snapshot] saved to engine_state.json
[snapshot] saved to engine_state.json
[snapshot] saved to engine_state.json
[snapshot] saved to engine_state.json
[snapshot] saved to engine_state.json
[snapshot] saved to engine_state.json
[snapshot] saved to engine_state.json
[snapshot] saved to engine_state.json
[snapshot] saved to engine_state.json
[snapshot] saved to engine_state.json
[snapshot] saved to engine_state.json
[snapshot] saved to engine_state.json
[snapshot] saved to engine_state.json
[snapshot] saved to engine_state.json
[snapshot] saved to engine_state.json
[snapshot] saved to engine_state.json
[snapshot] saved to engine_state.json
[snapshot] saved to engine_state.json
[snapshot] saved to engine_state.json
[snapshot] saved to engine_state.json
[snapshot] saved to engine_state.json
[snapshot] saved to engine_state.json
[snapshot] saved to engine_state.json
[snapshot] saved to engine_state.json
[snapshot] saved to engine_state.json
[snapshot] saved to engine_state.json
[snapshot] saved to engine_state.json
[snapshot] saved to engine_state.json
[snapshot] saved to engine_state.json
[snapshot] saved to engine_state.json
[snapshot] saved to engine_state.json
[snapshot] saved to engine_state.json
[snapshot] saved to engine_state.json
[snapshot] saved to engine_state.json
[snapshot] saved to engine_state.json
[snapshot] saved to engine_state.json
[snapshot] saved to engine_state.json
[snapshot] saved to engine_state.json
[snapshot] saved to engine_state.json
[snapshot] saved to engine_state.json
[snapshot] saved to engine_state.json
[snapshot] saved to engine_state.json
[snapshot] saved to engine_state.json
[snapshot] saved to engine_state.json
[snapshot] saved to engine_state.json
[snapshot] saved to engine_state.json
[snapshot] saved to engine_state.json
[snapshot] saved to engine_state.json
[engine] shutting down...
[snapshot] loaded engine_state.json
[engine] started; consuming order_commands group=engine-group consumer=engine-1 events_channel=engine_events
[snapshot] saved to engine_state.json
[snapshot] saved to engine_state.json
[snapshot] saved to engine_state.json
[snapshot] saved to engine_state.json
[snapshot] saved to engine_state.json
[snapshot] saved to engine_state.json
[snapshot] saved to engine_state.json
[snapshot] saved to engine_state.json
[snapshot] saved to engine_state.json
[snapshot] saved to engine_state.json
[snapshot] saved to engine_state.json
[snapshot] saved to engine_state.json
[snapshot] saved to engine_state.json
[snapshot] saved to engine_state.json
[snapshot] saved to engine_state.json
[snapshot] saved to engine_state.json
[snapshot] saved to engine_state.json
[snapshot] saved to engine_state.json
[snapshot] saved to engine_state.json
[snapshot] saved to engine_state.json
[snapshot] saved to engine_state.json
Redis connect error: Connection refused
[engine] shutting down...
[snapshot] loaded engine_state.json
[engine] started; consuming order_commands group=engine-group consumer=engine-1 events_channel=engine_events
[snapshot] saved to engine_state.json
[snapshot] saved to engine_state.json
[snapshot] saved to engine_state.json
[snapshot] saved to engine_state.json
[snapshot] saved to engine_state.json
[snapshot] saved to engine_state.json
[snapshot] saved to engine_state.json
[snapshot] saved to engine_state.json
[snapshot] saved to engine_state.json
[engine] shutting down...
[snapshot] loaded engine_state.json
[engine] started; consuming order_commands group=engine-group consumer=engine-1 events_channel=engine_events
[snapshot] saved to engine_state.json
[snapshot] saved to engine_state.json
[snapshot] saved to engine_state.json
[snapshot] saved to engine_state.json
[snapshot] saved to engine_state.json
[snapshot] saved to engine_state.json
[snapshot] saved to engine_state.json
[snapshot] saved to engine_state.json
[snapshot] saved to engine_state.json
[snapshot] saved to engine_state.json
[snapshot] saved to engine_state.json
[snapshot] saved to engine_state.json
[snapshot] saved to engine_state.json
[snapshot] saved to engine_state.json
[snapshot] saved to engine_state.json
[snapshot] saved to engine_state.json
[snapshot] saved to engine_state.json
[snapshot] saved to engine_state.json
[snapshot] saved to engine_state.json
[snapshot] saved to engine_state.json
[snapshot] saved to engine_state.json
[snapshot] saved to engine_state.json
[snapshot] saved to engine_state.json
[snapshot] saved to engine_state.json
[snapshot] saved to engine_state.json
[snapshot] saved to engine_state.json
[snapshot] saved to engine_state.json
[snapshot] saved to engine_state.json
[snapshot] saved to engine_state.json
[snapshot] saved to engine_state.json
[snapshot] saved to engine_state.json
[engine] shutting down...
[snapshot] loaded engine_state.json
[engine] started; consuming order_commands group=engine-group consumer=engine-1 events_channel=engine_events
[snapshot] saved to engine_state.json
[snapshot] saved to engine_state.json
[snapshot] saved to engine_state.json
[snapshot] saved to engine_state.json
[snapshot] saved to engine_state.json
[snapshot] saved to engine_state.json
[snapshot] saved to engine_state.json
[snapshot] saved to engine_state.json
[snapshot] saved to engine_state.json
[snapshot] saved to engine_state.json
[snapshot] saved to engine_state.json
[snapshot] saved to engine_state.json
[snapshot] saved to engine_state.json
[snapshot] saved to engine_state.json
[snapshot] saved to engine_state.json
[snapshot] saved to engine_state.json
[snapshot] saved to engine_state.json
[snapshot] saved to engine_state.json
[snapshot] saved to engine_state.json
[snapshot] saved to engine_state.json
[snapshot] saved to engine_state.json
[snapshot] saved to engine_state.json
[snapshot] saved to engine_state.json
[snapshot] saved to engine_state.json
[snapshot] saved to engine_state.json
[snapshot] saved to engine_state.json
[snapshot] saved to engine_state.json
[snapshot] saved to engine_state.json
[snapshot] saved to engine_state.json
[snapshot] saved to engine_state.json
[snapshot] saved to engine_state.json
[snapshot] saved to engine_state.json
[snapshot] saved to engine_state.json
[snapshot] saved to engine_state.json
[snapshot] saved to engine_state.json
[snapshot] saved to engine_state.json
[snapshot] saved to engine_state.json
[snapshot] saved to engine_state.json
[snapshot] saved to engine_state.json
[snapshot] saved to engine_state.json
[snapshot] saved to engine_state.json
[snapshot] saved to engine_state.json
[snapshot] saved to engine_state.json
[snapshot] saved to engine_state.json
[snapshot] saved to engine_state.json
[snapshot] saved to engine_state.json
[snapshot] saved to engine_state.json
[snapshot] saved to engine_state.json
[snapshot] saved to engine_state.json
[snapshot] saved to engine_state.json
[snapshot] saved to engine_state.json
[snapshot] saved to engine_state.json
[snapshot] saved to engine_state.json
[snapshot] saved to engine_state.json
[snapshot] saved to engine_state.json
[snapshot] saved to engine_state.json
[snapshot] saved to engine_state.json
[snapshot] saved to engine_state.json
[snapshot] saved to engine_state.json
[snapshot] saved to engine_state.json
[snapshot] saved to engine_state.json
[snapshot] saved to engine_state.json
[snapshot] saved to engine_state.json
[snapshot] saved to engine_state.json
[snapshot] saved to engine_state.json
[snapshot] saved to engine_state.json
[snapshot] saved to engine_state.json
[snapshot] saved to engine_state.json
[snapshot] saved to engine_state.json
[snapshot] saved to engine_state.json
[snapshot] saved to engine_state.json
[snapshot] saved to engine_state.json
[snapshot] saved to engine_state.json
[snapshot] saved to engine_state.json
[snapshot] saved to engine_state.json
[snapshot] saved to engine_state.json
[snapshot] saved to engine_state.json
[snapshot] saved to engine_state.json
[snapshot] saved to engine_state.json
[snapshot] saved to engine_state.json
[snapshot] saved to engine_state.json
[snapshot] saved to engine_state.json
[snapshot] saved to engine_state.json
[snapshot] saved to engine_state.json
[snapshot] saved to engine_state.json
[snapshot] saved to engine_state.json
[snapshot] saved to engine_state.json
[snapshot] saved to engine_state.json
[snapshot] saved to engine_state.json
[snapshot] saved to engine_state.json
[snapshot] saved to engine_state.json
[snapshot] saved to engine_state.json
[snapshot] saved to engine_state.json
[snapshot] saved to engine_state.json
[snapshot] saved to engine_state.json
[snapshot] saved to engine_state.json
[snapshot] saved to engine_state.json
[snapshot] saved to engine_state.json
[snapshot] saved to engine_state.json
[snapshot] saved to engine_state.json
[snapshot] saved to engine_state.json
[snapshot] saved to engine_state.json
[snapshot] saved to engine_state.json
[snapshot] saved to engine_state.json
[snapshot] saved to engine_state.json
[snapshot] saved to engine_state.json
[snapshot] saved to engine_state.json
[snapshot] saved to engine_state.json
[snapshot] saved to engine_state.json
[snapshot] saved to engine_state.json
[snapshot] saved to engine_state.json
[snapshot] saved to engine_state.json
[snapshot] saved to engine_state.json
[snapshot] saved to engine_state.json
[snapshot] saved to engine_state.json
[snapshot] saved to engine_state.json
[snapshot] saved to engine_state.json
[snapshot] saved to engine_state.json
[snapshot] saved to engine_state.json
[snapshot] saved to engine_state.json
[snapshot] saved to engine_state.json
[snapshot] saved to engine_state.json
[snapshot] saved to engine_state.json
[snapshot] saved to engine_state.json
[snapshot] saved to engine_state.json
[snapshot] saved to engine_state.json
[snapshot] saved to engine_state.json
[snapshot] saved to engine_state.json
[snapshot] saved to engine_state.json
[snapshot] saved to engine_state.json
[snapshot] saved to engine_state.json
[snapshot] saved to engine_state.json
[snapshot] saved to engine_state.json
[snapshot] saved to engine_state.json
[snapshot] saved to engine_state.json
[snapshot] saved to engine_state.json
[snapshot] saved to engine_state.json
[snapshot] saved to engine_state.json
[snapshot] saved to engine_state.json
[snapshot] saved to engine_state.json
[snapshot] saved to engine_state.json
[snapshot] saved to engine_state.json
[snapshot] saved to engine_state.json
[snapshot] saved to engine_state.json
[snapshot] saved to engine_state.json
[snapshot] saved to engine_state.json
[snapshot] saved to engine_state.json
[snapshot] saved to engine_state.json
[snapshot] saved to engine_state.json
[snapshot] saved to engine_state.json
[snapshot] saved to engine_state.json
[snapshot] saved to engine_state.json
[snapshot] saved to engine_state.json
[snapshot] saved to engine_state.json
[snapshot] saved to engine_state.json
[snapshot] saved to engine_state.json
[snapshot] saved to engine_state.json
[snapshot] saved to engine_state.json
[snapshot] saved to engine_state.json
[snapshot] saved to engine_state.json
[snapshot] saved to engine_state.json
[snapshot] saved to engine_state.json
[snapshot] saved to engine_state.json
[snapshot] saved to engine_state.json
[snapshot] saved to engine_state.json
[snapshot] saved to engine_state.json
[snapshot] saved to engine_state.json
[snapshot] saved to engine_state.json
[snapshot] saved to engine_state.json
[snapshot] saved to engine_state.json
[snapshot] saved to engine_state.json
[snapshot] saved to engine_state.json
[snapshot] saved to engine_state.json
[snapshot] saved to engine_state.json
[snapshot] saved to engine_state.json
[snapshot] saved to engine_state.json
[snapshot] saved to engine_state.json
[snapshot] saved to engine_state.json
[snapshot] saved to engine_state.json
[snapshot] saved to engine_state.json
[snapshot] saved to engine_state.json
[snapshot] saved to engine_state.json
[snapshot] saved to engine_state.json
[snapshot] saved to engine_state.json
[snapshot] saved to engine_state.json
[snapshot] saved to engine_state.json
[snapshot] saved to engine_state.json
[snapshot] saved to engine_state.json
[snapshot] saved to engine_state.json
[snapshot] saved to engine_state.json
[snapshot] saved to engine_state.json
[snapshot] saved to engine_state.json
[snapshot] saved to engine_state.json
[snapshot] saved to engine_state.json
[snapshot] saved to engine_state.json
[snapshot] saved to engine_state.json
[snapshot] saved to engine_state.json
[snapshot] saved to engine_state.json
[snapshot] saved to engine_state.json
[snapshot] saved to engine_state.json
[snapshot] saved to engine_state.json
[snapshot] saved to engine_state.json
[snapshot] saved to engine_state.json
[snapshot] saved to engine_state.json
[snapshot] saved to engine_state.json
[snapshot] saved to engine_state.json
[snapshot] saved to engine_state.json
[snapshot] saved to engine_state.json
[snapshot] saved to engine_state.json
[snapshot] saved to engine_state.json
[snapshot] saved to engine_state.json
[snapshot] saved to engine_state.json
[snapshot] saved to engine_state.json
[snapshot] saved to engine_state.json
[snapshot] saved to engine_state.json
[snapshot] saved to engine_state.json
[snapshot] saved to engine_state.json
[snapshot] saved to engine_state.json
[snapshot] saved to engine_state.json
[snapshot] saved to engine_state.json
[snapshot] saved to engine_state.json
[snapshot] saved to engine_state.json
[snapshot] saved to engine_state.json
[snapshot] saved to engine_state.json
[snapshot] saved to engine_state.json
[snapshot] saved to engine_state.json
[snapshot] saved to engine_state.json
[snapshot] saved to engine_state.json
[snapshot] saved to engine_state.json
[snapshot] saved to engine_state.json
[snapshot] saved to engine_state.json
[snapshot] saved to engine_state.json
[snapshot] saved to engine_state.json
[snapshot] saved to engine_state.json
[snapshot] saved to engine_state.json
[snapshot] saved to engine_state.json
[snapshot] saved to engine_state.json
[snapshot] saved to engine_state.json
[snapshot] saved to engine_state.json
[snapshot] saved to engine_state.json
[snapshot] saved to engine_state.json
[snapshot] saved to engine_state.json
[snapshot] saved to engine_state.json
[snapshot] saved to engine_state.json
[snapshot] saved to engine_state.json
[snapshot] loaded engine_state.json
[engine] started; consuming order_commands group=engine-group consumer=engine-1 events_channel=engine_events
[engine] shutting down...
[snapshot] loaded engine_state.json
[engine] started; consuming order_commands group=engine-group consumer=engine-1 events_channel=engine_events
[engine] shutting down...
[snapshot] loaded engine_state.json
[engine] started; consuming order_commands group=engine-group consumer=engine-1 events_channel=engine_events
[engine] shutting down...
[snapshot] loaded engine_state.json
[engine] started; consuming order_commands group=engine-group consumer=engine-1 events_channel=engine_events
[snapshot] saved to engine_state.json
[snapshot] saved to engine_state.json
[snapshot] saved to engine_state.json
[snapshot] saved to engine_state.json
[snapshot] saved to engine_state.json
[snapshot] saved to engine_state.json
[snapshot] saved to engine_state.json
[snapshot] saved to engine_state.json
[snapshot] saved to engine_state.json
[snapshot] saved to engine_state.json
[snapshot] saved to engine_state.json
[snapshot] saved to engine_state.json
[snapshot] saved to engine_state.json
[snapshot] saved to engine_state.json
[snapshot] saved to engine_state.json
[snapshot] saved to engine_state.json
[snapshot] saved to engine_state.json
[snapshot] saved to engine_state.json
[snapshot] saved to engine_state.json
[snapshot] saved to engine_state.json
[snapshot] saved to engine_state.json
[engine] shutting down...
[snapshot] loaded engine_state.json
[engine] started; consuming order_commands group=engine-group consumer=engine-1 events_channel=engine_events
[snapshot] saved to engine_state.json
[snapshot] saved to engine_state.json
[snapshot] saved to engine_state.json
[snapshot] saved to engine_state.json
[snapshot] saved to engine_state.json
[snapshot] saved to engine_state.json
[snapshot] saved to engine_state.json
[snapshot] saved to engine_state.json
[snapshot] saved to engine_state.json
[snapshot] saved to engine_state.json
[snapshot] saved to engine_state.json
[snapshot] saved to engine_state.json
[snapshot] saved to engine_state.json
[snapshot] saved to engine_state.json
[snapshot] saved to engine_state.json
[snapshot] saved to engine_state.json
[snapshot] saved to engine_state.json
[snapshot] saved to engine_state.json
[snapshot] saved to engine_state.json
[engine] shutting down...
[snapshot] loaded engine_state.json
[engine] started; consuming order_commands group=engine-group consumer=engine-1 events_channel=engine_events
[snapshot] saved to engine_state.json
[snapshot] saved to engine_state.json
[snapshot] saved to engine_state.json
[snapshot] saved to engine_state.json
Redis connect error: Connection refused
[engine] shutting down...
[snapshot] loaded engine_state.json
[engine] started; consuming order_commands group=engine-group consumer=engine-1 events_channel=engine_events
[snapshot] saved to engine_state.json
[engine] shutting down...
[snapshot] loaded engine_state.json
[engine] started; consuming order_commands group=engine-group consumer=engine-1 events_channel=engine_events
[engine] shutting down...
[snapshot] loaded engine_state.json
[engine] started; consuming order_commands group=engine-group consumer=engine-1 events_channel=engine_events
[snapshot] loaded engine_state.json
[engine] started; consuming order_commands group=engine-group consumer=engine-1 events_channel=engine_events
Redis connect error: Connection refused
[engine] shutting down...
[snapshot] loaded engine_state.json
[engine] started; consuming order_commands group=engine-group consumer=engine-1 events_channel=engine_events
[snapshot] saved to engine_state.json
[snapshot] saved to engine_state.json
[snapshot] saved to engine_state.json
[snapshot] saved to engine_state.json
[engine] shutting down...
[snapshot] loaded engine_state.json
[engine] started; consuming order_commands group=engine-group consumer=engine-1 events_channel=engine_events
[snapshot] saved to engine_state.json
[snapshot] saved to engine_state.json
[snapshot] saved to engine_state.json
[snapshot] saved to engine_state.json
[snapshot] saved to engine_state.json
[snapshot] saved to engine_state.json
[snapshot] saved to engine_state.json
[snapshot] saved to engine_state.json
[snapshot] saved to engine_state.json
[snapshot] saved to engine_state.json
[engine] shutting down...
[snapshot] loaded engine_state.json
[engine] started; consuming order_commands group=engine-group consumer=engine-1 events_channel=engine_events
[engine] loop iteration 10, running=1
[engine] loop iteration 20, running=1
[engine] loop iteration 30, running=1
[engine] loop iteration 40, running=1
[engine] signal received: 15
[engine] shutting down...
[snapshot] loaded engine_state.json
[engine] started; consuming order_commands group=engine-group consumer=engine-1 events_channel=engine_events
[engine] loop iteration 10, running=1
[engine] loop iteration 20, running=1
[engine] loop iteration 30, running=1
[engine] loop iteration 40, running=1
[engine] loop iteration 50, running=1
[engine] loop iteration 60, running=1
[engine] loop iteration 70, running=1
[engine] loop iteration 80, running=1
[engine] loop iteration 90, running=1
[engine] loop iteration 100, running=1
[engine] loop iteration 110, running=1
[engine] loop iteration 120, running=1
[engine] loop iteration 130, running=1
[engine] loop iteration 140, running=1
[engine] loop iteration 150, running=1
[engine] loop iteration 160, running=1
[engine] loop iteration 170, running=1
[engine] loop iteration 180, running=1
[engine] loop iteration 190, running=1
[engine] loop iteration 200, running=1
[engine] loop iteration 210, running=1
[engine] loop iteration 220, running=1
[engine] loop iteration 230, running=1
[engine] loop iteration 240, running=1
[engine] loop iteration 250, running=1
[engine] loop iteration 260, running=1
[engine] loop iteration 270, running=1
[engine] loop iteration 280, running=1
[engine] loop iteration 290, running=1
[engine] loop iteration 300, running=1
[engine] loop iteration 310, running=1
[engine] loop iteration 320, running=1
[engine] loop iteration 330, running=1
[engine] loop iteration 340, running=1
[engine] loop iteration 350, running=1
[engine] loop iteration 360, running=1
[engine] loop iteration 370, running=1
[engine] loop iteration 380, running=1
[engine] loop iteration 390, running=1
[engine] loop iteration 400, running=1
[engine] loop iteration 410, running=1
[engine] loop iteration 420, running=1
[engine] loop iteration 430, running=1
[engine] loop iteration 440, running=1
[engine] loop iteration 450, running=1
[engine] loop iteration 460, running=1
[engine] loop iteration 470, running=1
[engine] signal received: 15
Redis connect error: Connection refused
[engine] shutting down...
[snapshot] loaded engine_state.json
[engine] started; consuming order_commands group=engine-group consumer=engine-1 events_channel=engine_events
[engine] loop iteration 10, running=1
[engine] loop iteration 20, running=1
[engine] loop iteration 30, running=1
[engine] loop iteration 40, running=1
[engine] loop iteration 50, running=1
[engine] loop iteration 60, running=1
[engine] loop iteration 70, running=1
[engine] loop iteration 80, running=1
[engine] loop iteration 90, running=1
[engine] loop iteration 100, running=1
[engine] loop iteration 110, running=1
[engine] loop iteration 120, running=1
[engine] loop iteration 130, running=1
[engine] loop iteration 140, running=1
[engine] loop iteration 150, running=1
[engine] loop iteration 160, running=1
[engine] loop iteration 170, running=1
[engine] loop iteration 180, running=1
[engine] loop iteration 190, running=1
[engine] loop iteration 200, running=1
[engine] loop iteration 210, running=1
[engine] loop iteration 220, running=1
[engine] loop iteration 230, running=1
[engine] loop iteration 240, running=1
[engine] loop iteration 250, running=1
[engine] loop iteration 260, running=1
[engine] loop iteration 270, running=1
[engine] loop iteration 280, running=1
[engine] loop iteration 290, running=1
[engine] loop iteration 300, running=1
[engine] loop iteration 310, running=1
[engine] loop iteration 320, running=1
[engine] signal received: 2
[engine] signal received: 2
[engine] signal received: 15
Redis connect error: Connection refused
[engine] shutting down...
[snapshot] loaded engine_state.json
[engine] started; consuming order_commands group=engine-group consumer=engine-1 events_channel=engine_events
[engine] loop iteration 10, running=1
[engine] loop iteration 20, running=1
[engine] loop iteration 30, running=1
[engine] loop iteration 40, running=1
[engine] loop iteration 50, running=1
[engine] loop iteration 60, running=1
[engine] loop iteration 70, running=1
[engine] loop iteration 80, running=1
[engine] loop iteration 90, running=1
[engine] loop iteration 100, running=1
[engine] loop iteration 110, running=1
[engine] loop iteration 120, running=1
[engine] loop iteration 130, running=1
[engine] loop iteration 140, running=1
[engine] loop iteration 150, running=1
[engine] loop iteration 160, running=1
[engine] loop iteration 170, running=1
[engine] loop iteration 180, running=1
[engine] loop iteration 190, running=1
[engine] loop iteration 200, running=1
[engine] loop iteration 210, running=1
[engine] loop iteration 220, running=1
[engine] loop iteration 230, running=1
[engine] loop iteration 240, running=1
[engine] loop iteration 250, running=1
[engine] signal received: 2
[engine] signal received: 2
[engine] signal received: 15
Redis connect error: Connection refused
[engine] shutting down...
[snapshot] loaded engine_state.json
[engine] started; consuming order_commands group=engine-group consumer=engine-1 events_channel=engine_events
[engine] loop iteration 10, running=1
[engine] signal received: 2
[engine] shutting down...
[snapshot] loaded engine_state.json
[engine] started; consuming order_commands group=engine-group consumer=engine-1 events_channel=engine_events
[engine] loop iteration 10, running=1
[engine] loop iteration 20, running=1
[engine] loop iteration 30, running=1
[engine] loop iteration 40, running=1
[engine] loop iteration 50, running=1
[engine] loop iteration 60, running=1
[engine] loop iteration 70, running=1
[engine] loop iteration 80, running=1
[engine] loop iteration 90, running=1
[engine] loop iteration 100, running=1
[engine] loop iteration 110, running=1
[engine] loop iteration 120, running=1
[engine] loop iteration 130, running=1
[engine] loop iteration 140, running=1
[engine] loop iteration 150, running=1
[engine] loop iteration 160, running=1
[engine] loop iteration 170, running=1
[engine] loop iteration 180, running=1
[engine] loop iteration 190, running=1
[engine] loop iteration 200, running=1
[engine] loop iteration 210, running=1
[engine] loop iteration 220, running=1
[engine] loop iteration 230, running=1
[engine] loop iteration 240, running=1
[engine] loop iteration 250, running=1
[engine] loop iteration 260, running=1
[engine] loop iteration 270, running=1
[engine] loop iteration 280, running=1
[engine] loop iteration 290, running=1
[engine] loop iteration 300, running=1
[engine] loop iteration 310, running=1
[engine] loop iteration 320, running=1
[engine] loop iteration 330, running=1
[engine] loop iteration 340, running=1
[engine] loop iteration 350, running=1
[engine] loop iteration 360, running=1
[engine] loop iteration 370, running=1
[engine] loop iteration 380, running=1
[engine] loop iteration 390, running=1
[engine] loop iteration 400, running=1
[engine] loop iteration 410, running=1
[engine] loop iteration 420, running=1
[engine] loop iteration 430, running=1
[engine] loop iteration 440, running=1
[engine] loop iteration 450, running=1
[engine] loop iteration 460, running=1
[engine] loop iteration 470, running=1
[engine] loop iteration 480, running=1
[engine] loop iteration 490, running=1
[engine] loop iteration 500, running=1
[engine] loop iteration 510, running=1
[engine] loop iteration 520, running=1
[engine] loop iteration 530, running=1
[engine] loop iteration 540, running=1
[engine] loop iteration 550, running=1
[engine] loop iteration 560, running=1
[engine] loop iteration 570, running=1
[engine] loop iteration 580, running=1
[engine] loop iteration 590, running=1
[engine] loop iteration 600, running=1
[engine] loop iteration 610, running=1
[engine] loop iteration 620, running=1
[engine] loop iteration 630, running=1
[engine] loop iteration 640, running=1
[engine] loop iteration 650, running=1
[engine] loop iteration 660, running=1
[engine] loop iteration 670, running=1
[engine] loop iteration 680, running=1
[engine] loop iteration 690, running=1
[engine] loop iteration 700, running=1
[engine] loop iteration 710, running=1
[engine] loop iteration 720, running=1
[engine] loop iteration 730, running=1
[engine] loop iteration 740, running=1
[engine] signal received: 2
[engine] shutting down...
[snapshot] loaded engine_state.json
[engine] started; consuming order_commands group=engine-group consumer=engine-1 events_channel=engine_events
[engine] loop iteration 10, running=1
[engine] loop iteration 20, running=1
[engine] loop iteration 30, running=1
[engine] loop iteration 40, running=1
[engine] loop iteration 50, running=1
[engine] loop iteration 60, running=1
[engine] loop iteration 70, running=1
[engine] loop iteration 80, running=1
[engine] loop iteration 90, running=1
[engine] loop iteration 100, running=1
[engine] loop iteration 110, running=1
[engine] loop iteration 120, running=1
[engine] loop iteration 130, running=1
[engine] loop iteration 140, running=1
[engine] loop iteration 150, running=1
[engine] loop iteration 160, running=1
[engine] loop iteration 170, running=1
[engine] loop iteration 180, running=1
[engine] loop iteration 190, running=1
[engine] loop iteration 200, running=1
[engine] loop iteration 210, running=1
[engine] loop iteration 220, running=1
[engine] loop iteration 230, running=1
[engine] loop iteration 240, running=1
[engine] loop iteration 250, running=1
[engine] loop iteration 260, running=1
[engine] loop iteration 270, running=1
[engine] loop iteration 280, running=1
[engine] loop iteration 290, running=1
[engine] loop iteration 300, running=1
[engine] loop iteration 310, running=1
[engine] loop iteration 320, running=1
[engine] loop iteration 330, running=1
[engine] loop iteration 340, running=1
[engine] loop iteration 350, running=1
[engine] loop iteration 360, running=1
[engine] loop iteration 370, running=1
[engine] loop iteration 380, running=1
[engine] loop iteration 390, running=1
[engine] loop iteration 400, running=1
[engine] loop iteration 410, running=1
[engine] loop iteration 420, running=1
[engine] loop iteration 430, running=1
[engine] loop iteration 440, running=1
[engine] loop iteration 450, running=1
[engine] loop iteration 460, running=1
[engine] loop iteration 470, running=1
[engine] loop iteration 480, running=1
[engine] loop iteration 490, running=1
[engine] loop iteration 500, running=1
[engine] loop iteration 510, running=1
[engine] loop iteration 520, running=1
[engine] loop iteration 530, running=1
[engine] loop iteration 540, running=1
[engine] loop iteration 550, running=1
[engine] loop iteration 560, running=1
[engine] loop iteration 570, running=1
[engine] loop iteration 580, running=1
[engine] loop iteration 590, running=1
[engine] loop iteration 600, running=1
[engine] loop iteration 610, running=1
[engine] loop iteration 620, running=1
[engine] loop iteration 630, running=1
[engine] loop iteration 640, running=1
[engine] loop iteration 650, running=1
[engine] loop iteration 660, running=1
[engine] loop iteration 670, running=1
[engine] loop iteration 680, running=1
[engine] loop iteration 690, running=1
[engine] loop iteration 700, running=1
[engine] loop iteration 710, running=1
[engine] loop iteration 720, running=1
[engine] loop iteration 730, running=1
[engine] loop iteration 740, running=1
[engine] loop iteration 750, running=1
[engine] loop iteration 760, running=1
[engine] loop iteration 770, running=1
[engine] loop iteration 780, running=1
[engine] loop iteration 790, running=1
[engine] loop iteration 800, running=1
[engine] loop iteration 810, running=1
[engine] loop iteration 820, running=1
[engine] loop iteration 830, running=1
[engine] loop iteration 840, running=1
[engine] loop iteration 850, running=1
[engine] loop iteration 860, running=1
[engine] loop iteration 870, running=1
[engine] loop iteration 880, running=1
[engine] loop iteration 890, running=1
[engine] loop iteration 900, running=1
[engine] loop iteration 910, running=1
[engine] loop iteration 920, running=1
[engine] loop iteration 930, running=1
[engine] loop iteration 940, running=1
[engine] loop iteration 950, running=1
[engine] loop iteration 960, running=1
[engine] loop iteration 970, running=1
[engine] loop iteration 980, running=1
[engine] loop iteration 990, running=1
[engine] loop iteration 1000, running=1
[engine] loop iteration 1010, running=1
[engine] loop iteration 1020, running=1
[engine] loop iteration 1030, running=1
[engine] loop iteration 1040, running=1
[engine] loop iteration 1050, running=1
[engine] loop iteration 1060, running=1
[engine] loop iteration 1070, running=1
[engine] loop iteration 1080, running=1
[engine] loop iteration 1090, running=1
[engine] loop iteration 1100, running=1
[engine] loop iteration 1110, running=1
[engine] loop iteration 1120, running=1
[engine] loop iteration 1130, running=1
[engine] loop iteration 1140, running=1
[engine] loop iteration 1150, running=1
[engine] loop iteration 1160, running=1
[engine] loop iteration 1170, running=1
[engine] loop iteration 1180, running=1
[engine] loop iteration 1190, running=1
[engine] loop iteration 1200, running=1
[engine] loop iteration 1210, running=1
[engine] loop iteration 1220, running=1
[engine] loop iteration 1230, running=1
[engine] loop iteration 1240, running=1
[engine] loop iteration 1250, running=1
[engine] loop iteration 1260, running=1
[engine] loop iteration 1270, running=1
[engine] loop iteration 1280, running=1
[engine] loop iteration 1290, running=1
[engine] loop iteration 1300, running=1
[engine] loop iteration 1310, running=1
[engine] loop iteration 1320, running=1
[engine] loop iteration 1330, running=1
[engine] loop iteration 1340, running=1
[engine] loop iteration 1350, running=1
[engine] loop iteration 1360, running=1
[engine] loop iteration 1370, running=1
[engine] loop iteration 1380, running=1
[engine] loop iteration 1390, running=1
[engine] loop iteration 1400, running=1
[engine] loop iteration 1410, running=1
[engine] loop iteration 1420, running=1
[engine] loop iteration 1430, running=1
[engine] loop iteration 1440, running=1
[engine] loop iteration 1450, running=1
[engine] loop iteration 1460, running=1
[engine] loop iteration 1470, running=1
[engine] loop iteration 1480, running=1
[engine] loop iteration 1490, running=1
[engine] loop iteration 1500, running=1
[engine] loop iteration 1510, running=1
[engine] loop iteration 1520, running=1
[engine] loop iteration 1530, running=1
[engine] loop iteration 1540, running=1
[engine] loop iteration 1550, running=1
[engine] loop iteration 1560, running=1
[engine] loop iteration 1570, running=1
[engine] loop iteration 1580, running=1
[engine] loop iteration 1590, running=1
[engine] loop iteration 1600, running=1
[engine] loop iteration 1610, running=1
[engine] loop iteration 1620, running=1
[engine] loop iteration 1630, running=1
[engine] loop iteration 1640, running=1
[engine] loop iteration 1650, running=1
[engine] loop iteration 1660, running=1
[engine] loop iteration 1670, running=1
[engine] loop iteration 1680, running=1
[engine] loop iteration 1690, running=1
[engine] loop iteration 1700, running=1
[engine] loop iteration 1710, running=1
[engine] loop iteration 1720, running=1
[engine] loop iteration 1730, running=1
[engine] loop iteration 1740, running=1
[engine] loop iteration 1750, running=1
[engine] loop iteration 1760, running=1
[engine] loop iteration 1770, running=1
[engine] loop iteration 1780, running=1
[engine] loop iteration 1790, running=1
[engine] loop iteration 1800, running=1
[engine] loop iteration 1810, running=1
[engine] loop iteration 1820, running=1
[engine] loop iteration 1830, running=1
[engine] loop iteration 1840, running=1
[engine] loop iteration 1850, running=1
[engine] loop iteration 1860, running=1
[engine] loop iteration 1870, running=1
[engine] loop iteration 1880, running=1
[engine] loop iteration 1890, running=1
[engine] loop iteration 1900, running=1
[engine] loop iteration 1910, running=1
[engine] loop iteration 1920, running=1
[engine] loop iteration 1930, running=1
[engine] loop iteration 1940, running=1
[engine] loop iteration 1950, running=1
[engine] loop iteration 1960, running=1
[engine] loop iteration 1970, running=1
[engine] loop iteration 1980, running=1
[engine] loop iteration 1990, running=1
[engine] loop iteration 2000, running=1
[engine] loop iteration 2010, running=1
[engine] loop iteration 2020, running=1
[engine] loop iteration 2030, running=1
[engine] loop iteration 2040, running=1
[engine] loop iteration 2050, running=1
[engine] loop iteration 2060, running=1
[engine] loop iteration 2070, running=1
[engine] loop iteration 2080, running=1
[engine] loop iteration 2090, running=1
[engine] loop iteration 2100, running=1
[engine] loop iteration 2110, running=1
[engine] loop iteration 2120, running=1
[engine] loop iteration 2130, running=1
[engine] loop iteration 2140, running=1
[engine] loop iteration 2150, running=1
[engine] loop iteration 2160, running=1
[engine] loop iteration 2170, running=1
[engine] loop iteration 2180, running=1
[engine] loop iteration 2190, running=1
[engine] loop iteration 2200, running=1
[engine] loop iteration 2210, running=1
[engine] loop iteration 2220, running=1
[engine] loop iteration 2230, running=1
[engine] loop iteration 2240, running=1
[engine] loop iteration 2250, running=1
[engine] loop iteration 2260, running=1
[engine] loop iteration 2270, running=1
[engine] loop iteration 2280, running=1
[engine] loop iteration 2290, running=1
[engine] loop iteration 2300, running=1
[engine] loop iteration 2310, running=1
[engine] loop iteration 2320, running=1
[engine] loop iteration 2330, running=1
[engine] loop iteration 2340, running=1
[engine] loop iteration 2350, running=1
[engine] loop iteration 2360, running=1
[engine] loop iteration 2370, running=1
[engine] loop iteration 2380, running=1
[engine] loop iteration 2390, running=1
[engine] loop iteration 2400, running=1
[engine] loop iteration 2410, running=1
[engine] loop iteration 2420, running=1
[engine] loop iteration 2430, running=1
[engine] loop iteration 2440, running=1
[engine] loop iteration 2450, running=1
[engine] loop iteration 2460, running=1
[engine] loop iteration 2470, running=1
[engine] loop iteration 2480, running=1
[engine] loop iteration 2490, running=1
[engine] loop iteration 2500, running=1
[engine] loop iteration 2510, running=1
[engine] loop iteration 2520, running=1
[engine] loop iteration 2530, running=1
[engine] loop iteration 2540, running=1
[engine] loop iteration 2550, running=1
[engine] loop iteration 2560, running=1
[engine] loop iteration 2570, running=1
[engine] loop iteration 2580, running=1
[engine] loop iteration 2590, running=1
[engine] loop iteration 2600, running=1
[engine] loop iteration 2610, running=1
[engine] loop iteration 2620, running=1
[engine] loop iteration 2630, running=1
[engine] loop iteration 2640, running=1
[engine] loop iteration 2650, running=1
[engine] loop iteration 2660, running=1
[engine] loop iteration 2670, running=1
[engine] loop iteration 2680, running=1
[engine] loop iteration 2690, running=1
[engine] loop iteration 2700, running=1
[engine] loop iteration 2710, running=1
[engine] loop iteration 2720, running=1
[engine] loop iteration 2730, running=1
[engine] loop iteration 2740, running=1
[engine] loop iteration 2750, running=1
[engine] loop iteration 2760, running=1
[engine] loop iteration 2770, running=1
[engine] loop iteration 2780, running=1
[engine] loop iteration 2790, running=1
[engine] loop iteration 2800, running=1
[engine] loop iteration 2810, running=1
[engine] loop iteration 2820, running=1
[engine] loop iteration 2830, running=1
[engine] loop iteration 2840, running=1
[engine] loop iteration 2850, running=1
[engine] loop iteration 2860, running=1
[engine] loop iteration 2870, running=1
[engine] loop iteration 2880, running=1
[engine] loop iteration 2890, running=1
[engine] loop iteration 2900, running=1
[engine] loop iteration 2910, running=1
[engine] loop iteration 2920, running=1
[engine] loop iteration 2930, running=1
[engine] loop iteration 2940, running=1
[engine] loop iteration 2950, running=1
[engine] loop iteration 2960, running=1
[engine] loop iteration 2970, running=1
[engine] loop iteration 2980, running=1
[engine] loop iteration 2990, running=1
[engine] loop iteration 3000, running=1
[engine] loop iteration 3010, running=1
[engine] loop iteration 3020, running=1
[engine] loop iteration 3030, running=1
[engine] loop iteration 3040, running=1
[engine] loop iteration 3050, running=1
[engine] loop iteration 3060, running=1
[engine] loop iteration 3070, running=1
[engine] loop iteration 3080, running=1
[engine] loop iteration 3090, running=1
[engine] loop iteration 3100, running=1
[engine] loop iteration 3110, running=1
[engine] loop iteration 3120, running=1
[engine] loop iteration 3130, running=1
[engine] loop iteration 3140, running=1
[engine] loop iteration 3150, running=1
[engine] loop iteration 3160, running=1
[engine] loop iteration 3170, running=1
[engine] loop iteration 3180, running=1
[engine] loop iteration 3190, running=1
[engine] loop iteration 3200, running=1
[engine] loop iteration 3210, running=1
[engine] loop iteration 3220, running=1
[engine] loop iteration 3230, running=1
[engine] loop iteration 3240, running=1
[engine] loop iteration 3250, running=1
[engine] loop iteration 3260, running=1
[engine] loop iteration 3270, running=1
[engine] loop iteration 3280, running=1
[engine] loop iteration 3290, running=1
[engine] loop iteration 3300, running=1
[engine] loop iteration 3310, running=1
[engine] loop iteration 3320, running=1
[engine] loop iteration 3330, running=1
[engine] loop iteration 3340, running=1
[engine] loop iteration 3350, running=1
[engine] loop iteration 3360, running=1
[engine] loop iteration 3370, running=1
[engine] loop iteration 3380, running=1
[engine] loop iteration 3390, running=1
[engine] loop iteration 3400, running=1
[engine] loop iteration 3410, running=1
[engine] loop iteration 3420, running=1
[engine] loop iteration 3430, running=1
[engine] loop iteration 3440, running=1
[engine] loop iteration 3450, running=1
[engine] loop iteration 3460, running=1
[engine] loop iteration 3470, running=1
[engine] loop iteration 3480, running=1
[engine] loop iteration 3490, running=1
[engine] loop iteration 3500, running=1
[engine] loop iteration 3510, running=1
[engine] loop iteration 3520, running=1
[engine] loop iteration 3530, running=1
[engine] loop iteration 3540, running=1
[engine] loop iteration 3550, running=1
[engine] loop iteration 3560, running=1
[engine] loop iteration 3570, running=1
[engine] loop iteration 3580, running=1
[engine] loop iteration 3590, running=1
[engine] loop iteration 3600, running=1
[engine] loop iteration 3610, running=1
[engine] loop iteration 3620, running=1
[engine] loop iteration 3630, running=1
[engine] loop iteration 3640, running=1
[engine] loop iteration 3650, running=1
[engine] loop iteration 3660, running=1
[engine] loop iteration 3670, running=1
[engine] loop iteration 3680, running=1
[engine] loop iteration 3690, running=1
[engine] loop iteration 3700, running=1
[engine] loop iteration 3710, running=1
[engine] loop iteration 3720, running=1
[engine] loop iteration 3730, running=1
[engine] loop iteration 3740, running=1
[engine] loop iteration 3750, running=1
[engine] loop iteration 3760, running=1
[engine] loop iteration 3770, running=1
[engine] loop iteration 3780, running=1
[engine] loop iteration 3790, running=1
[engine] loop iteration 3800, running=1
[engine] loop iteration 3810, running=1
[engine] loop iteration 3820, running=1
[engine] loop iteration 3830, running=1
[engine] loop iteration 3840, running=1
[engine] loop iteration 3850, running=1
[engine] loop iteration 3860, running=1
[engine] loop iteration 3870, running=1
[engine] loop iteration 3880, running=1
[engine] loop iteration 3890, running=1
[engine] loop iteration 3900, running=1
[engine] loop iteration 3910, running=1
[engine] loop iteration 3920, running=1
[engine] loop iteration 3930, running=1
[engine] loop iteration 3940, running=1
[engine] loop iteration 3950, running=1
[engine] loop iteration 3960, running=1
[engine] loop iteration 3970, running=1
[engine] loop iteration 3980, running=1
[engine] loop iteration 3990, running=1
[engine] loop iteration 4000, running=1
[engine] loop iteration 4010, running=1
[engine] loop iteration 4020, running=1
[engine] loop iteration 4030, running=1
[engine] loop iteration 4040, running=1
[engine] loop iteration 4050, running=1
[engine] loop iteration 4060, running=1
[engine] loop iteration 4070, running=1
[engine] loop iteration 4080, running=1
[engine] loop iteration 4090, running=1
[engine] loop iteration 4100, running=1
[engine] loop iteration 4110, running=1
[engine] loop iteration 4120, running=1
[engine] loop iteration 4130, running=1
[engine] loop iteration 4140, running=1
[engine] loop iteration 4150, running=1
[engine] loop iteration 4160, running=1
[engine] loop iteration 4170, running=1
[engine] loop iteration 4180, running=1
[engine] loop iteration 4190, running=1
[engine] loop iteration 4200, running=1
[engine] loop iteration 4210, running=1
[engine] loop iteration 4220, running=1
[engine] loop iteration 4230, running=1
[engine] loop iteration 4240, running=1
[engine] loop iteration 4250, running=1
[engine] loop iteration 4260, running=1
[engine] loop iteration 4270, running=1
[engine] loop iteration 4280, running=1
[engine] loop iteration 4290, running=1
[engine] loop iteration 4300, running=1
[engine] loop iteration 4310, running=1
[engine] loop iteration 4320, running=1
[engine] loop iteration 4330, running=1
[engine] loop iteration 4340, running=1
[engine] loop iteration 4350, running=1
[engine] loop iteration 4360, running=1
[engine] loop iteration 4370, running=1
[engine] loop iteration 4380, running=1
[engine] loop iteration 4390, running=1
[engine] loop iteration 4400, running=1
[engine] loop iteration 4410, running=1
[engine] loop iteration 4420, running=1
[engine] loop iteration 4430, running=1
[engine] loop iteration 4440, running=1
[engine] loop iteration 4450, running=1
[engine] loop iteration 4460, running=1
[engine] loop iteration 4470, running=1
[engine] loop iteration 4480, running=1
[engine] loop iteration 4490, running=1
[engine] loop iteration 4500, running=1
[engine] loop iteration 4510, running=1
[engine] loop iteration 4520, running=1
[engine] loop iteration 4530, running=1
[engine] loop iteration 4540, running=1
[engine] loop iteration 4550, running=1
[engine] loop iteration 4560, running=1
[engine] loop iteration 4570, running=1
[engine] loop iteration 4580, running=1
[engine] loop iteration 4590, running=1
[engine] loop iteration 4600, running=1
[engine] loop iteration 4610, running=1
[engine] loop iteration 4620, running=1
[engine] loop iteration 4630, running=1
[engine] loop iteration 4640, running=1
[engine] loop iteration 4650, running=1
[engine] loop iteration 4660, running=1
[engine] loop iteration 4670, running=1
[engine] loop iteration 4680, running=1
[engine] loop iteration 4690, running=1
[engine] loop iteration 4700, running=1
[engine] loop iteration 4710, running=1
[engine] loop iteration 4720, running=1
[engine] loop iteration 4730, running=1
[engine] loop iteration 4740, running=1
[engine] loop iteration 4750, running=1
[engine] loop iteration 4760, running=1
[engine] loop iteration 4770, running=1
[engine] loop iteration 4780, running=1
[engine] loop iteration 4790, running=1
[engine] loop iteration 4800, running=1
[engine] loop iteration 4810, running=1
[engine] loop iteration 4820, running=1
[engine] loop iteration 4830, running=1
[engine] loop iteration 4840, running=1
[engine] loop iteration 4850, running=1
[engine] loop iteration 4860, running=1
[engine] loop iteration 4870, running=1
[engine] loop iteration 4880, running=1
[engine] loop iteration 4890, running=1
[engine] loop iteration 4900, running=1
[engine] loop iteration 4910, running=1
[engine] loop iteration 4920, running=1
[engine] loop iteration 4930, running=1
[engine] loop iteration 4940, running=1
[engine] loop iteration 4950, running=1
[engine] loop iteration 4960, running=1
[engine] loop iteration 4970, running=1
[engine] loop iteration 4980, running=1
[engine] loop iteration 4990, running=1
[engine] loop iteration 5000, running=1
[engine] loop iteration 5010, running=1
[engine] loop iteration 5020, running=1
[engine] loop iteration 5030, running=1
[engine] loop iteration 5040, running=1
[engine] loop iteration 5050, running=1
[engine] loop iteration 5060, running=1
[engine] loop iteration 5070, running=1
[engine] loop iteration 5080, running=1
[engine] loop iteration 5090, running=1
[engine] loop iteration 5100, running=1
[engine] loop iteration 5110, running=1
[engine] loop iteration 5120, running=1
[engine] loop iteration 5130, running=1
[engine] loop iteration 5140, running=1
[engine] loop iteration 5150, running=1
[engine] loop iteration 5160, running=1
[engine] loop iteration 5170, running=1
[engine] loop iteration 5180, running=1
[engine] loop iteration 5190, running=1
[engine] loop iteration 5200, running=1
[engine] loop iteration 5210, running=1
[engine] loop iteration 5220, running=1
[engine] loop iteration 5230, running=1
[engine] loop iteration 5240, running=1
[engine] loop iteration 5250, running=1
[engine] loop iteration 5260, running=1
[engine] loop iteration 5270, running=1
[engine] loop iteration 5280, running=1
[engine] loop iteration 5290, running=1
[engine] loop iteration 5300, running=1
[engine] loop iteration 5310, running=1
[engine] loop iteration 5320, running=1
[engine] loop iteration 5330, running=1
[engine] loop iteration 5340, running=1
[engine] loop iteration 5350, running=1
[engine] loop iteration 5360, running=1
[engine] loop iteration 5370, running=1
[engine] loop iteration 5380, running=1
[engine] loop iteration 5390, running=1
[engine] loop iteration 5400, running=1
[engine] loop iteration 5410, running=1
[engine] loop iteration 5420, running=1
[engine] loop iteration 5430, running=1
[engine] loop iteration 5440, running=1
[engine] loop iteration 5450, running=1
[engine] loop iteration 5460, running=1
[engine] loop iteration 5470, running=1
[engine] loop iteration 5480, running=1
[engine] loop iteration 5490, running=1
[engine] loop iteration 5500, running=1
[engine] loop iteration 5510, running=1
[engine] loop iteration 5520, running=1
[engine] loop iteration 5530, running=1
[engine] loop iteration 5540, running=1
[engine] loop iteration 5550, running=1
[engine] loop iteration 5560, running=1
[engine] loop iteration 5570, running=1
[engine] loop iteration 5580, running=1
[engine] loop iteration 5590, running=1
[engine] loop iteration 5600, running=1
[engine] loop iteration 5610, running=1
[engine] loop iteration 5620, running=1
[engine] loop iteration 5630, running=1
[engine] loop iteration 5640, running=1
[engine] loop iteration 5650, running=1
[engine] loop iteration 5660, running=1
[engine] loop iteration 5670, running=1
[engine] loop iteration 5680, running=1
[engine] loop iteration 5690, running=1
[engine] loop iteration 5700, running=1
[engine] loop iteration 5710, running=1
[engine] loop iteration 5720, running=1
[engine] loop iteration 5730, running=1
[engine] loop iteration 5740, running=1
[engine] loop iteration 5750, running=1
[engine] loop iteration 5760, running=1
[engine] loop iteration 5770, running=1
[engine] loop iteration 5780, running=1
[engine] loop iteration 5790, running=1
[engine] loop iteration 5800, running=1
[engine] loop iteration 5810, running=1
[engine] loop iteration 5820, running=1
[engine] loop iteration 5830, running=1
[engine] loop iteration 5840, running=1
[engine] loop iteration 5850, running=1
[engine] loop iteration 5860, running=1
[engine] loop iteration 5870, running=1
[engine] loop iteration 5880, running=1
[engine] loop iteration 5890, running=1
[engine] loop iteration 5900, running=1
[engine] loop iteration 5910, running=1
[engine] loop iteration 5920, running=1
[engine] loop iteration 5930, running=1
[engine] loop iteration 5940, running=1
[engine] loop iteration 5950, running=1
[engine] loop iteration 5960, running=1
[engine] loop iteration 5970, running=1
[engine] loop iteration 5980, running=1
[engine] loop iteration 5990, running=1
[engine] loop iteration 6000, running=1
[engine] loop iteration 6010, running=1
[engine] loop iteration 6020, running=1
[engine] loop iteration 6030, running=1
[engine] loop iteration 6040, running=1
[engine] loop iteration 6050, running=1
[engine] loop iteration 6060, running=1
[engine] loop iteration 6070, running=1
[engine] loop iteration 6080, running=1
[engine] loop iteration 6090, running=1
[engine] loop iteration 6100, running=1
[engine] loop iteration 6110, running=1
[engine] loop iteration 6120, running=1
[engine] loop iteration 6130, running=1
[engine] loop iteration 6140, running=1
[engine] loop iteration 6150, running=1
[engine] loop iteration 6160, running=1
[engine] loop iteration 6170, running=1
[engine] loop iteration 6180, running=1
[engine] loop iteration 6190, running=1
[engine] loop iteration 6200, running=1
[engine] loop iteration 6210, running=1
[engine] loop iteration 6220, running=1
[engine] loop iteration 6230, running=1
[engine] loop iteration 6240, running=1
[engine] loop iteration 6250, running=1
[engine] loop iteration 6260, running=1
[engine] loop iteration 6270, running=1
[engine] loop iteration 6280, running=1
[engine] loop iteration 6290, running=1
[engine] loop iteration 6300, running=1
[engine] loop iteration 6310, running=1
[engine] loop iteration 6320, running=1
[engine] loop iteration 6330, running=1
[engine] loop iteration 6340, running=1
[engine] loop iteration 6350, running=1
[engine] loop iteration 6360, running=1
[engine] loop iteration 6370, running=1
[engine] loop iteration 6380, running=1
[engine] loop iteration 6390, running=1
[engine] loop iteration 6400, running=1
[engine] loop iteration 6410, running=1
[engine] loop iteration 6420, running=1
[engine] loop iteration 6430, running=1
[engine] loop iteration 6440, running=1
[engine] loop iteration 6450, running=1
[engine] loop iteration 6460, running=1
[engine] loop iteration 6470, running=1
[engine] loop iteration 6480, running=1
[engine] loop iteration 6490, running=1
[engine] loop iteration 6500, running=1
[engine] loop iteration 6510, running=1
[engine] loop iteration 6520, running=1
[engine] loop iteration 6530, running=1
[engine] loop iteration 6540, running=1
[engine] loop iteration 6550, running=1
[engine] loop iteration 6560, running=1
[engine] loop iteration 6570, running=1
[engine] loop iteration 6580, running=1
[engine] loop iteration 6590, running=1
[engine] loop iteration 6600, running=1
[engine] loop iteration 6610, running=1
[engine] loop iteration 6620, running=1
[engine] loop iteration 6630, running=1
[engine] loop iteration 6640, running=1
[engine] loop iteration 6650, running=1
[engine] loop iteration 6660, running=1
[engine] loop iteration 6670, running=1
[engine] loop iteration 6680, running=1
[engine] loop iteration 6690, running=1
[engine] loop iteration 6700, running=1
[engine] loop iteration 6710, running=1
[engine] loop iteration 6720, running=1
[engine] loop iteration 6730, running=1
[engine] loop iteration 6740, running=1
[engine] loop iteration 6750, running=1
[engine] loop iteration 6760, running=1
[engine] loop iteration 6770, running=1
[engine] loop iteration 6780, running=1
[engine] loop iteration 6790, running=1
[engine] loop iteration 6800, running=1
[engine] loop iteration 6810, running=1
[engine] loop iteration 6820, running=1
[engine] loop iteration 6830, running=1
[engine] loop iteration 6840, running=1
[engine] loop iteration 6850, running=1
[engine] loop iteration 6860, running=1
[engine] loop iteration 6870, running=1
[engine] loop iteration 6880, running=1
[engine] loop iteration 6890, running=1
[engine] loop iteration 6900, running=1
[engine] loop iteration 6910, running=1
[engine] loop iteration 6920, running=1
[engine] loop iteration 6930, running=1
[engine] loop iteration 6940, running=1
[engine] loop iteration 6950, running=1
[engine] loop iteration 6960, running=1
[engine] loop iteration 6970, running=1
[engine] loop iteration 6980, running=1
[engine] loop iteration 6990, running=1
[engine] loop iteration 7000, running=1
[engine] loop iteration 7010, running=1
[engine] loop iteration 7020, running=1
[engine] loop iteration 7030, running=1
[engine] loop iteration 7040, running=1
[engine] loop iteration 7050, running=1
[engine] loop iteration 7060, running=1
[engine] loop iteration 7070, running=1
[engine] loop iteration 7080, running=1
[engine] loop iteration 7090, running=1
[engine] loop iteration 7100, running=1
[engine] loop iteration 7110, running=1
[engine] loop iteration 7120, running=1
[engine] loop iteration 7130, running=1
[engine] loop iteration 7140, running=1
[engine] loop iteration 7150, running=1
[engine] loop iteration 7160, running=1
[engine] loop iteration 7170, running=1
[engine] loop iteration 7180, running=1
[engine] loop iteration 7190, running=1
[engine] loop iteration 7200, running=1
[engine] loop iteration 7210, running=1
[engine] loop iteration 7220, running=1
[engine] loop iteration 7230, running=1
[engine] loop iteration 7240, running=1
[engine] loop iteration 7250, running=1
[engine] loop iteration 7260, running=1
[engine] loop iteration 7270, running=1
[engine] loop iteration 7280, running=1
[engine] loop iteration 7290, running=1
[engine] signal received: 15
Redis connect error: Connection refused
[engine] shutting down...
[snapshot] loaded engine_state.json
[engine] started; consuming order_commands group=engine-group consumer=engine-1 events_channel=engine_events
[engine] loop iteration 10, running=1
[engine] loop iteration 20, running=1
[engine] loop iteration 30, running=1
[engine] loop iteration 40, running=1
[engine] loop iteration 50, running=1
[engine] loop iteration 60, running=1
[engine] loop iteration 70, running=1
[engine] loop iteration 80, running=1
[engine] loop iteration 90, running=1
[engine] loop iteration 100, running=1
[engine] loop iteration 110, running=1
[engine] loop iteration 120, running=1
[engine] loop iteration 130, running=1
[engine] loop iteration 140, running=1
[engine] loop iteration 150, running=1
[engine] loop iteration 160, running=1
[engine] loop iteration 170, running=1
[engine] loop iteration 180, running=1
[engine] loop iteration 190, running=1
[engine] loop iteration 200, running=1
[engine] loop iteration 210, running=1
[engine] loop iteration 220, running=1
[engine] loop iteration 230, running=1
[engine] loop iteration 240, running=1
[engine] loop iteration 250, running=1
[engine] loop iteration 260, running=1
[engine] loop iteration 270, running=1
[engine] loop iteration 280, running=1
[engine] loop iteration 290, running=1
[engine] loop iteration 300, running=1
[engine] loop iteration 310, running=1
[engine] loop iteration 320, running=1
[engine] loop iteration 330, running=1
[engine] loop iteration 340, running=1
[engine] loop iteration 350, running=1
[engine] loop iteration 360, running=1
[engine] loop iteration 370, running=1
[engine] loop iteration 380, running=1
[engine] loop iteration 390, running=1
[engine] loop iteration 400, running=1
[engine] loop iteration 410, running=1
[engine] loop iteration 420, running=1
[engine] loop iteration 430, running=1
[engine] loop iteration 440, running=1
[engine] loop iteration 450, running=1
[engine] loop iteration 460, running=1
[engine] loop iteration 470, running=1
[engine] loop iteration 480, running=1
[engine] loop iteration 490, running=1
[engine] loop iteration 500, running=1
[engine] loop iteration 510, running=1
[engine] loop iteration 520, running=1
[engine] loop iteration 530, running=1
[engine] loop iteration 540, running=1
[engine] loop iteration 550, running=1
[engine] loop iteration 560, running=1
[engine] loop iteration 570, running=1
[engine] loop iteration 580, running=1
[engine] loop iteration 590, running=1
[engine] loop iteration 600, running=1
[engine] loop iteration 610, running=1
[engine] loop iteration 620, running=1
[engine] loop iteration 630, running=1
[engine] loop iteration 640, running=1
[engine] loop iteration 650, running=1
[engine] loop iteration 660, running=1
[engine] loop iteration 670, running=1
[engine] loop iteration 680, running=1
[engine] loop iteration 690, running=1
[engine] loop iteration 700, running=1
[engine] loop iteration 710, running=1
[engine] loop iteration 720, running=1
[engine] loop iteration 730, running=1
[engine] loop iteration 740, running=1
[engine] loop iteration 750, running=1
[engine] loop iteration 760, running=1
[engine] loop iteration 770, running=1
[engine] loop iteration 780, running=1
[engine] loop iteration 790, running=1
[engine] loop iteration 800, running=1
[engine] loop iteration 810, running=1
[engine] loop iteration 820, running=1
[engine] loop iteration 830, running=1
[engine] loop iteration 840, running=1
[engine] loop iteration 850, running=1
[engine] loop iteration 860, running=1
[engine] loop iteration 870, running=1
[engine] loop iteration 880, running=1
[engine] loop iteration 890, running=1
[engine] loop iteration 900, running=1
[engine] loop iteration 910, running=1
[engine] loop iteration 920, running=1
[engine] loop iteration 930, running=1
[engine] loop iteration 940, running=1
[engine] loop iteration 950, running=1
[engine] loop iteration 960, running=1
[engine] loop iteration 970, running=1
[engine] loop iteration 980, running=1
[engine] loop iteration 990, running=1
[engine] loop iteration 1000, running=1
[engine] loop iteration 1010, running=1
[engine] loop iteration 1020, running=1
[engine] loop iteration 1030, running=1
[engine] loop iteration 1040, running=1
[engine] loop iteration 1050, running=1
[engine] loop iteration 1060, running=1
[engine] loop iteration 1070, running=1
[engine] loop iteration 1080, running=1
[engine] loop iteration 1090, running=1
[engine] loop iteration 1100, running=1
[engine] loop iteration 1110, running=1
[engine] loop iteration 1120, running=1
[engine] loop iteration 1130, running=1
[engine] loop iteration 1140, running=1
[engine] loop iteration 1150, running=1
[snapshot] loaded engine_state.json
[engine] started; consuming order_commands group=engine-group consumer=engine-1 events_channel=engine_events
[engine] loop iteration 10, running=1
[engine] loop iteration 20, running=1
[engine] loop iteration 30, running=1
[engine] loop iteration 40, running=1
[engine] loop iteration 50, running=1
[engine] loop iteration 60, running=1
[engine] loop iteration 70, running=1
[engine] loop iteration 80, running=1
[engine] loop iteration 90, running=1
[engine] loop iteration 100, running=1
[engine] loop iteration 110, running=1
[engine] loop iteration 120, running=1
[engine] loop iteration 130, running=1
[engine] loop iteration 140, running=1
[engine] loop iteration 150, running=1
[engine] loop iteration 160, running=1
[engine] loop iteration 170, running=1
[engine] loop iteration 180, running=1
[engine] loop iteration 190, running=1
[engine] loop iteration 200, running=1
[engine] loop iteration 210, running=1
[engine] loop iteration 220, running=1
[engine] loop iteration 230, running=1
[engine] loop iteration 240, running=1
[engine] loop iteration 250, running=1
[engine] loop iteration 260, running=1
[engine] loop iteration 270, running=1
[engine] loop iteration 280, running=1
[engine] loop iteration 290, running=1
[engine] loop iteration 300, running=1
[engine] loop iteration 310, running=1
[engine] loop iteration 320, running=1
[engine] loop iteration 330, running=1
[engine] loop iteration 340, running=1
[engine] loop iteration 350, running=1
[engine] loop iteration 360, running=1
[engine] loop iteration 370, running=1
[engine] loop iteration 380, running=1
[engine] loop iteration 390, running=1
[engine] loop iteration 400, running=1
[engine] loop iteration 410, running=1
[engine] loop iteration 420, running=1
[engine] loop iteration 430, running=1
[engine] loop iteration 440, running=1
[engine] loop iteration 450, running=1
[engine] loop iteration 460, running=1
[engine] loop iteration 470, running=1
[engine] loop iteration 480, running=1
[engine] loop iteration 490, running=1
[engine] loop iteration 500, running=1
[engine] loop iteration 510, running=1
[engine] loop iteration 520, running=1
[engine] loop iteration 530, running=1
[engine] loop iteration 540, running=1
[engine] loop iteration 550, running=1
[engine] loop iteration 560, running=1
[engine] loop iteration 570, running=1
[engine] loop iteration 580, running=1
[engine] loop iteration 590, running=1
[engine] loop iteration 600, running=1
[engine] loop iteration 610, running=1
[engine] loop iteration 620, running=1
[engine] loop iteration 630, running=1
[engine] loop iteration 640, running=1
[engine] loop iteration 650, running=1
[engine] loop iteration 660, running=1
[engine] loop iteration 670, running=1
[engine] loop iteration 680, running=1
[engine] loop iteration 690, running=1
[engine] loop iteration 700, running=1
[engine] loop iteration 710, running=1
[engine] loop iteration 720, running=1
[engine] loop iteration 730, running=1
[engine] loop iteration 740, running=1
[engine] loop iteration 750, running=1
[engine] loop iteration 760, running=1
[engine] loop iteration 770, running=1
[engine] loop iteration 780, running=1
[engine] loop iteration 790, running=1
[engine] loop iteration 800, running=1
[engine] loop iteration 810, running=1
[engine] loop iteration 820, running=1
[engine] loop iteration 830, running=1
[engine] loop iteration 840, running=1
[engine] loop iteration 850, running=1
[engine] loop iteration 860, running=1
[engine] loop iteration 870, running=1
[engine] loop iteration 880, running=1
[engine] loop iteration 890, running=1
[engine] loop iteration 900, running=1
[engine] loop iteration 910, running=1
[engine] loop iteration 920, running=1
[engine] loop iteration 930, running=1
[engine] loop iteration 940, running=1
[engine] loop iteration 950, running=1
[engine] loop iteration 960, running=1
[engine] loop iteration 970, running=1
[engine] loop iteration 980, running=1
[engine] loop iteration 990, running=1
[engine] loop iteration 1000, running=1
[engine] loop iteration 1010, running=1
[engine] loop iteration 1020, running=1
[engine] loop iteration 1030, running=1
[engine] loop iteration 1040, running=1
[engine] loop iteration 1050, running=1
[engine] loop iteration 1060, running=1
[engine] loop iteration 1070, running=1
[engine] loop iteration 1080, running=1
[engine] loop iteration 1090, running=1
[engine] loop iteration 1100, running=1
[engine] loop iteration 1110, running=1
[engine] loop iteration 1120, running=1
[engine] loop iteration 1130, running=1
[engine] loop iteration 1140, running=1
[engine] loop iteration 1150, running=1
[engine] loop iteration 1160, running=1
[engine] loop iteration 1170, running=1
[engine] loop iteration 1180, running=1
[engine] loop iteration 1190, running=1
[engine] loop iteration 1200, running=1
[engine] loop iteration 1210, running=1
[engine] loop iteration 1220, running=1
[engine] loop iteration 1230, running=1
[engine] loop iteration 1240, running=1
[engine] loop iteration 1250, running=1
[engine] loop iteration 1260, running=1
[engine] loop iteration 1270, running=1
[engine] loop iteration 1280, running=1
[engine] loop iteration 1290, running=1
[engine] loop iteration 1300, running=1
[engine] loop iteration 1310, running=1
[engine] loop iteration 1320, running=1
[engine] loop iteration 1330, running=1
[engine] loop iteration 1340, running=1
[engine] loop iteration 1350, running=1
[engine] loop iteration 1360, running=1
[engine] loop iteration 1370, running=1
[engine] loop iteration 1380, running=1
[engine] loop iteration 1390, running=1
[engine] loop iteration 1400, running=1
[engine] loop iteration 1410, running=1
[engine] loop iteration 1420, running=1
[engine] loop iteration 1430, running=1
[engine] loop iteration 1440, running=1
[engine] loop iteration 1450, running=1
[engine] loop iteration 1460, running=1
[engine] loop iteration 1470, running=1
[engine] loop iteration 1480, running=1
[engine] loop iteration 1490, running=1
[engine] loop iteration 1500, running=1
[engine] loop iteration 1510, running=1
[engine] loop iteration 1520, running=1
[engine] loop iteration 1530, running=1
[engine] loop iteration 1540, running=1
[engine] loop iteration 1550, running=1
[engine] loop iteration 1560, running=1
[engine] loop iteration 1570, running=1
[engine] loop iteration 1580, running=1
[engine] loop iteration 1590, running=1
[engine] loop iteration 1600, running=1
[engine] loop iteration 1610, running=1
[engine] loop iteration 1620, running=1
[engine] loop iteration 1630, running=1
[engine] loop iteration 1640, running=1
[engine] loop iteration 1650, running=1
[engine] loop iteration 1660, running=1
[engine] loop iteration 1670, running=1
[engine] loop iteration 1680, running=1
[engine] loop iteration 1690, running=1
[engine] loop iteration 1700, running=1
[engine] loop iteration 1710, running=1
[engine] loop iteration 1720, running=1
[engine] loop iteration 1730, running=1
[engine] loop iteration 1740, running=1
[engine] loop iteration 1750, running=1
[engine] loop iteration 1760, running=1
[engine] loop iteration 1770, running=1
[engine] loop iteration 1780, running=1
[engine] loop iteration 1790, running=1
[engine] loop iteration 1800, running=1
[engine] loop iteration 1810, running=1
[engine] loop iteration 1820, running=1
[engine] loop iteration 1830, running=1
[engine] loop iteration 1840, running=1
[engine] loop iteration 1850, running=1
[engine] loop iteration 1860, running=1
[engine] loop iteration 1870, running=1
[engine] loop iteration 1880, running=1
[engine] loop iteration 1890, running=1
[engine] loop iteration 1900, running=1
[engine] loop iteration 1910, running=1
[engine] loop iteration 1920, running=1
[engine] loop iteration 1930, running=1
[engine] loop iteration 1940, running=1
[engine] loop iteration 1950, running=1
[engine] loop iteration 1960, running=1
[engine] loop iteration 1970, running=1
[engine] loop iteration 1980, running=1
[engine] loop iteration 1990, running=1
[engine] loop iteration 2000, running=1
[engine] loop iteration 2010, running=1
[engine] loop iteration 2020, running=1
[engine] loop iteration 2030, running=1
[engine] loop iteration 2040, running=1
[engine] loop iteration 2050, running=1
[engine] loop iteration 2060, running=1
[engine] loop iteration 2070, running=1
[engine] loop iteration 2080, running=1
[engine] loop iteration 2090, running=1
[engine] loop iteration 2100, running=1
[engine] loop iteration 2110, running=1
[engine] loop iteration 2120, running=1
[engine] loop iteration 2130, running=1
[engine] loop iteration 2140, running=1
[engine] loop iteration 2150, running=1
[engine] loop iteration 2160, running=1
[engine] loop iteration 2170, running=1
[engine] loop iteration 2180, running=1
[engine] loop iteration 2190, running=1
[engine] loop iteration 2200, running=1
[engine] loop iteration 2210, running=1
[engine] loop iteration 2220, running=1
[engine] loop iteration 2230, running=1
[engine] loop iteration 2240, running=1
[engine] loop iteration 2250, running=1
[engine] loop iteration 2260, running=1
[engine] loop iteration 2270, running=1
[engine] loop iteration 2280, running=1
[engine] loop iteration 2290, running=1
[engine] loop iteration 2300, running=1
[engine] loop iteration 2310, running=1
[engine] loop iteration 2320, running=1
[engine] loop iteration 2330, running=1
[engine] loop iteration 2340, running=1
[engine] loop iteration 2350, running=1
[engine] loop iteration 2360, running=1
[engine] loop iteration 2370, running=1
[engine] loop iteration 2380, running=1
[engine] loop iteration 2390, running=1
[engine] loop iteration 2400, running=1
[engine] loop iteration 2410, running=1
[engine] loop iteration 2420, running=1
[engine] loop iteration 2430, running=1
[engine] loop iteration 2440, running=1
[engine] loop iteration 2450, running=1
[engine] loop iteration 2460, running=1
[engine] loop iteration 2470, running=1
[engine] loop iteration 2480, running=1
[engine] loop iteration 2490, running=1
[engine] loop iteration 2500, running=1
[engine] loop iteration 2510, running=1
[engine] loop iteration 2520, running=1
[engine] loop iteration 2530, running=1
[engine] loop iteration 2540, running=1
[engine] loop iteration 2550, running=1
[engine] loop iteration 2560, running=1
[engine] loop iteration 2570, running=1
[engine] loop iteration 2580, running=1
[engine] loop iteration 2590, running=1
[engine] loop iteration 2600, running=1
[engine] loop iteration 2610, running=1
[engine] loop iteration 2620, running=1
[engine] loop iteration 2630, running=1
[engine] loop iteration 2640, running=1
[engine] loop iteration 2650, running=1
[engine] loop iteration 2660, running=1
[engine] loop iteration 2670, running=1
[engine] loop iteration 2680, running=1
[engine] loop iteration 2690, running=1
[engine] loop iteration 2700, running=1
[engine] loop iteration 2710, running=1
[engine] loop iteration 2720, running=1
[engine] loop iteration 2730, running=1
[engine] loop iteration 2740, running=1
[engine] loop iteration 2750, running=1
[engine] loop iteration 2760, running=1
[engine] loop iteration 2770, running=1
[engine] loop iteration 2780, running=1
[engine] loop iteration 2790, running=1
[engine] loop iteration 2800, running=1
[engine] loop iteration 2810, running=1
[engine] loop iteration 2820, running=1
[engine] loop iteration 2830, running=1
[engine] loop iteration 2840, running=1
[engine] loop iteration 2850, running=1
[engine] loop iteration 2860, running=1
[engine] loop iteration 2870, running=1
[engine] loop iteration 2880, running=1
[engine] loop iteration 2890, running=1
[engine] loop iteration 2900, running=1
[engine] loop iteration 2910, running=1
[engine] loop iteration 2920, running=1
[engine] loop iteration 2930, running=1
[engine] loop iteration 2940, running=1
[engine] loop iteration 2950, running=1
[engine] loop iteration 2960, running=1
[engine] loop iteration 2970, running=1
[engine] loop iteration 2980, running=1
[engine] loop iteration 2990, running=1
[engine] loop iteration 3000, running=1
[engine] loop iteration 3010, running=1
[engine] loop iteration 3020, running=1
[engine] loop iteration 3030, running=1
[engine] loop iteration 3040, running=1
[engine] loop iteration 3050, running=1
[engine] loop iteration 3060, running=1
[engine] loop iteration 3070, running=1
[engine] loop iteration 3080, running=1
[engine] loop iteration 3090, running=1
[engine] loop iteration 3100, running=1
[engine] loop iteration 3110, running=1
[engine] loop iteration 3120, running=1
[engine] loop iteration 3130, running=1
[engine] loop iteration 3140, running=1
[engine] loop iteration 3150, running=1
[engine] loop iteration 3160, running=1
[engine] loop iteration 3170, running=1
[engine] loop iteration 3180, running=1
[engine] loop iteration 3190, running=1
[engine] loop iteration 3200, running=1
[engine] loop iteration 3210, running=1
[engine] loop iteration 3220, running=1
[engine] loop iteration 3230, running=1
[engine] loop iteration 3240, running=1
[engine] loop iteration 3250, running=1
[engine] loop iteration 3260, running=1
[engine] loop iteration 3270, running=1
[engine] loop iteration 3280, running=1
[engine] loop iteration 3290, running=1
[engine] loop iteration 3300, running=1
[engine] loop iteration 3310, running=1
[engine] loop iteration 3320, running=1
[engine] loop iteration 3330, running=1
[engine] loop iteration 3340, running=1
[engine] loop iteration 3350, running=1
[engine] loop iteration 3360, running=1
[engine] loop iteration 3370, running=1
[engine] loop iteration 3380, running=1
[engine] loop iteration 3390, running=1
[engine] loop iteration 3400, running=1
[engine] loop iteration 3410, running=1
[engine] loop iteration 3420, running=1
[engine] loop iteration 3430, running=1
[engine] loop iteration 3440, running=1
[engine] loop iteration 3450, running=1
[engine] loop iteration 3460, running=1
[engine] loop iteration 3470, running=1
[engine] loop iteration 3480, running=1
[engine] loop iteration 3490, running=1
[engine] loop iteration 3500, running=1
[engine] loop iteration 3510, running=1
[engine] loop iteration 3520, running=1
[engine] loop iteration 3530, running=1
[engine] loop iteration 3540, running=1
[engine] loop iteration 3550, running=1
[engine] loop iteration 3560, running=1
[engine] loop iteration 3570, running=1
[engine] loop iteration 3580, running=1
[engine] loop iteration 3590, running=1
[engine] loop iteration 3600, running=1
[engine] loop iteration 3610, running=1
[engine] loop iteration 3620, running=1
[engine] loop iteration 3630, running=1
[engine] loop iteration 3640, running=1
[engine] loop iteration 3650, running=1
[engine] loop iteration 3660, running=1
[engine] loop iteration 3670, running=1
[engine] loop iteration 3680, running=1
[engine] loop iteration 3690, running=1
[engine] loop iteration 3700, running=1
[engine] loop iteration 3710, running=1
[engine] loop iteration 3720, running=1
[engine] loop iteration 3730, running=1
[engine] loop iteration 3740, running=1
[engine] loop iteration 3750, running=1
[engine] loop iteration 3760, running=1
[engine] loop iteration 3770, running=1
[engine] loop iteration 3780, running=1
[engine] loop iteration 3790, running=1
[engine] loop iteration 3800, running=1
[engine] loop iteration 3810, running=1
[engine] loop iteration 3820, running=1
[engine] loop iteration 3830, running=1
[engine] loop iteration 3840, running=1
[engine] loop iteration 3850, running=1
[engine] loop iteration 3860, running=1
[engine] loop iteration 3870, running=1
[engine] loop iteration 3880, running=1
[engine] loop iteration 3890, running=1
[engine] loop iteration 3900, running=1
[engine] loop iteration 3910, running=1
[engine] loop iteration 3920, running=1
[engine] loop iteration 3930, running=1
[engine] loop iteration 3940, running=1
[engine] loop iteration 3950, running=1
[engine] loop iteration 3960, running=1
[engine] loop iteration 3970, running=1
[engine] loop iteration 3980, running=1
[engine] loop iteration 3990, running=1
[engine] loop iteration 4000, running=1
[engine] loop iteration 4010, running=1
[engine] loop iteration 4020, running=1
[engine] loop iteration 4030, running=1
[engine] loop iteration 4040, running=1
[engine] loop iteration 4050, running=1
[engine] loop iteration 4060, running=1
[engine] loop iteration 4070, running=1
[engine] loop iteration 4080, running=1
[engine] loop iteration 4090, running=1
[engine] loop iteration 4100, running=1
[engine] signal received: 2
[engine] shutting down...
[snapshot] loaded engine_state.json
[engine] started; consuming order_commands group=engine-group consumer=engine-1 events_channel=engine_events
[engine] loop iteration 10, running=1
[engine] loop iteration 20, running=1
[engine] loop iteration 30, running=1
[engine] loop iteration 40, running=1
[engine] loop iteration 50, running=1
[engine] loop iteration 60, running=1
[engine] loop iteration 70, running=1
[engine] loop iteration 80, running=1
[engine] loop iteration 90, running=1
[engine] loop iteration 100, running=1
[engine] loop iteration 110, running=1
[engine] loop iteration 120, running=1
[engine] loop iteration 130, running=1
[engine] loop iteration 140, running=1
[engine] loop iteration 150, running=1
[engine] loop iteration 160, running=1
[engine] loop iteration 170, running=1
[engine] loop iteration 180, running=1
[engine] loop iteration 190, running=1
[engine] loop iteration 200, running=1
[engine] loop iteration 210, running=1
[engine] loop iteration 220, running=1
[engine] loop iteration 230, running=1
[engine] loop iteration 240, running=1
[engine] loop iteration 250, running=1
[engine] loop iteration 260, running=1
[engine] loop iteration 270, running=1
[engine] loop iteration 280, running=1
[engine] loop iteration 290, running=1
[engine] loop iteration 300, running=1
[engine] loop iteration 310, running=1
[engine] loop iteration 320, running=1
[engine] loop iteration 330, running=1
[engine] loop iteration 340, running=1
[engine] loop iteration 350, running=1
[engine] loop iteration 360, running=1
[engine] loop iteration 370, running=1
[engine] loop iteration 380, running=1
[engine] loop iteration 390, running=1
[engine] loop iteration 400, running=1
[engine] loop iteration 410, running=1
[engine] loop iteration 420, running=1
[engine] loop iteration 430, running=1
[engine] loop iteration 440, running=1
[engine] loop iteration 450, running=1
[engine] loop iteration 460, running=1
[engine] loop iteration 470, running=1
[engine] loop iteration 480, running=1
[engine] loop iteration 490, running=1
[engine] loop iteration 500, running=1
[engine] loop iteration 510, running=1
[engine] loop iteration 520, running=1
[engine] loop iteration 530, running=1
[engine] loop iteration 540, running=1
[engine] loop iteration 550, running=1
[engine] loop iteration 560, running=1
[engine] loop iteration 570, running=1
[engine] loop iteration 580, running=1
[engine] loop iteration 590, running=1
[engine] loop iteration 600, running=1
[engine] loop iteration 610, running=1
[engine] loop iteration 620, running=1
[engine] loop iteration 630, running=1
[engine] loop iteration 640, running=1
[engine] loop iteration 650, running=1
[engine] loop iteration 660, running=1
[engine] loop iteration 670, running=1
[engine] loop iteration 680, running=1
[engine] loop iteration 690, running=1
[engine] loop iteration 700, running=1
[engine] loop iteration 710, running=1
[engine] loop iteration 720, running=1
[engine] loop iteration 730, running=1
[engine] loop iteration 740, running=1
[engine] loop iteration 750, running=1
[engine] loop iteration 760, running=1
[engine] loop iteration 770, running=1
[engine] loop iteration 780, running=1
[engine] loop iteration 790, running=1
[engine] loop iteration 800, running=1
[engine] loop iteration 810, running=1
[engine] loop iteration 820, running=1
[engine] loop iteration 830, running=1
[engine] loop iteration 840, running=1
[engine] loop iteration 850, running=1
[engine] loop iteration 860, running=1
[engine] loop iteration 870, running=1
[engine] loop iteration 880, running=1
[engine] loop iteration 890, running=1
[engine] loop iteration 900, running=1
[engine] loop iteration 910, running=1
[engine] loop iteration 920, running=1
[engine] loop iteration 930, running=1
[engine] loop iteration 940, running=1
[engine] loop iteration 950, running=1
[engine] loop iteration 960, running=1
[engine] loop iteration 970, running=1
[engine] loop iteration 980, running=1
[engine] loop iteration 990, running=1
[engine] loop iteration 1000, running=1
[engine] loop iteration 1010, running=1
[engine] loop iteration 1020, running=1
[engine] loop iteration 1030, running=1
[engine] loop iteration 1040, running=1
[engine] loop iteration 1050, running=1
[engine] loop iteration 1060, running=1
[engine] loop iteration 1070, running=1
[engine] loop iteration 1080, running=1
[engine] loop iteration 1090, running=1
[engine] loop iteration 1100, running=1
[engine] loop iteration 1110, running=1
[engine] loop iteration 1120, running=1
[engine] loop iteration 1130, running=1
[engine] loop iteration 1140, running=1
[engine] loop iteration 1150, running=1
[engine] loop iteration 1160, running=1
[engine] loop iteration 1170, running=1
[engine] loop iteration 1180, running=1
[engine] loop iteration 1190, running=1
[engine] loop iteration 1200, running=1
[engine] loop iteration 1210, running=1
[engine] loop iteration 1220, running=1
[engine] loop iteration 1230, running=1
[engine] loop iteration 1240, running=1
[engine] loop iteration 1250, running=1
[engine] loop iteration 1260, running=1
[engine] loop iteration 1270, running=1
[engine] loop iteration 1280, running=1
[engine] loop iteration 1290, running=1
[engine] loop iteration 1300, running=1
[engine] loop iteration 1310, running=1
[engine] loop iteration 1320, running=1
[engine] loop iteration 1330, running=1
[engine] loop iteration 1340, running=1
[engine] loop iteration 1350, running=1
[engine] loop iteration 1360, running=1
[engine] loop iteration 1370, running=1
[engine] loop iteration 1380, running=1
[engine] loop iteration 1390, running=1
[engine] loop iteration 1400, running=1
[engine] loop iteration 1410, running=1
[engine] loop iteration 1420, running=1
[engine] loop iteration 1430, running=1
[engine] loop iteration 1440, running=1
[engine] loop iteration 1450, running=1
[engine] loop iteration 1460, running=1
[engine] loop iteration 1470, running=1
[engine] loop iteration 1480, running=1
[engine] loop iteration 1490, running=1
[engine] loop iteration 1500, running=1
[engine] loop iteration 1510, running=1
[engine] loop iteration 1520, running=1
[engine] loop iteration 1530, running=1
[engine] loop iteration 1540, running=1
[engine] loop iteration 1550, running=1
[engine] loop iteration 1560, running=1
[engine] loop iteration 1570, running=1
[engine] loop iteration 1580, running=1
[engine] loop iteration 1590, running=1
[engine] loop iteration 1600, running=1
[engine] loop iteration 1610, running=1
[engine] loop iteration 1620, running=1
[engine] loop iteration 1630, running=1
[engine] loop iteration 1640, running=1
[engine] loop iteration 1650, running=1
[engine] loop iteration 1660, running=1
[engine] loop iteration 1670, running=1
[engine] loop iteration 1680, running=1
[engine] loop iteration 1690, running=1
[engine] loop iteration 1700, running=1
[engine] loop iteration 1710, running=1
[engine] loop iteration 1720, running=1
[engine] loop iteration 1730, running=1
[engine] loop iteration 1740, running=1
[engine] loop iteration 1750, running=1
[engine] loop iteration 1760, running=1
[engine] loop iteration 1770, running=1
[engine] loop iteration 1780, running=1
[engine] loop iteration 1790, running=1
[engine] loop iteration 1800, running=1
[engine] loop iteration 1810, running=1
[engine] loop iteration 1820, running=1
[engine] loop iteration 1830, running=1
[engine] loop iteration 1840, running=1
[engine] loop iteration 1850, running=1
[engine] loop iteration 1860, running=1
[engine] loop iteration 1870, running=1
[engine] loop iteration 1880, running=1
[engine] loop iteration 1890, running=1
[engine] loop iteration 1900, running=1
[engine] loop iteration 1910, running=1
[engine] loop iteration 1920, running=1
[engine] loop iteration 1930, running=1
[engine] loop iteration 1940, running=1
[engine] loop iteration 1950, running=1
[engine] loop iteration 1960, running=1
[engine] loop iteration 1970, running=1
[engine] loop iteration 1980, running=1
[engine] loop iteration 1990, running=1
[engine] loop iteration 2000, running=1
[engine] loop iteration 2010, running=1
[engine] loop iteration 2020, running=1
[engine] loop iteration 2030, running=1
[engine] loop iteration 2040, running=1
[engine] loop iteration 2050, running=1
[engine] loop iteration 2060, running=1
[engine] loop iteration 2070, running=1
[engine] loop iteration 2080, running=1
[engine] loop iteration 2090, running=1
[engine] loop iteration 2100, running=1
[engine] loop iteration 2110, running=1
[engine] loop iteration 2120, running=1
[engine] loop iteration 2130, running=1
[engine] loop iteration 2140, running=1
[engine] loop iteration 2150, running=1
[engine] loop iteration 2160, running=1
[engine] loop iteration 2170, running=1
[engine] loop iteration 2180, running=1
[engine] loop iteration 2190, running=1
[engine] loop iteration 2200, running=1
[engine] loop iteration 2210, running=1
[engine] loop iteration 2220, running=1
[engine] loop iteration 2230, running=1
[engine] loop iteration 2240, running=1
[engine] loop iteration 2250, running=1
[engine] loop iteration 2260, running=1
[engine] loop iteration 2270, running=1
[engine] loop iteration 2280, running=1
[engine] loop iteration 2290, running=1
[engine] loop iteration 2300, running=1
[engine] loop iteration 2310, running=1
[engine] loop iteration 2320, running=1
[engine] loop iteration 2330, running=1
[engine] loop iteration 2340, running=1
[engine] loop iteration 2350, running=1
[engine] loop iteration 2360, running=1
[engine] loop iteration 2370, running=1
[engine] loop iteration 2380, running=1
[engine] loop iteration 2390, running=1
[engine] loop iteration 2400, running=1
[engine] loop iteration 2410, running=1
[engine] loop iteration 2420, running=1
[engine] loop iteration 2430, running=1
[engine] loop iteration 2440, running=1
[engine] loop iteration 2450, running=1
[engine] loop iteration 2460, running=1
[engine] loop iteration 2470, running=1
[engine] loop iteration 2480, running=1
[engine] loop iteration 2490, running=1
[engine] loop iteration 2500, running=1
[engine] loop iteration 2510, running=1
[engine] loop iteration 2520, running=1
[engine] loop iteration 2530, running=1
[engine] loop iteration 2540, running=1
[engine] loop iteration 2550, running=1
[engine] loop iteration 2560, running=1
[engine] loop iteration 2570, running=1
[engine] loop iteration 2580, running=1
[engine] loop iteration 2590, running=1
[engine] loop iteration 2600, running=1
[engine] loop iteration 2610, running=1
[engine] loop iteration 2620, running=1
[engine] loop iteration 2630, running=1
[engine] loop iteration 2640, running=1
[engine] loop iteration 2650, running=1
[engine] loop iteration 2660, running=1
[engine] loop iteration 2670, running=1
[engine] loop iteration 2680, running=1
[engine] loop iteration 2690, running=1
[engine] loop iteration 2700, running=1
[engine] loop iteration 2710, running=1
[engine] loop iteration 2720, running=1
[engine] loop iteration 2730, running=1
[engine] loop iteration 2740, running=1
[engine] loop iteration 2750, running=1
[engine] loop iteration 2760, running=1
[engine] loop iteration 2770, running=1
[engine] loop iteration 2780, running=1
[engine] loop iteration 2790, running=1
[engine] loop iteration 2800, running=1
[engine] loop iteration 2810, running=1
[engine] loop iteration 2820, running=1
[engine] loop iteration 2830, running=1
[engine] loop iteration 2840, running=1
[engine] loop iteration 2850, running=1
[engine] loop iteration 2860, running=1
[engine] loop iteration 2870, running=1
[engine] loop iteration 2880, running=1
[engine] loop iteration 2890, running=1
[engine] loop iteration 2900, running=1
[engine] loop iteration 2910, running=1
[engine] loop iteration 2920, running=1
[engine] loop iteration 2930, running=1
[engine] loop iteration 2940, running=1
[engine] loop iteration 2950, running=1
[engine] loop iteration 2960, running=1
[engine] loop iteration 2970, running=1
[engine] loop iteration 2980, running=1
[engine] loop iteration 2990, running=1
[engine] loop iteration 3000, running=1
[engine] loop iteration 3010, running=1
[engine] loop iteration 3020, running=1
[engine] loop iteration 3030, running=1
[engine] loop iteration 3040, running=1
[engine] loop iteration 3050, running=1
[engine] loop iteration 3060, running=1
[engine] loop iteration 3070, running=1
[engine] loop iteration 3080, running=1
[engine] loop iteration 3090, running=1
[engine] loop iteration 3100, running=1
[engine] loop iteration 3110, running=1
[engine] loop iteration 3120, running=1
[engine] loop iteration 3130, running=1
[engine] loop iteration 3140, running=1
[engine] loop iteration 3150, running=1
[engine] loop iteration 3160, running=1
[engine] loop iteration 3170, running=1
[engine] loop iteration 3180, running=1
[engine] loop iteration 3190, running=1
[engine] loop iteration 3200, running=1
[engine] loop iteration 3210, running=1
[engine] loop iteration 3220, running=1
[engine] loop iteration 3230, running=1
[engine] loop iteration 3240, running=1
[engine] loop iteration 3250, running=1
[engine] loop iteration 3260, running=1
[engine] loop iteration 3270, running=1
[engine] loop iteration 3280, running=1
[engine] loop iteration 3290, running=1
[engine] loop iteration 3300, running=1
[engine] loop iteration 3310, running=1
[engine] loop iteration 3320, running=1
[engine] loop iteration 3330, running=1
[engine] loop iteration 3340, running=1
[engine] loop iteration 3350, running=1
[engine] loop iteration 3360, running=1
[engine] loop iteration 3370, running=1
[engine] loop iteration 3380, running=1
[engine] loop iteration 3390, running=1
[engine] loop iteration 3400, running=1
[engine] loop iteration 3410, running=1
[engine] loop iteration 3420, running=1
[engine] loop iteration 3430, running=1
[engine] loop iteration 3440, running=1
[engine] loop iteration 3450, running=1
[engine] loop iteration 3460, running=1
[engine] loop iteration 3470, running=1
[engine] loop iteration 3480, running=1
[engine] loop iteration 3490, running=1
[engine] loop iteration 3500, running=1
[engine] loop iteration 3510, running=1
[engine] loop iteration 3520, running=1
[engine] loop iteration 3530, running=1
[engine] loop iteration 3540, running=1
[engine] loop iteration 3550, running=1
[engine] loop iteration 3560, running=1
[engine] loop iteration 3570, running=1
[engine] loop iteration 3580, running=1
[engine] loop iteration 3590, running=1
[engine] loop iteration 3600, running=1
[engine] loop iteration 3610, running=1
[engine] loop iteration 3620, running=1
[engine] loop iteration 3630, running=1
[engine] loop iteration 3640, running=1
[engine] loop iteration 3650, running=1
[engine] loop iteration 3660, running=1
[engine] loop iteration 3670, running=1
[engine] loop iteration 3680, running=1
[engine] loop iteration 3690, running=1
[engine] loop iteration 3700, running=1
[engine] loop iteration 3710, running=1
[engine] loop iteration 3720, running=1
[engine] loop iteration 3730, running=1
[engine] loop iteration 3740, running=1
[engine] loop iteration 3750, running=1
[engine] loop iteration 3760, running=1
[engine] loop iteration 3770, running=1
[engine] loop iteration 3780, running=1
[engine] loop iteration 3790, running=1
[engine] loop iteration 3800, running=1
[engine] loop iteration 3810, running=1
[engine] loop iteration 3820, running=1
[engine] loop iteration 3830, running=1
[engine] loop iteration 3840, running=1
[engine] loop iteration 3850, running=1
[engine] loop iteration 3860, running=1
[engine] loop iteration 3870, running=1
[engine] loop iteration 3880, running=1
[engine] loop iteration 3890, running=1
[engine] loop iteration 3900, running=1
[engine] loop iteration 3910, running=1
[engine] loop iteration 3920, running=1
[engine] loop iteration 3930, running=1
[engine] loop iteration 3940, running=1
[engine] loop iteration 3950, running=1
[engine] loop iteration 3960, running=1
[engine] loop iteration 3970, running=1
[engine] loop iteration 3980, running=1
[engine] loop iteration 3990, running=1
[engine] loop iteration 4000, running=1
[engine] loop iteration 4010, running=1
[engine] loop iteration 4020, running=1
[engine] loop iteration 4030, running=1
[engine] loop iteration 4040, running=1
[engine] loop iteration 4050, running=1
[engine] loop iteration 4060, running=1
[engine] loop iteration 4070, running=1
[engine] loop iteration 4080, running=1
[engine] loop iteration 4090, running=1
[engine] loop iteration 4100, running=1
[engine] loop iteration 4110, running=1
[engine] loop iteration 4120, running=1
[engine] loop iteration 4130, running=1
[engine] loop iteration 4140, running=1
[engine] loop iteration 4150, running=1
[engine] loop iteration 4160, running=1
[engine] loop iteration 4170, running=1
[engine] loop iteration 4180, running=1
[engine] loop iteration 4190, running=1
[engine] loop iteration 4200, running=1
[engine] loop iteration 4210, running=1
[engine] loop iteration 4220, running=1
[engine] loop iteration 4230, running=1
[engine] loop iteration 4240, running=1
[engine] loop iteration 4250, running=1
[engine] loop iteration 4260, running=1
[engine] loop iteration 4270, running=1
[engine] loop iteration 4280, running=1
[engine] loop iteration 4290, running=1
[engine] loop iteration 4300, running=1
[engine] loop iteration 4310, running=1
[engine] loop iteration 4320, running=1
[engine] loop iteration 4330, running=1
[engine] loop iteration 4340, running=1
[engine] loop iteration 4350, running=1
[engine] loop iteration 4360, running=1
[engine] loop iteration 4370, running=1
[engine] loop iteration 4380, running=1
[engine] loop iteration 4390, running=1
[engine] loop iteration 4400, running=1
[engine] loop iteration 4410, running=1
[engine] loop iteration 4420, running=1
[engine] loop iteration 4430, running=1
[engine] loop iteration 4440, running=1
[engine] loop iteration 4450, running=1
[engine] loop iteration 4460, running=1
[engine] loop iteration 4470, running=1
[engine] loop iteration 4480, running=1
[engine] loop iteration 4490, running=1
[engine] loop iteration 4500, running=1
[engine] loop iteration 4510, running=1
[engine] loop iteration 4520, running=1
[engine] loop iteration 4530, running=1
[engine] loop iteration 4540, running=1
[engine] loop iteration 4550, running=1
[engine] loop iteration 4560, running=1
[engine] loop iteration 4570, running=1
[engine] loop iteration 4580, running=1
[engine] loop iteration 4590, running=1
[engine] loop iteration 4600, running=1
[engine] loop iteration 4610, running=1
[engine] loop iteration 4620, running=1
[engine] loop iteration 4630, running=1
[engine] loop iteration 4640, running=1
[engine] loop iteration 4650, running=1
[engine] loop iteration 4660, running=1
[engine] loop iteration 4670, running=1
[engine] loop iteration 4680, running=1
[engine] loop iteration 4690, running=1
[engine] loop iteration 4700, running=1
[engine] loop iteration 4710, running=1
[engine] loop iteration 4720, running=1
[engine] loop iteration 4730, running=1
[engine] loop iteration 4740, running=1
[engine] loop iteration 4750, running=1
[engine] loop iteration 4760, running=1
[engine] loop iteration 4770, running=1
[engine] loop iteration 4780, running=1
[engine] loop iteration 4790, running=1
[engine] loop iteration 4800, running=1
[engine] loop iteration 4810, running=1
[engine] loop iteration 4820, running=1
[engine] loop iteration 4830, running=1
[engine] loop iteration 4840, running=1
[engine] loop iteration 4850, running=1
[engine] loop iteration 4860, running=1
[engine] loop iteration 4870, running=1
[engine] loop iteration 4880, running=1
[engine] loop iteration 4890, running=1
[engine] loop iteration 4900, running=1
[engine] loop iteration 4910, running=1
[engine] loop iteration 4920, running=1
[engine] loop iteration 4930, running=1
[engine] loop iteration 4940, running=1
[engine] loop iteration 4950, running=1
[engine] loop iteration 4960, running=1
[engine] loop iteration 4970, running=1
[engine] loop iteration 4980, running=1
[engine] loop iteration 4990, running=1
[engine] loop iteration 5000, running=1
[engine] loop iteration 5010, running=1
[engine] loop iteration 5020, running=1
[engine] loop iteration 5030, running=1
[engine] loop iteration 5040, running=1
[engine] loop iteration 5050, running=1
[engine] loop iteration 5060, running=1
[engine] loop iteration 5070, running=1
[engine] loop iteration 5080, running=1
[engine] loop iteration 5090, running=1
[engine] loop iteration 5100, running=1
[engine] loop iteration 5110, running=1
[engine] loop iteration 5120, running=1
[engine] loop iteration 5130, running=1
[engine] loop iteration 5140, running=1
[engine] loop iteration 5150, running=1
[engine] loop iteration 5160, running=1
[engine] loop iteration 5170, running=1
[engine] loop iteration 5180, running=1
[engine] loop iteration 5190, running=1
[engine] loop iteration 5200, running=1
[engine] loop iteration 5210, running=1
[engine] loop iteration 5220, running=1
[engine] loop iteration 5230, running=1
[engine] loop iteration 5240, running=1
[engine] loop iteration 5250, running=1
[engine] loop iteration 5260, running=1
[engine] loop iteration 5270, running=1
[engine] loop iteration 5280, running=1
[engine] loop iteration 5290, running=1
[engine] loop iteration 5300, running=1
[engine] loop iteration 5310, running=1
[engine] loop iteration 5320, running=1
[engine] loop iteration 5330, running=1
[engine] loop iteration 5340, running=1
[engine] loop iteration 5350, running=1
[engine] loop iteration 5360, running=1
[engine] loop iteration 5370, running=1
[engine] loop iteration 5380, running=1
[engine] loop iteration 5390, running=1
[engine] loop iteration 5400, running=1
[engine] loop iteration 5410, running=1
[engine] loop iteration 5420, running=1
[engine] loop iteration 5430, running=1
[engine] loop iteration 5440, running=1
[engine] loop iteration 5450, running=1
[engine] loop iteration 5460, running=1
[engine] loop iteration 5470, running=1
[engine] loop iteration 5480, running=1
[engine] loop iteration 5490, running=1
[engine] loop iteration 5500, running=1
[engine] loop iteration 5510, running=1
[engine] loop iteration 5520, running=1
[engine] loop iteration 5530, running=1
[engine] loop iteration 5540, running=1
[engine] loop iteration 5550, running=1
[engine] loop iteration 5560, running=1
[engine] loop iteration 5570, running=1
[engine] loop iteration 5580, running=1
[engine] loop iteration 5590, running=1
[engine] loop iteration 5600, running=1
[engine] loop iteration 5610, running=1
[engine] loop iteration 5620, running=1
[engine] loop iteration 5630, running=1
[engine] loop iteration 5640, running=1
[engine] loop iteration 5650, running=1
[engine] loop iteration 5660, running=1
[engine] loop iteration 5670, running=1
[engine] loop iteration 5680, running=1
[engine] loop iteration 5690, running=1
[engine] loop iteration 5700, running=1
[engine] loop iteration 5710, running=1
[engine] loop iteration 5720, running=1
[engine] loop iteration 5730, running=1
[engine] loop iteration 5740, running=1
[engine] loop iteration 5750, running=1
[engine] loop iteration 5760, running=1
[engine] loop iteration 5770, running=1
[engine] loop iteration 5780, running=1
[engine] loop iteration 5790, running=1
[engine] loop iteration 5800, running=1
[engine] loop iteration 5810, running=1
[engine] loop iteration 5820, running=1
[engine] loop iteration 5830, running=1
[engine] loop iteration 5840, running=1
[engine] loop iteration 5850, running=1
[engine] loop iteration 5860, running=1
[engine] loop iteration 5870, running=1
[engine] loop iteration 5880, running=1
[engine] loop iteration 5890, running=1
[engine] loop iteration 5900, running=1
[engine] loop iteration 5910, running=1
[engine] loop iteration 5920, running=1
[engine] loop iteration 5930, running=1
[engine] loop iteration 5940, running=1
[engine] loop iteration 5950, running=1
[engine] loop iteration 5960, running=1
[engine] loop iteration 5970, running=1
[engine] loop iteration 5980, running=1
[engine] loop iteration 5990, running=1
[engine] loop iteration 6000, running=1
[engine] loop iteration 6010, running=1
[engine] loop iteration 6020, running=1
[engine] loop iteration 6030, running=1
[engine] loop iteration 6040, running=1
[engine] loop iteration 6050, running=1
[engine] loop iteration 6060, running=1
[engine] loop iteration 6070, running=1
[engine] loop iteration 6080, running=1
[engine] loop iteration 6090, running=1
[engine] loop iteration 6100, running=1
[engine] loop iteration 6110, running=1
[engine] loop iteration 6120, running=1
[engine] loop iteration 6130, running=1
[engine] loop iteration 6140, running=1
[engine] loop iteration 6150, running=1
[engine] loop iteration 6160, running=1
[engine] loop iteration 6170, running=1
[engine] loop iteration 6180, running=1
[engine] loop iteration 6190, running=1
[engine] loop iteration 6200, running=1
[engine] loop iteration 6210, running=1
[engine] loop iteration 6220, running=1
[engine] loop iteration 6230, running=1
[engine] loop iteration 6240, running=1
[engine] loop iteration 6250, running=1
[engine] loop iteration 6260, running=1
[engine] loop iteration 6270, running=1
[engine] loop iteration 6280, running=1
[engine] loop iteration 6290, running=1
[engine] loop iteration 6300, running=1
[engine] loop iteration 6310, running=1
[engine] loop iteration 6320, running=1
[engine] loop iteration 6330, running=1
[engine] loop iteration 6340, running=1
[engine] loop iteration 6350, running=1
[engine] loop iteration 6360, running=1
[engine] loop iteration 6370, running=1
[engine] loop iteration 6380, running=1
[engine] loop iteration 6390, running=1
[engine] loop iteration 6400, running=1
[engine] loop iteration 6410, running=1
[engine] loop iteration 6420, running=1
[engine] loop iteration 6430, running=1
[engine] loop iteration 6440, running=1
[engine] loop iteration 6450, running=1
[engine] loop iteration 6460, running=1
[engine] loop iteration 6470, running=1
[engine] loop iteration 6480, running=1
[engine] loop iteration 6490, running=1
[engine] loop iteration 6500, running=1
[engine] loop iteration 6510, running=1
[engine] loop iteration 6520, running=1
[engine] loop iteration 6530, running=1
[engine] loop iteration 6540, running=1
[engine] loop iteration 6550, running=1
[engine] loop iteration 6560, running=1
[engine] loop iteration 6570, running=1
[engine] loop iteration 6580, running=1
[engine] loop iteration 6590, running=1
[engine] loop iteration 6600, running=1
[engine] loop iteration 6610, running=1
[engine] loop iteration 6620, running=1
[engine] loop iteration 6630, running=1
[engine] loop iteration 6640, running=1
[engine] loop iteration 6650, running=1
[engine] loop iteration 6660, running=1
[engine] loop iteration 6670, running=1
[engine] loop iteration 6680, running=1
[engine] loop iteration 6690, running=1
[engine] loop iteration 6700, running=1
[engine] loop iteration 6710, running=1
[engine] loop iteration 6720, running=1
[engine] loop iteration 6730, running=1
[engine] loop iteration 6740, running=1
[engine] loop iteration 6750, running=1
[engine] loop iteration 6760, running=1
[engine] loop iteration 6770, running=1
[engine] loop iteration 6780, running=1
[engine] loop iteration 6790, running=1
[engine] loop iteration 6800, running=1
[engine] loop iteration 6810, running=1
[engine] loop iteration 6820, running=1
[engine] loop iteration 6830, running=1
[engine] loop iteration 6840, running=1
[engine] loop iteration 6850, running=1
[engine] loop iteration 6860, running=1
[engine] loop iteration 6870, running=1
[engine] loop iteration 6880, running=1
[engine] loop iteration 6890, running=1
[engine] loop iteration 6900, running=1
[engine] loop iteration 6910, running=1
[engine] loop iteration 6920, running=1
[engine] loop iteration 6930, running=1
[engine] loop iteration 6940, running=1
[engine] loop iteration 6950, running=1
[engine] loop iteration 6960, running=1
[engine] loop iteration 6970, running=1
[engine] loop iteration 6980, running=1
[engine] loop iteration 6990, running=1
[engine] loop iteration 7000, running=1
[engine] loop iteration 7010, running=1
[engine] loop iteration 7020, running=1
[engine] loop iteration 7030, running=1
[engine] loop iteration 7040, running=1
[engine] loop iteration 7050, running=1
[engine] loop iteration 7060, running=1
[engine] loop iteration 7070, running=1
[engine] loop iteration 7080, running=1
[engine] loop iteration 7090, running=1
[engine] loop iteration 7100, running=1
[engine] loop iteration 7110, running=1
[engine] loop iteration 7120, running=1
[engine] loop iteration 7130, running=1
[engine] loop iteration 7140, running=1
[engine] loop iteration 7150, running=1
[engine] loop iteration 7160, running=1
[engine] loop iteration 7170, running=1
[engine] loop iteration 7180, running=1
[engine] loop iteration 7190, running=1
[engine] loop iteration 7200, running=1
[engine] loop iteration 7210, running=1
[engine] loop iteration 7220, running=1
[engine] loop iteration 7230, running=1
[engine] loop iteration 7240, running=1
[engine] loop iteration 7250, running=1
[engine] loop iteration 7260, running=1
[engine] loop iteration 7270, running=1
[engine] loop iteration 7280, running=1
[engine] loop iteration 7290, running=1
[engine] loop iteration 7300, running=1
[engine] loop iteration 7310, running=1
[engine] loop iteration 7320, running=1
[engine] loop iteration 7330, running=1
[engine] loop iteration 7340, running=1
[engine] loop iteration 7350, running=1
[engine] loop iteration 7360, running=1
[engine] loop iteration 7370, running=1
[engine] loop iteration 7380, running=1
[engine] loop iteration 7390, running=1
[engine] loop iteration 7400, running=1
[engine] loop iteration 7410, running=1
[engine] loop iteration 7420, running=1
[engine] loop iteration 7430, running=1
[engine] loop iteration 7440, running=1
[engine] loop iteration 7450, running=1
[engine] loop iteration 7460, running=1
[engine] loop iteration 7470, running=1
[engine] loop iteration 7480, running=1
[engine] loop iteration 7490, running=1
[engine] loop iteration 7500, running=1
[engine] loop iteration 7510, running=1
[engine] loop iteration 7520, running=1
[engine] loop iteration 7530, running=1
[engine] loop iteration 7540, running=1
[engine] loop iteration 7550, running=1
[engine] loop iteration 7560, running=1
[engine] loop iteration 7570, running=1
[engine] loop iteration 7580, running=1
[engine] loop iteration 7590, running=1
[engine] loop iteration 7600, running=1
[engine] loop iteration 7610, running=1
[engine] loop iteration 7620, running=1
[engine] loop iteration 7630, running=1
[engine] loop iteration 7640, running=1
[engine] loop iteration 7650, running=1
[engine] loop iteration 7660, running=1
[engine] loop iteration 7670, running=1
[engine] loop iteration 7680, running=1
[engine] loop iteration 7690, running=1
[engine] loop iteration 7700, running=1
[engine] loop iteration 7710, running=1
[engine] loop iteration 7720, running=1
[engine] loop iteration 7730, running=1
[engine] loop iteration 7740, running=1
[engine] loop iteration 7750, running=1
[engine] loop iteration 7760, running=1
[engine] loop iteration 7770, running=1
[engine] loop iteration 7780, running=1
[engine] loop iteration 7790, running=1
[engine] loop iteration 7800, running=1
[engine] loop iteration 7810, running=1
[engine] loop iteration 7820, running=1
[engine] loop iteration 7830, running=1
[engine] loop iteration 7840, running=1
[engine] loop iteration 7850, running=1
[engine] loop iteration 7860, running=1
[engine] loop iteration 7870, running=1
[engine] loop iteration 7880, running=1
[engine] loop iteration 7890, running=1
[engine] loop iteration 7900, running=1
[engine] loop iteration 7910, running=1
[engine] loop iteration 7920, running=1
[engine] loop iteration 7930, running=1
[engine] loop iteration 7940, running=1
[engine] loop iteration 7950, running=1
[engine] loop iteration 7960, running=1
[engine] loop iteration 7970, running=1
[engine] loop iteration 7980, running=1
[engine] loop iteration 7990, running=1
[engine] loop iteration 8000, running=1
[engine] loop iteration 8010, running=1
[engine] loop iteration 8020, running=1
[engine] loop iteration 8030, running=1
[engine] loop iteration 8040, running=1
[engine] loop iteration 8050, running=1
[engine] loop iteration 8060, running=1
[engine] loop iteration 8070, running=1
[engine] loop iteration 8080, running=1
[engine] loop iteration 8090, running=1
[engine] loop iteration 8100, running=1
[engine] loop iteration 8110, running=1
[engine] loop iteration 8120, running=1
[engine] loop iteration 8130, running=1
[engine] loop iteration 8140, running=1
[engine] loop iteration 8150, running=1
[engine] loop iteration 8160, running=1
[engine] loop iteration 8170, running=1
[engine] loop iteration 8180, running=1
[engine] loop iteration 8190, running=1
[engine] loop iteration 8200, running=1
[engine] loop iteration 8210, running=1
[engine] loop iteration 8220, running=1
[engine] loop iteration 8230, running=1
[engine] loop iteration 8240, running=1
[engine] loop iteration 8250, running=1
[engine] loop iteration 8260, running=1
[engine] loop iteration 8270, running=1
[engine] loop iteration 8280, running=1
[engine] loop iteration 8290, running=1
[engine] loop iteration 8300, running=1
[engine] loop iteration 8310, running=1
[engine] loop iteration 8320, running=1
[engine] loop iteration 8330, running=1
[engine] loop iteration 8340, running=1
[engine] loop iteration 8350, running=1
[engine] loop iteration 8360, running=1
[engine] loop iteration 8370, running=1
[engine] loop iteration 8380, running=1
[engine] loop iteration 8390, running=1
[engine] loop iteration 8400, running=1
[engine] loop iteration 8410, running=1
[engine] loop iteration 8420, running=1
[engine] loop iteration 8430, running=1
[engine] loop iteration 8440, running=1
[engine] loop iteration 8450, running=1
[engine] loop iteration 8460, running=1
[engine] loop iteration 8470, running=1
[engine] loop iteration 8480, running=1
[engine] loop iteration 8490, running=1
[engine] loop iteration 8500, running=1
[engine] loop iteration 8510, running=1
[engine] loop iteration 8520, running=1
[engine] loop iteration 8530, running=1
[engine] loop iteration 8540, running=1
[engine] loop iteration 8550, running=1
[engine] loop iteration 8560, running=1
[engine] loop iteration 8570, running=1
[engine] loop iteration 8580, running=1
[engine] loop iteration 8590, running=1
[engine] loop iteration 8600, running=1
[engine] loop iteration 8610, running=1
[engine] loop iteration 8620, running=1
[engine] loop iteration 8630, running=1
[engine] loop iteration 8640, running=1
[engine] loop iteration 8650, running=1
[engine] loop iteration 8660, running=1
[engine] loop iteration 8670, running=1
[engine] loop iteration 8680, running=1
[engine] loop iteration 8690, running=1
[engine] loop iteration 8700, running=1
[engine] loop iteration 8710, running=1
[engine] loop iteration 8720, running=1
[engine] loop iteration 8730, running=1
[engine] loop iteration 8740, running=1
[engine] loop iteration 8750, running=1
[engine] loop iteration 8760, running=1
[engine] loop iteration 8770, running=1
[engine] loop iteration 8780, running=1
[engine] loop iteration 8790, running=1
[engine] loop iteration 8800, running=1
[engine] loop iteration 8810, running=1
[engine] loop iteration 8820, running=1
[engine] loop iteration 8830, running=1
[engine] loop iteration 8840, running=1
[engine] loop iteration 8850, running=1
[engine] loop iteration 8860, running=1
[engine] loop iteration 8870, running=1
[engine] loop iteration 8880, running=1
[engine] loop iteration 8890, running=1
[engine] loop iteration 8900, running=1
[engine] loop iteration 8910, running=1
[engine] loop iteration 8920, running=1
[engine] loop iteration 8930, running=1
[engine] loop iteration 8940, running=1
[engine] loop iteration 8950, running=1
[engine] loop iteration 8960, running=1
[engine] loop iteration 8970, running=1
[engine] loop iteration 8980, running=1
[engine] loop iteration 8990, running=1
[engine] loop iteration 9000, running=1
[engine] loop iteration 9010, running=1
[engine] loop iteration 9020, running=1
[engine] loop iteration 9030, running=1
[engine] loop iteration 9040, running=1
[engine] loop iteration 9050, running=1
[engine] loop iteration 9060, running=1
[engine] loop iteration 9070, running=1
[engine] loop iteration 9080, running=1
[engine] loop iteration 9090, running=1
[engine] loop iteration 9100, running=1
[engine] loop iteration 9110, running=1
[engine] loop iteration 9120, running=1
[engine] loop iteration 9130, running=1
[engine] loop iteration 9140, running=1
[engine] loop iteration 9150, running=1
[engine] loop iteration 9160, running=1
[engine] loop iteration 9170, running=1
[engine] loop iteration 9180, running=1
[engine] loop iteration 9190, running=1
[engine] loop iteration 9200, running=1
[engine] loop iteration 9210, running=1
[engine] loop iteration 9220, running=1
[engine] loop iteration 9230, running=1
[engine] loop iteration 9240, running=1
[engine] loop iteration 9250, running=1
[engine] loop iteration 9260, running=1
[engine] loop iteration 9270, running=1
[engine] loop iteration 9280, running=1
[engine] loop iteration 9290, running=1
[engine] loop iteration 9300, running=1
[engine] loop iteration 9310, running=1
[engine] loop iteration 9320, running=1
[engine] loop iteration 9330, running=1
[engine] loop iteration 9340, running=1
[engine] loop iteration 9350, running=1
[engine] loop iteration 9360, running=1
[engine] loop iteration 9370, running=1
[engine] loop iteration 9380, running=1
[engine] loop iteration 9390, running=1
[engine] loop iteration 9400, running=1
[engine] loop iteration 9410, running=1
[engine] loop iteration 9420, running=1
[engine] loop iteration 9430, running=1
[engine] loop iteration 9440, running=1
[engine] loop iteration 9450, running=1
[engine] loop iteration 9460, running=1
[engine] loop iteration 9470, running=1
[engine] loop iteration 9480, running=1
[engine] loop iteration 9490, running=1
[engine] loop iteration 9500, running=1
[engine] loop iteration 9510, running=1
[engine] loop iteration 9520, running=1
[engine] loop iteration 9530, running=1
[engine] loop iteration 9540, running=1
[engine] loop iteration 9550, running=1
[engine] loop iteration 9560, running=1
[engine] loop iteration 9570, running=1
[engine] loop iteration 9580, running=1
[engine] loop iteration 9590, running=1
[engine] loop iteration 9600, running=1
[engine] loop iteration 9610, running=1
[engine] loop iteration 9620, running=1
[engine] loop iteration 9630, running=1
[engine] loop iteration 9640, running=1
[engine] loop iteration 9650, running=1
[engine] loop iteration 9660, running=1
[engine] loop iteration 9670, running=1
[engine] loop iteration 9680, running=1
[engine] loop iteration 9690, running=1
[engine] loop iteration 9700, running=1
[engine] loop iteration 9710, running=1
[engine] loop iteration 9720, running=1
[engine] loop iteration 9730, running=1
[engine] loop iteration 9740, running=1
[engine] loop iteration 9750, running=1
[engine] loop iteration 9760, running=1
[engine] loop iteration 9770, running=1
[engine] loop iteration 9780, running=1
[engine] loop iteration 9790, running=1
[engine] loop iteration 9800, running=1
[engine] loop iteration 9810, running=1
[engine] loop iteration 9820, running=1
[engine] loop iteration 9830, running=1
[engine] loop iteration 9840, running=1
[engine] loop iteration 9850, running=1
[engine] loop iteration 9860, running=1
[engine] loop iteration 9870, running=1
[engine] loop iteration 9880, running=1
[engine] loop iteration 9890, running=1
[engine] loop iteration 9900, running=1
[engine] loop iteration 9910, running=1
[engine] loop iteration 9920, running=1
[engine] loop iteration 9930, running=1
[engine] loop iteration 9940, running=1
[engine] loop iteration 9950, running=1
[engine] loop iteration 9960, running=1
[engine] loop iteration 9970, running=1
[engine] loop iteration 9980, running=1
[engine] loop iteration 9990, running=1
[engine] loop iteration 10000, running=1
[engine] loop iteration 10010, running=1
[engine] loop iteration 10020, running=1
[engine] loop iteration 10030, running=1
[engine] loop iteration 10040, running=1
[engine] loop iteration 10050, running=1
[engine] loop iteration 10060, running=1
[engine] loop iteration 10070, running=1
[engine] loop iteration 10080, running=1
[engine] loop iteration 10090, running=1
[engine] loop iteration 10100, running=1
[engine] loop iteration 10110, running=1
[engine] loop iteration 10120, running=1
[engine] loop iteration 10130, running=1
[engine] loop iteration 10140, running=1
[engine] loop iteration 10150, running=1
[engine] loop iteration 10160, running=1
[engine] loop iteration 10170, running=1
[engine] loop iteration 10180, running=1
[engine] loop iteration 10190, running=1
[engine] loop iteration 10200, running=1
[engine] loop iteration 10210, running=1
[engine] loop iteration 10220, running=1
[engine] loop iteration 10230, running=1
[engine] loop iteration 10240, running=1
[engine] loop iteration 10250, running=1
[engine] loop iteration 10260, running=1
[engine] loop iteration 10270, running=1
[engine] loop iteration 10280, running=1
[engine] loop iteration 10290, running=1
[engine] loop iteration 10300, running=1
[engine] loop iteration 10310, running=1
[engine] loop iteration 10320, running=1
[engine] loop iteration 10330, running=1
[engine] loop iteration 10340, running=1
[engine] loop iteration 10350, running=1
[engine] loop iteration 10360, running=1
[engine] loop iteration 10370, running=1
[engine] loop iteration 10380, running=1
[engine] loop iteration 10390, running=1
[engine] loop iteration 10400, running=1
[engine] loop iteration 10410, running=1
[engine] loop iteration 10420, running=1
[engine] loop iteration 10430, running=1
[engine] loop iteration 10440, running=1
[engine] loop iteration 10450, running=1
[engine] loop iteration 10460, running=1
[engine] loop iteration 10470, running=1
[engine] loop iteration 10480, running=1
[engine] loop iteration 10490, running=1
[engine] loop iteration 10500, running=1
[engine] loop iteration 10510, running=1
[engine] loop iteration 10520, running=1
[engine] loop iteration 10530, running=1
[engine] loop iteration 10540, running=1
[engine] loop iteration 10550, running=1
[engine] loop iteration 10560, running=1
[engine] loop iteration 10570, running=1
[engine] loop iteration 10580, running=1
[engine] loop iteration 10590, running=1
[engine] loop iteration 10600, running=1
[engine] loop iteration 10610, running=1
[engine] loop iteration 10620, running=1
[engine] loop iteration 10630, running=1
[engine] loop iteration 10640, running=1
[engine] loop iteration 10650, running=1
[engine] loop iteration 10660, running=1
[engine] loop iteration 10670, running=1
[engine] loop iteration 10680, running=1
[engine] loop iteration 10690, running=1
[engine] loop iteration 10700, running=1
[engine] loop iteration 10710, running=1
[engine] loop iteration 10720, running=1
[engine] loop iteration 10730, running=1
[engine] loop iteration 10740, running=1
[engine] loop iteration 10750, running=1
[engine] loop iteration 10760, running=1
[engine] loop iteration 10770, running=1
[engine] loop iteration 10780, running=1
[engine] loop iteration 10790, running=1
[engine] loop iteration 10800, running=1
[engine] loop iteration 10810, running=1
[engine] loop iteration 10820, running=1
[engine] loop iteration 10830, running=1
[engine] loop iteration 10840, running=1
[engine] loop iteration 10850, running=1
[engine] loop iteration 10860, running=1
[engine] loop iteration 10870, running=1
[engine] loop iteration 10880, running=1
[engine] loop iteration 10890, running=1
[engine] loop iteration 10900, running=1
[engine] loop iteration 10910, running=1
[engine] loop iteration 10920, running=1
[engine] loop iteration 10930, running=1
[engine] loop iteration 10940, running=1
[engine] loop iteration 10950, running=1
[engine] loop iteration 10960, running=1
[engine] loop iteration 10970, running=1
[engine] loop iteration 10980, running=1
[engine] loop iteration 10990, running=1
[engine] loop iteration 11000, running=1
[engine] loop iteration 11010, running=1
[engine] loop iteration 11020, running=1
[engine] loop iteration 11030, running=1
[engine] loop iteration 11040, running=1
[engine] loop iteration 11050, running=1
[engine] loop iteration 11060, running=1
[engine] loop iteration 11070, running=1
[engine] signal received: 2
[engine] signal received: 2
[engine] signal received: 15
Redis connect error: Connection refused
[engine] shutting down...
[snapshot] loaded engine_state.json
[engine] started; consuming order_commands group=engine-group consumer=engine-1 events_channel=engine_events
[engine] loop iteration 10, running=1
[engine] loop iteration 20, running=1
[engine] loop iteration 30, running=1
[engine] loop iteration 40, running=1
[engine] loop iteration 50, running=1
[engine] loop iteration 60, running=1
[engine] loop iteration 70, running=1
[engine] loop iteration 80, running=1
[engine] loop iteration 90, running=1
[engine] loop iteration 100, running=1
[engine] loop iteration 110, running=1
[engine] loop iteration 120, running=1
[engine] loop iteration 130, running=1
[engine] loop iteration 140, running=1
[engine] loop iteration 150, running=1
[engine] loop iteration 160, running=1
[engine] loop iteration 170, running=1
[engine] loop iteration 180, running=1
[engine] loop iteration 190, running=1
[engine] loop iteration 200, running=1
[engine] loop iteration 210, running=1
[engine] loop iteration 220, running=1
[engine] loop iteration 230, running=1
[engine] loop iteration 240, running=1
[engine] loop iteration 250, running=1
[engine] loop iteration 260, running=1
[engine] loop iteration 270, running=1
[engine] loop iteration 280, running=1
[engine] loop iteration 290, running=1
[engine] loop iteration 300, running=1
[engine] loop iteration 310, running=1
[engine] loop iteration 320, running=1
[engine] loop iteration 330, running=1
[engine] loop iteration 340, running=1
[engine] loop iteration 350, running=1
[engine] loop iteration 360, running=1
[engine] loop iteration 370, running=1
[engine] loop iteration 380, running=1
[engine] loop iteration 390, running=1
[engine] loop iteration 400, running=1
[engine] loop iteration 410, running=1
[engine] loop iteration 420, running=1
[engine] loop iteration 430, running=1
[engine] loop iteration 440, running=1
[engine] loop iteration 450, running=1
[engine] loop iteration 460, running=1
[engine] loop iteration 470, running=1
[engine] loop iteration 480, running=1
[engine] loop iteration 490, running=1
[engine] loop iteration 500, running=1
[engine] loop iteration 510, running=1
[engine] loop iteration 520, running=1
[engine] loop iteration 530, running=1
[engine] loop iteration 540, running=1
[engine] loop iteration 550, running=1
[engine] loop iteration 560, running=1
[engine] loop iteration 570, running=1
[engine] loop iteration 580, running=1
[engine] loop iteration 590, running=1
[engine] loop iteration 600, running=1
[engine] loop iteration 610, running=1
[engine] loop iteration 620, running=1
[engine] loop iteration 630, running=1
[engine] loop iteration 640, running=1
[engine] loop iteration 650, running=1
[engine] loop iteration 660, running=1
[engine] loop iteration 670, running=1
[engine] loop iteration 680, running=1
[engine] loop iteration 690, running=1
[engine] loop iteration 700, running=1
[engine] loop iteration 710, running=1
[engine] loop iteration 720, running=1
[engine] loop iteration 730, running=1
[engine] loop iteration 740, running=1
[engine] loop iteration 750, running=1
[engine] loop iteration 760, running=1
[engine] loop iteration 770, running=1
[engine] loop iteration 780, running=1
[engine] loop iteration 790, running=1
[engine] loop iteration 800, running=1
[engine] loop iteration 810, running=1
[engine] loop iteration 820, running=1
[engine] loop iteration 830, running=1
[engine] loop iteration 840, running=1
[engine] loop iteration 850, running=1
[engine] loop iteration 860, running=1
[engine] loop iteration 870, running=1
[engine] loop iteration 880, running=1
[engine] loop iteration 890, running=1
[engine] loop iteration 900, running=1
[engine] loop iteration 910, running=1
[engine] loop iteration 920, running=1
[engine] loop iteration 930, running=1
[engine] loop iteration 940, running=1
[engine] loop iteration 950, running=1
[engine] loop iteration 960, running=1
[engine] loop iteration 970, running=1
[engine] loop iteration 980, running=1
[engine] loop iteration 990, running=1
[engine] loop iteration 1000, running=1
[engine] loop iteration 1010, running=1
[engine] loop iteration 1020, running=1
[engine] loop iteration 1030, running=1
[engine] loop iteration 1040, running=1
[engine] loop iteration 1050, running=1
[engine] loop iteration 1060, running=1
[engine] loop iteration 1070, running=1
[engine] loop iteration 1080, running=1
[engine] loop iteration 1090, running=1
[engine] loop iteration 1100, running=1
[engine] loop iteration 1110, running=1
[engine] loop iteration 1120, running=1
[engine] loop iteration 1130, running=1
[engine] loop iteration 1140, running=1
[engine] loop iteration 1150, running=1
[engine] loop iteration 1160, running=1
[engine] loop iteration 1170, running=1
[engine] loop iteration 1180, running=1
[engine] loop iteration 1190, running=1
[engine] loop iteration 1200, running=1
[engine] loop iteration 1210, running=1
[engine] loop iteration 1220, running=1
[engine] loop iteration 1230, running=1
[engine] loop iteration 1240, running=1
[engine] loop iteration 1250, running=1
[engine] loop iteration 1260, running=1
[engine] loop iteration 1270, running=1
[engine] loop iteration 1280, running=1
[engine] loop iteration 1290, running=1
[engine] loop iteration 1300, running=1
[engine] loop iteration 1310, running=1
[engine] loop iteration 1320, running=1
[engine] loop iteration 1330, running=1
[engine] loop iteration 1340, running=1
[engine] loop iteration 1350, running=1
[engine] loop iteration 1360, running=1
[engine] loop iteration 1370, running=1
[engine] loop iteration 1380, running=1
[engine] loop iteration 1390, running=1
[engine] loop iteration 1400, running=1
[engine] loop iteration 1410, running=1
[engine] loop iteration 1420, running=1
[engine] loop iteration 1430, running=1
[engine] loop iteration 1440, running=1
[engine] loop iteration 1450, running=1
[engine] loop iteration 1460, running=1
[engine] loop iteration 1470, running=1
[engine] loop iteration 1480, running=1
[engine] loop iteration 1490, running=1
[engine] loop iteration 1500, running=1
[engine] loop iteration 1510, running=1
[engine] loop iteration 1520, running=1
[engine] loop iteration 1530, running=1
[engine] loop iteration 1540, running=1
[engine] loop iteration 1550, running=1
[engine] loop iteration 1560, running=1
[engine] loop iteration 1570, running=1
[engine] loop iteration 1580, running=1
[engine] loop iteration 1590, running=1
[engine] loop iteration 1600, running=1
[engine] loop iteration 1610, running=1
[engine] loop iteration 1620, running=1
[engine] loop iteration 1630, running=1
[engine] loop iteration 1640, running=1
[engine] loop iteration 1650, running=1
[engine] loop iteration 1660, running=1
[engine] loop iteration 1670, running=1
[engine] loop iteration 1680, running=1
[engine] loop iteration 1690, running=1
[engine] loop iteration 1700, running=1
[engine] loop iteration 1710, running=1
[engine] loop iteration 1720, running=1
[engine] loop iteration 1730, running=1
[engine] loop iteration 1740, running=1
[engine] loop iteration 1750, running=1
[engine] loop iteration 1760, running=1
[engine] loop iteration 1770, running=1
[engine] loop iteration 1780, running=1
[engine] loop iteration 1790, running=1
[engine] loop iteration 1800, running=1
[engine] loop iteration 1810, running=1
[engine] loop iteration 1820, running=1
[engine] loop iteration 1830, running=1
[engine] loop iteration 1840, running=1
[engine] loop iteration 1850, running=1
[engine] loop iteration 1860, running=1
[engine] loop iteration 1870, running=1
[engine] loop iteration 1880, running=1
[engine] loop iteration 1890, running=1
[engine] loop iteration 1900, running=1
[engine] loop iteration 1910, running=1
[engine] loop iteration 1920, running=1
[engine] loop iteration 1930, running=1
[engine] loop iteration 1940, running=1
[engine] loop iteration 1950, running=1
[engine] loop iteration 1960, running=1
[engine] loop iteration 1970, running=1
[engine] loop iteration 1980, running=1
[engine] loop iteration 1990, running=1
[engine] loop iteration 2000, running=1
[engine] loop iteration 2010, running=1
[engine] loop iteration 2020, running=1
[engine] loop iteration 2030, running=1
[engine] loop iteration 2040, running=1
[engine] loop iteration 2050, running=1
[engine] loop iteration 2060, running=1
[engine] loop iteration 2070, running=1
[engine] loop iteration 2080, running=1
[engine] loop iteration 2090, running=1
[engine] loop iteration 2100, running=1
[engine] loop iteration 2110, running=1
[engine] loop iteration 2120, running=1
[engine] loop iteration 2130, running=1
[engine] loop iteration 2140, running=1
[engine] loop iteration 2150, running=1
[engine] loop iteration 2160, running=1
[engine] loop iteration 2170, running=1
[engine] loop iteration 2180, running=1
[engine] loop iteration 2190, running=1
[engine] loop iteration 2200, running=1
[engine] loop iteration 2210, running=1
[engine] loop iteration 2220, running=1
[engine] loop iteration 2230, running=1
[engine] loop iteration 2240, running=1
[engine] loop iteration 2250, running=1
[engine] loop iteration 2260, running=1
[engine] loop iteration 2270, running=1
[engine] loop iteration 2280, running=1
[engine] loop iteration 2290, running=1
[engine] loop iteration 2300, running=1
[engine] loop iteration 2310, running=1
[engine] loop iteration 2320, running=1
[engine] loop iteration 2330, running=1
[engine] loop iteration 2340, running=1
[engine] loop iteration 2350, running=1
[engine] loop iteration 2360, running=1
[engine] loop iteration 2370, running=1
[engine] loop iteration 2380, running=1
[engine] loop iteration 2390, running=1
[engine] loop iteration 2400, running=1
[engine] loop iteration 2410, running=1
[engine] loop iteration 2420, running=1
[engine] loop iteration 2430, running=1
[engine] loop iteration 2440, running=1
[engine] loop iteration 2450, running=1
[engine] loop iteration 2460, running=1
[engine] loop iteration 2470, running=1
[engine] loop iteration 2480, running=1
[engine] loop iteration 2490, running=1
[engine] loop iteration 2500, running=1
[engine] loop iteration 2510, running=1
[engine] loop iteration 2520, running=1
[engine] loop iteration 2530, running=1
[engine] loop iteration 2540, running=1
[engine] loop iteration 2550, running=1
[engine] loop iteration 2560, running=1
[engine] loop iteration 2570, running=1
[engine] loop iteration 2580, running=1
[engine] loop iteration 2590, running=1
[engine] loop iteration 2600, running=1
[engine] loop iteration 2610, running=1
[engine] loop iteration 2620, running=1
[engine] loop iteration 2630, running=1
[engine] loop iteration 2640, running=1
[engine] loop iteration 2650, running=1
[engine] loop iteration 2660, running=1
[engine] loop iteration 2670, running=1
[engine] loop iteration 2680, running=1
[engine] loop iteration 2690, running=1
[engine] loop iteration 2700, running=1
[engine] loop iteration 2710, running=1
[engine] loop iteration 2720, running=1
[engine] loop iteration 2730, running=1
[engine] loop iteration 2740, running=1
[engine] loop iteration 2750, running=1
[engine] loop iteration 2760, running=1
[engine] loop iteration 2770, running=1
[engine] loop iteration 2780, running=1
[engine] loop iteration 2790, running=1
[engine] loop iteration 2800, running=1
[engine] loop iteration 2810, running=1
[engine] loop iteration 2820, running=1
[engine] loop iteration 2830, running=1
[engine] loop iteration 2840, running=1
[engine] loop iteration 2850, running=1
[engine] loop iteration 2860, running=1
[engine] loop iteration 2870, running=1
[engine] loop iteration 2880, running=1
[engine] loop iteration 2890, running=1
[engine] loop iteration 2900, running=1
[engine] loop iteration 2910, running=1
[engine] loop iteration 2920, running=1
[engine] loop iteration 2930, running=1
[engine] loop iteration 2940, running=1
[engine] loop iteration 2950, running=1
[engine] loop iteration 2960, running=1
[engine] loop iteration 2970, running=1
[engine] loop iteration 2980, running=1
[engine] loop iteration 2990, running=1
[engine] loop iteration 3000, running=1
[engine] signal received: 2
[engine] shutting down...
[snapshot] loaded engine_state.json
[engine] started; consuming order_commands group=engine-group consumer=engine-1 events_channel=engine_events
[engine] loop iteration 10, running=1
[engine] loop iteration 20, running=1
[engine] loop iteration 30, running=1
[engine] loop iteration 40, running=1
[engine] loop iteration 50, running=1
[engine] loop iteration 60, running=1
[engine] loop iteration 70, running=1
[engine] loop iteration 80, running=1
[engine] loop iteration 90, running=1
[engine] loop iteration 100, running=1
[engine] loop iteration 110, running=1
[engine] loop iteration 120, running=1
[engine] loop iteration 130, running=1
[engine] loop iteration 140, running=1
[engine] loop iteration 150, running=1
[engine] loop iteration 160, running=1
[engine] loop iteration 170, running=1
[engine] loop iteration 180, running=1
[engine] loop iteration 190, running=1
[engine] loop iteration 200, running=1
[engine] loop iteration 210, running=1
[engine] loop iteration 220, running=1
[engine] loop iteration 230, running=1
[engine] loop iteration 240, running=1
[engine] loop iteration 250, running=1
[engine] loop iteration 260, running=1
[engine] loop iteration 270, running=1
[engine] loop iteration 280, running=1
[engine] loop iteration 290, running=1
[engine] loop iteration 300, running=1
[engine] loop iteration 310, running=1
[engine] loop iteration 320, running=1
[engine] loop iteration 330, running=1
[engine] loop iteration 340, running=1
[engine] loop iteration 350, running=1
[engine] loop iteration 360, running=1
[engine] loop iteration 370, running=1
[engine] loop iteration 380, running=1
[engine] loop iteration 390, running=1
[engine] loop iteration 400, running=1
[engine] loop iteration 410, running=1
[engine] loop iteration 420, running=1
[engine] loop iteration 430, running=1
[engine] loop iteration 440, running=1
[engine] loop iteration 450, running=1
[engine] loop iteration 460, running=1
[engine] loop iteration 470, running=1
[engine] loop iteration 480, running=1
[engine] loop iteration 490, running=1
[engine] loop iteration 500, running=1
[engine] loop iteration 510, running=1
[engine] loop iteration 520, running=1
[engine] loop iteration 530, running=1
[engine] loop iteration 540, running=1
[engine] loop iteration 550, running=1
[engine] loop iteration 560, running=1
[engine] loop iteration 570, running=1
[engine] loop iteration 580, running=1
[engine] loop iteration 590, running=1
[engine] loop iteration 600, running=1
[engine] loop iteration 610, running=1
[engine] loop iteration 620, running=1
[engine] loop iteration 630, running=1
[engine] loop iteration 640, running=1
[engine] loop iteration 650, running=1
[engine] loop iteration 660, running=1
[engine] loop iteration 670, running=1
[engine] loop iteration 680, running=1
[engine] loop iteration 690, running=1
[engine] loop iteration 700, running=1
[engine] loop iteration 710, running=1
[engine] loop iteration 720, running=1
[engine] loop iteration 730, running=1
[engine] loop iteration 740, running=1
[engine] loop iteration 750, running=1
[engine] loop iteration 760, running=1
[engine] loop iteration 770, running=1
[engine] loop iteration 780, running=1
[engine] loop iteration 790, running=1
[engine] loop iteration 800, running=1
[engine] loop iteration 810, running=1
[engine] loop iteration 820, running=1
[engine] loop iteration 830, running=1
[engine] loop iteration 840, running=1
[engine] loop iteration 850, running=1
[engine] loop iteration 860, running=1
[engine] loop iteration 870, running=1
[engine] loop iteration 880, running=1
[engine] loop iteration 890, running=1
[engine] loop iteration 900, running=1
[engine] loop iteration 910, running=1
[engine] loop iteration 920, running=1
[engine] loop iteration 930, running=1
[engine] loop iteration 940, running=1
[engine] loop iteration 950, running=1
[engine] loop iteration 960, running=1
[engine] loop iteration 970, running=1
[engine] loop iteration 980, running=1
[engine] loop iteration 990, running=1
[engine] loop iteration 1000, running=1
[engine] loop iteration 1010, running=1
[engine] loop iteration 1020, running=1
[engine] loop iteration 1030, running=1
[engine] loop iteration 1040, running=1
[engine] loop iteration 1050, running=1
[engine] loop iteration 1060, running=1
[engine] loop iteration 1070, running=1
[engine] loop iteration 1080, running=1
[engine] loop iteration 1090, running=1
[engine] loop iteration 1100, running=1
[engine] loop iteration 1110, running=1
[engine] loop iteration 1120, running=1
[engine] loop iteration 1130, running=1
[engine] loop iteration 1140, running=1
[engine] loop iteration 1150, running=1
[engine] loop iteration 1160, running=1
[engine] loop iteration 1170, running=1
[engine] loop iteration 1180, running=1
[engine] loop iteration 1190, running=1
[engine] loop iteration 1200, running=1
[engine] loop iteration 1210, running=1
[engine] loop iteration 1220, running=1
[engine] loop iteration 1230, running=1
[engine] loop iteration 1240, running=1
[engine] loop iteration 1250, running=1
[engine] loop iteration 1260, running=1
[engine] loop iteration 1270, running=1
[engine] loop iteration 1280, running=1
[engine] loop iteration 1290, running=1
[engine] loop iteration 1300, running=1
[engine] loop iteration 1310, running=1
[engine] loop iteration 1320, running=1
[engine] loop iteration 1330, running=1
[engine] loop iteration 1340, running=1
[engine] loop iteration 1350, running=1
[engine] loop iteration 1360, running=1
[engine] loop iteration 1370, running=1
[engine] loop iteration 1380, running=1
[engine] loop iteration 1390, running=1
[engine] signal received: 2
[engine] signal received: 2
[engine] signal received: 15
Redis connect error: Connection refused
[engine] shutting down...
[snapshot] loaded engine_state.json
[engine] started; consuming order_commands group=engine-group consumer=engine-1 events_channel=engine_events
[engine] loop iteration 10, running=1
[engine] loop iteration 20, running=1
[engine] loop iteration 30, running=1
[engine] loop iteration 40, running=1
[engine] loop iteration 50, running=1
[engine] loop iteration 60, running=1
[engine] loop iteration 70, running=1
[engine] loop iteration 80, running=1
[engine] loop iteration 90, running=1
[engine] loop iteration 100, running=1
[engine] loop iteration 110, running=1
[engine] loop iteration 120, running=1
[engine] loop iteration 130, running=1
[engine] loop iteration 140, running=1
[engine] loop iteration 150, running=1
[engine] loop iteration 160, running=1
[engine] loop iteration 170, running=1
[engine] loop iteration 180, running=1
[engine] loop iteration 190, running=1
[engine] loop iteration 200, running=1
[engine] loop iteration 210, running=1
[engine] loop iteration 220, running=1
[engine] loop iteration 230, running=1
[engine] loop iteration 240, running=1
[engine] loop iteration 250, running=1
[engine] loop iteration 260, running=1
[engine] loop iteration 270, running=1
[engine] loop iteration 280, running=1
[engine] loop iteration 290, running=1
[engine] loop iteration 300, running=1
[engine] loop iteration 310, running=1
[engine] loop iteration 320, running=1
[engine] loop iteration 330, running=1
[engine] loop iteration 340, running=1
[engine] loop iteration 350, running=1
[engine] loop iteration 360, running=1
[engine] loop iteration 370, running=1
[engine] loop iteration 380, running=1
[engine] loop iteration 390, running=1
[engine] loop iteration 400, running=1
[engine] loop iteration 410, running=1
[engine] loop iteration 420, running=1
[engine] loop iteration 430, running=1
[engine] loop iteration 440, running=1
[engine] loop iteration 450, running=1
[engine] loop iteration 460, running=1
[engine] loop iteration 470, running=1
[engine] loop iteration 480, running=1
[engine] loop iteration 490, running=1
[engine] loop iteration 500, running=1
[engine] loop iteration 510, running=1
[engine] loop iteration 520, running=1
[engine] loop iteration 530, running=1
[engine] loop iteration 540, running=1
[engine] loop iteration 550, running=1
[engine] loop iteration 560, running=1
[engine] loop iteration 570, running=1
[engine] loop iteration 580, running=1
[engine] loop iteration 590, running=1
[engine] loop iteration 600, running=1
[engine] loop iteration 610, running=1
[engine] loop iteration 620, running=1
[engine] loop iteration 630, running=1
[engine] loop iteration 640, running=1
[engine] loop iteration 650, running=1
[engine] loop iteration 660, running=1
[engine] loop iteration 670, running=1
[engine] loop iteration 680, running=1
[engine] loop iteration 690, running=1
[engine] loop iteration 700, running=1
[engine] loop iteration 710, running=1
[engine] loop iteration 720, running=1
[engine] loop iteration 730, running=1
[engine] loop iteration 740, running=1
[engine] loop iteration 750, running=1
[engine] loop iteration 760, running=1
[engine] loop iteration 770, running=1
[engine] loop iteration 780, running=1
[engine] loop iteration 790, running=1
[engine] loop iteration 800, running=1
[engine] loop iteration 810, running=1
[engine] loop iteration 820, running=1
[engine] loop iteration 830, running=1
[engine] loop iteration 840, running=1
[engine] loop iteration 850, running=1
[engine] loop iteration 860, running=1
[engine] loop iteration 870, running=1
[engine] loop iteration 880, running=1
[engine] loop iteration 890, running=1
[engine] loop iteration 900, running=1
[engine] loop iteration 910, running=1
[engine] loop iteration 920, running=1
[engine] loop iteration 930, running=1
[engine] loop iteration 940, running=1
[engine] loop iteration 950, running=1
[engine] loop iteration 960, running=1
[engine] loop iteration 970, running=1
[engine] loop iteration 980, running=1
[engine] loop iteration 990, running=1
[engine] loop iteration 1000, running=1
[engine] loop iteration 1010, running=1
[engine] loop iteration 1020, running=1
[engine] loop iteration 1030, running=1
[engine] loop iteration 1040, running=1
[engine] loop iteration 1050, running=1
[engine] loop iteration 1060, running=1
[engine] loop iteration 1070, running=1
[engine] loop iteration 1080, running=1
[engine] loop iteration 1090, running=1
[engine] loop iteration 1100, running=1
[engine] loop iteration 1110, running=1
[engine] loop iteration 1120, running=1
[engine] loop iteration 1130, running=1
[engine] loop iteration 1140, running=1
[engine] loop iteration 1150, running=1
[engine] loop iteration 1160, running=1
[engine] loop iteration 1170, running=1
[engine] loop iteration 1180, running=1
[engine] loop iteration 1190, running=1
[engine] loop iteration 1200, running=1
[engine] loop iteration 1210, running=1
[engine] loop iteration 1220, running=1
[engine] loop iteration 1230, running=1
[engine] loop iteration 1240, running=1
[engine] loop iteration 1250, running=1
[engine] loop iteration 1260, running=1
[engine] loop iteration 1270, running=1
[engine] loop iteration 1280, running=1
[engine] loop iteration 1290, running=1
[engine] loop iteration 1300, running=1
[engine] loop iteration 1310, running=1
[engine] loop iteration 1320, running=1
[engine] loop iteration 1330, running=1
[engine] loop iteration 1340, running=1
[engine] loop iteration 1350, running=1
[engine] loop iteration 1360, running=1
[engine] loop iteration 1370, running=1
[engine] loop iteration 1380, running=1
[engine] loop iteration 1390, running=1
[engine] loop iteration 1400, running=1
[engine] loop iteration 1410, running=1
[engine] loop iteration 1420, running=1
[engine] loop iteration 1430, running=1
[engine] loop iteration 1440, running=1
[engine] loop iteration 1450, running=1
[engine] loop iteration 1460, running=1
[engine] loop iteration 1470, running=1
[engine] loop iteration 1480, running=1
[engine] loop iteration 1490, running=1
[engine] loop iteration 1500, running=1
[engine] loop iteration 1510, running=1
[engine] loop iteration 1520, running=1
[engine] loop iteration 1530, running=1
[engine] loop iteration 1540, running=1
[engine] loop iteration 1550, running=1
[engine] loop iteration 1560, running=1
[engine] loop iteration 1570, running=1
[engine] loop iteration 1580, running=1
[engine] loop iteration 1590, running=1
[engine] loop iteration 1600, running=1
[engine] loop iteration 1610, running=1
[engine] loop iteration 1620, running=1
[engine] loop iteration 1630, running=1
[engine] loop iteration 1640, running=1
[engine] loop iteration 1650, running=1
[engine] loop iteration 1660, running=1
[engine] loop iteration 1670, running=1
[engine] loop iteration 1680, running=1
[engine] loop iteration 1690, running=1
[engine] loop iteration 1700, running=1
[engine] loop iteration 1710, running=1
[engine] loop iteration 1720, running=1
[engine] loop iteration 1730, running=1
[engine] loop iteration 1740, running=1
[engine] loop iteration 1750, running=1
[engine] loop iteration 1760, running=1
[engine] loop iteration 1770, running=1
[engine] loop iteration 1780, running=1
[engine] loop iteration 1790, running=1
[engine] loop iteration 1800, running=1
[engine] loop iteration 1810, running=1
[engine] loop iteration 1820, running=1
[engine] loop iteration 1830, running=1
[engine] loop iteration 1840, running=1
[engine] loop iteration 1850, running=1
[engine] loop iteration 1860, running=1
[engine] loop iteration 1870, running=1
[engine] loop iteration 1880, running=1
[engine] loop iteration 1890, running=1
[engine] loop iteration 1900, running=1
[engine] loop iteration 1910, running=1
[engine] loop iteration 1920, running=1
[engine] loop iteration 1930, running=1
[engine] loop iteration 1940, running=1
[engine] loop iteration 1950, running=1
[engine] loop iteration 1960, running=1
[engine] loop iteration 1970, running=1
[engine] loop iteration 1980, running=1
[engine] loop iteration 1990, running=1
[engine] loop iteration 2000, running=1
[engine] loop iteration 2010, running=1
[engine] loop iteration 2020, running=1
[engine] loop iteration 2030, running=1
[engine] loop iteration 2040, running=1
[engine] loop iteration 2050, running=1
[engine] loop iteration 2060, running=1
[engine] loop iteration 2070, running=1
[engine] loop iteration 2080, running=1
[engine] loop iteration 2090, running=1
[engine] loop iteration 2100, running=1
[engine] loop iteration 2110, running=1
[engine] loop iteration 2120, running=1
[engine] loop iteration 2130, running=1
[engine] loop iteration 2140, running=1
[engine] loop iteration 2150, running=1
[engine] loop iteration 2160, running=1
[engine] loop iteration 2170, running=1
[engine] loop iteration 2180, running=1
[engine] loop iteration 2190, running=1
[engine] loop iteration 2200, running=1
[engine] loop iteration 2210, running=1
[engine] loop iteration 2220, running=1
[engine] loop iteration 2230, running=1
[engine] loop iteration 2240, running=1
[engine] loop iteration 2250, running=1
[engine] loop iteration 2260, running=1
[engine] loop iteration 2270, running=1
[engine] loop iteration 2280, running=1
[engine] loop iteration 2290, running=1
[engine] loop iteration 2300, running=1
[engine] loop iteration 2310, running=1
[engine] loop iteration 2320, running=1
[engine] loop iteration 2330, running=1
[engine] loop iteration 2340, running=1
[engine] loop iteration 2350, running=1
[engine] loop iteration 2360, running=1
[engine] loop iteration 2370, running=1
[engine] loop iteration 2380, running=1
[engine] loop iteration 2390, running=1
[engine] loop iteration 2400, running=1
[engine] loop iteration 2410, running=1
[engine] loop iteration 2420, running=1
[engine] loop iteration 2430, running=1
[engine] loop iteration 2440, running=1
[engine] loop iteration 2450, running=1
[engine] loop iteration 2460, running=1
[engine] loop iteration 2470, running=1
[engine] loop iteration 2480, running=1
[engine] loop iteration 2490, running=1
[engine] loop iteration 2500, running=1
[engine] loop iteration 2510, running=1
[engine] loop iteration 2520, running=1
[engine] loop iteration 2530, running=1
[engine] loop iteration 2540, running=1
[engine] loop iteration 2550, running=1
[engine] loop iteration 2560, running=1
[engine] loop iteration 2570, running=1
[engine] loop iteration 2580, running=1
[engine] loop iteration 2590, running=1
[engine] loop iteration 2600, running=1
[engine] loop iteration 2610, running=1
[engine] loop iteration 2620, running=1
[engine] loop iteration 2630, running=1
[engine] loop iteration 2640, running=1
[engine] loop iteration 2650, running=1
[engine] loop iteration 2660, running=1
[engine] loop iteration 2670, running=1
[engine] loop iteration 2680, running=1
[engine] loop iteration 2690, running=1
[engine] loop iteration 2700, running=1
[engine] loop iteration 2710, running=1
[engine] loop iteration 2720, running=1
[engine] loop iteration 2730, running=1
[engine] loop iteration 2740, running=1
[engine] loop iteration 2750, running=1
[engine] loop iteration 2760, running=1
[engine] loop iteration 2770, running=1
[engine] loop iteration 2780, running=1
[engine] loop iteration 2790, running=1
[engine] loop iteration 2800, running=1
[engine] loop iteration 2810, running=1
[engine] loop iteration 2820, running=1
[engine] loop iteration 2830, running=1
[engine] loop iteration 2840, running=1
[engine] loop iteration 2850, running=1
[engine] loop iteration 2860, running=1
[engine] loop iteration 2870, running=1
[engine] loop iteration 2880, running=1
[engine] loop iteration 2890, running=1
[engine] loop iteration 2900, running=1
[engine] loop iteration 2910, running=1
[engine] loop iteration 2920, running=1
[engine] loop iteration 2930, running=1
[engine] loop iteration 2940, running=1
[engine] loop iteration 2950, running=1
[engine] loop iteration 2960, running=1
[engine] loop iteration 2970, running=1
[engine] loop iteration 2980, running=1
[engine] loop iteration 2990, running=1
[engine] loop iteration 3000, running=1
[engine] loop iteration 3010, running=1
[engine] loop iteration 3020, running=1
[engine] loop iteration 3030, running=1
[engine] loop iteration 3040, running=1
[engine] loop iteration 3050, running=1
[engine] loop iteration 3060, running=1
[engine] loop iteration 3070, running=1
[engine] loop iteration 3080, running=1
[engine] loop iteration 3090, running=1
[engine] loop iteration 3100, running=1
[engine] loop iteration 3110, running=1
[engine] loop iteration 3120, running=1
[engine] loop iteration 3130, running=1
[engine] loop iteration 3140, running=1
[engine] loop iteration 3150, running=1
[engine] loop iteration 3160, running=1
[engine] loop iteration 3170, running=1
[engine] loop iteration 3180, running=1
[engine] loop iteration 3190, running=1
[engine] loop iteration 3200, running=1
[engine] loop iteration 3210, running=1
[engine] loop iteration 3220, running=1
[engine] loop iteration 3230, running=1
[engine] loop iteration 3240, running=1
[engine] loop iteration 3250, running=1
[engine] loop iteration 3260, running=1
[engine] loop iteration 3270, running=1
[engine] loop iteration 3280, running=1
[engine] loop iteration 3290, running=1
[engine] loop iteration 3300, running=1
[engine] loop iteration 3310, running=1
[engine] loop iteration 3320, running=1
[engine] loop iteration 3330, running=1
[engine] loop iteration 3340, running=1
[engine] loop iteration 3350, running=1
[engine] loop iteration 3360, running=1
[engine] loop iteration 3370, running=1
[engine] loop iteration 3380, running=1
[engine] loop iteration 3390, running=1
[engine] loop iteration 3400, running=1
[engine] loop iteration 3410, running=1
[engine] loop iteration 3420, running=1
[engine] loop iteration 3430, running=1
[engine] loop iteration 3440, running=1
[engine] loop iteration 3450, running=1
[engine] loop iteration 3460, running=1
[engine] loop iteration 3470, running=1
[engine] loop iteration 3480, running=1
[engine] loop iteration 3490, running=1
[engine] loop iteration 3500, running=1
[engine] loop iteration 3510, running=1
[engine] loop iteration 3520, running=1
[engine] loop iteration 3530, running=1
[engine] loop iteration 3540, running=1
[engine] loop iteration 3550, running=1
[engine] loop iteration 3560, running=1
[engine] loop iteration 3570, running=1
[engine] loop iteration 3580, running=1
[engine] loop iteration 3590, running=1
[engine] loop iteration 3600, running=1
[engine] loop iteration 3610, running=1
[engine] loop iteration 3620, running=1
[engine] loop iteration 3630, running=1
[engine] loop iteration 3640, running=1
[engine] loop iteration 3650, running=1
[engine] loop iteration 3660, running=1
[engine] loop iteration 3670, running=1
[engine] loop iteration 3680, running=1
[engine] loop iteration 3690, running=1
[engine] loop iteration 3700, running=1
[engine] loop iteration 3710, running=1
[engine] loop iteration 3720, running=1
[engine] loop iteration 3730, running=1
[engine] loop iteration 3740, running=1
[engine] loop iteration 3750, running=1
[engine] loop iteration 3760, running=1
[engine] loop iteration 3770, running=1
[engine] loop iteration 3780, running=1
[engine] loop iteration 3790, running=1
[engine] loop iteration 3800, running=1
[engine] loop iteration 3810, running=1
[engine] loop iteration 3820, running=1
[engine] loop iteration 3830, running=1
[engine] loop iteration 3840, running=1
[engine] loop iteration 3850, running=1
[engine] loop iteration 3860, running=1
[engine] loop iteration 3870, running=1
[engine] loop iteration 3880, running=1
[engine] loop iteration 3890, running=1
[engine] loop iteration 3900, running=1
[engine] loop iteration 3910, running=1
[engine] loop iteration 3920, running=1
[engine] loop iteration 3930, running=1
[engine] loop iteration 3940, running=1
[engine] loop iteration 3950, running=1
[engine] loop iteration 3960, running=1
[engine] loop iteration 3970, running=1
[engine] loop iteration 3980, running=1
[engine] loop iteration 3990, running=1
[engine] loop iteration 4000, running=1
[engine] loop iteration 4010, running=1
[engine] loop iteration 4020, running=1
[engine] loop iteration 4030, running=1
[engine] loop iteration 4040, running=1
[engine] loop iteration 4050, running=1
[engine] loop iteration 4060, running=1
[engine] loop iteration 4070, running=1
[engine] loop iteration 4080, running=1
[engine] loop iteration 4090, running=1
[engine] loop iteration 4100, running=1
[engine] loop iteration 4110, running=1
[engine] loop iteration 4120, running=1
[engine] loop iteration 4130, running=1
[engine] loop iteration 4140, running=1
[engine] loop iteration 4150, running=1
[engine] loop iteration 4160, running=1
[engine] loop iteration 4170, running=1
[engine] loop iteration 4180, running=1
[engine] loop iteration 4190, running=1
[engine] loop iteration 4200, running=1
[engine] loop iteration 4210, running=1
[engine] loop iteration 4220, running=1
[engine] loop iteration 4230, running=1
[engine] loop iteration 4240, running=1
[engine] loop iteration 4250, running=1
[engine] loop iteration 4260, running=1
[engine] loop iteration 4270, running=1
[engine] loop iteration 4280, running=1
[engine] loop iteration 4290, running=1
[engine] loop iteration 4300, running=1
[engine] loop iteration 4310, running=1
[engine] loop iteration 4320, running=1
[engine] loop iteration 4330, running=1
[engine] loop iteration 4340, running=1
[engine] loop iteration 4350, running=1
[engine] loop iteration 4360, running=1
[engine] loop iteration 4370, running=1
[engine] loop iteration 4380, running=1
[engine] loop iteration 4390, running=1
[engine] loop iteration 4400, running=1
[engine] loop iteration 4410, running=1
[engine] loop iteration 4420, running=1
[engine] loop iteration 4430, running=1
[engine] loop iteration 4440, running=1
[engine] loop iteration 4450, running=1
[engine] loop iteration 4460, running=1
[engine] loop iteration 4470, running=1
[engine] loop iteration 4480, running=1
[engine] loop iteration 4490, running=1
[engine] loop iteration 4500, running=1
[engine] loop iteration 4510, running=1
[engine] loop iteration 4520, running=1
[engine] loop iteration 4530, running=1
[engine] loop iteration 4540, running=1
[engine] loop iteration 4550, running=1
[engine] loop iteration 4560, running=1
[engine] loop iteration 4570, running=1
[engine] loop iteration 4580, running=1
[engine] loop iteration 4590, running=1
[engine] loop iteration 4600, running=1
[engine] loop iteration 4610, running=1
[engine] loop iteration 4620, running=1
[engine] loop iteration 4630, running=1
[engine] loop iteration 4640, running=1
[engine] loop iteration 4650, running=1
[engine] loop iteration 4660, running=1
[engine] loop iteration 4670, running=1
[engine] loop iteration 4680, running=1
[engine] loop iteration 4690, running=1
[engine] loop iteration 4700, running=1
[engine] loop iteration 4710, running=1
[engine] loop iteration 4720, running=1
[engine] loop iteration 4730, running=1
[engine] loop iteration 4740, running=1
[engine] loop iteration 4750, running=1
[engine] loop iteration 4760, running=1
[engine] loop iteration 4770, running=1
[engine] loop iteration 4780, running=1
[engine] loop iteration 4790, running=1
[engine] loop iteration 4800, running=1
[engine] loop iteration 4810, running=1
[engine] loop iteration 4820, running=1
[engine] loop iteration 4830, running=1
[engine] loop iteration 4840, running=1
[engine] loop iteration 4850, running=1
[engine] loop iteration 4860, running=1
[engine] loop iteration 4870, running=1
[engine] loop iteration 4880, running=1
[engine] loop iteration 4890, running=1
[engine] loop iteration 4900, running=1
[engine] loop iteration 4910, running=1
[engine] loop iteration 4920, running=1
[engine] loop iteration 4930, running=1
[engine] loop iteration 4940, running=1
[engine] loop iteration 4950, running=1
[engine] loop iteration 4960, running=1
[engine] loop iteration 4970, running=1
[engine] loop iteration 4980, running=1
[engine] loop iteration 4990, running=1
[engine] loop iteration 5000, running=1
[engine] loop iteration 5010, running=1
[engine] loop iteration 5020, running=1
[engine] loop iteration 5030, running=1
[engine] loop iteration 5040, running=1
[engine] loop iteration 5050, running=1
[engine] loop iteration 5060, running=1
[engine] loop iteration 5070, running=1
[engine] loop iteration 5080, running=1
[engine] loop iteration 5090, running=1
[engine] loop iteration 5100, running=1
[engine] loop iteration 5110, running=1
[engine] loop iteration 5120, running=1
[engine] loop iteration 5130, running=1
[engine] loop iteration 5140, running=1
[engine] loop iteration 5150, running=1
[engine] loop iteration 5160, running=1
[engine] loop iteration 5170, running=1
[engine] loop iteration 5180, running=1
[engine] loop iteration 5190, running=1
[engine] loop iteration 5200, running=1
[engine] loop iteration 5210, running=1
[engine] loop iteration 5220, running=1
[engine] loop iteration 5230, running=1
[engine] loop iteration 5240, running=1
[engine] loop iteration 5250, running=1
[engine] loop iteration 5260, running=1
[engine] loop iteration 5270, running=1
[engine] loop iteration 5280, running=1
[engine] loop iteration 5290, running=1
[engine] loop iteration 5300, running=1
[engine] loop iteration 5310, running=1
[engine] loop iteration 5320, running=1
[engine] loop iteration 5330, running=1
[engine] loop iteration 5340, running=1
[engine] loop iteration 5350, running=1
[engine] loop iteration 5360, running=1
[engine] loop iteration 5370, running=1
[engine] loop iteration 5380, running=1
[engine] loop iteration 5390, running=1
[engine] loop iteration 5400, running=1
[engine] loop iteration 5410, running=1
[engine] loop iteration 5420, running=1
[engine] loop iteration 5430, running=1
[engine] loop iteration 5440, running=1
[engine] loop iteration 5450, running=1
[engine] loop iteration 5460, running=1
[engine] loop iteration 5470, running=1
[engine] loop iteration 5480, running=1
[engine] loop iteration 5490, running=1
[engine] loop iteration 5500, running=1
[engine] loop iteration 5510, running=1
[engine] loop iteration 5520, running=1
[engine] loop iteration 5530, running=1
[engine] loop iteration 5540, running=1
[engine] loop iteration 5550, running=1
[engine] loop iteration 5560, running=1
[engine] loop iteration 5570, running=1
[engine] loop iteration 5580, running=1
[engine] loop iteration 5590, running=1
[engine] loop iteration 5600, running=1
[engine] loop iteration 5610, running=1
[engine] loop iteration 5620, running=1
[engine] loop iteration 5630, running=1
[engine] loop iteration 5640, running=1
[engine] loop iteration 5650, running=1
[engine] loop iteration 5660, running=1
[engine] loop iteration 5670, running=1
[engine] loop iteration 5680, running=1
[engine] loop iteration 5690, running=1
[engine] loop iteration 5700, running=1
[engine] loop iteration 5710, running=1
[engine] loop iteration 5720, running=1
[engine] loop iteration 5730, running=1
[engine] loop iteration 5740, running=1
[engine] loop iteration 5750, running=1
[engine] loop iteration 5760, running=1
[engine] loop iteration 5770, running=1
[engine] loop iteration 5780, running=1
[engine] loop iteration 5790, running=1
[engine] loop iteration 5800, running=1
[engine] loop iteration 5810, running=1
[engine] loop iteration 5820, running=1
[engine] loop iteration 5830, running=1
[engine] loop iteration 5840, running=1
[engine] loop iteration 5850, running=1
[engine] loop iteration 5860, running=1
[engine] loop iteration 5870, running=1
[engine] loop iteration 5880, running=1
[engine] loop iteration 5890, running=1
[engine] loop iteration 5900, running=1
[engine] loop iteration 5910, running=1
[engine] loop iteration 5920, running=1
[engine] loop iteration 5930, running=1
[engine] loop iteration 5940, running=1
[engine] loop iteration 5950, running=1
[engine] loop iteration 5960, running=1
[engine] loop iteration 5970, running=1
[engine] loop iteration 5980, running=1
[engine] loop iteration 5990, running=1
[engine] loop iteration 6000, running=1
[engine] loop iteration 6010, running=1
[engine] loop iteration 6020, running=1
[engine] loop iteration 6030, running=1
[engine] loop iteration 6040, running=1
[engine] loop iteration 6050, running=1
[engine] loop iteration 6060, running=1
[engine] loop iteration 6070, running=1
[engine] loop iteration 6080, running=1
[engine] loop iteration 6090, running=1
[engine] loop iteration 6100, running=1
[engine] loop iteration 6110, running=1
[engine] loop iteration 6120, running=1
[engine] loop iteration 6130, running=1
[engine] loop iteration 6140, running=1
[engine] loop iteration 6150, running=1
[engine] loop iteration 6160, running=1
[engine] loop iteration 6170, running=1
[engine] loop iteration 6180, running=1
[engine] loop iteration 6190, running=1
[engine] loop iteration 6200, running=1
[engine] loop iteration 6210, running=1
[engine] loop iteration 6220, running=1
[engine] loop iteration 6230, running=1
[engine] loop iteration 6240, running=1
[engine] loop iteration 6250, running=1
[engine] loop iteration 6260, running=1
[engine] loop iteration 6270, running=1
[engine] loop iteration 6280, running=1
[engine] loop iteration 6290, running=1
[engine] loop iteration 6300, running=1
[engine] loop iteration 6310, running=1
[engine] loop iteration 6320, running=1
[engine] loop iteration 6330, running=1
[engine] loop iteration 6340, running=1
[engine] loop iteration 6350, running=1
[engine] loop iteration 6360, running=1
[engine] loop iteration 6370, running=1
[engine] loop iteration 6380, running=1
[engine] loop iteration 6390, running=1
[engine] loop iteration 6400, running=1
[engine] loop iteration 6410, running=1
[engine] loop iteration 6420, running=1
[engine] loop iteration 6430, running=1
[engine] loop iteration 6440, running=1
[engine] loop iteration 6450, running=1
[engine] loop iteration 6460, running=1
[engine] loop iteration 6470, running=1
[engine] loop iteration 6480, running=1
[engine] loop iteration 6490, running=1
[engine] loop iteration 6500, running=1
[engine] loop iteration 6510, running=1
[engine] loop iteration 6520, running=1
[engine] loop iteration 6530, running=1
[engine] loop iteration 6540, running=1
[engine] loop iteration 6550, running=1
[engine] loop iteration 6560, running=1
[engine] loop iteration 6570, running=1
[engine] loop iteration 6580, running=1
[engine] loop iteration 6590, running=1
[engine] loop iteration 6600, running=1
[engine] loop iteration 6610, running=1
[engine] loop iteration 6620, running=1
[engine] loop iteration 6630, running=1
[engine] loop iteration 6640, running=1
[engine] loop iteration 6650, running=1
[engine] loop iteration 6660, running=1
[engine] loop iteration 6670, running=1
[engine] loop iteration 6680, running=1
[engine] loop iteration 6690, running=1
[engine] loop iteration 6700, running=1
[engine] loop iteration 6710, running=1
[engine] loop iteration 6720, running=1
[engine] loop iteration 6730, running=1
[engine] loop iteration 6740, running=1
[engine] loop iteration 6750, running=1
[engine] loop iteration 6760, running=1
[engine] loop iteration 6770, running=1
[engine] loop iteration 6780, running=1
[engine] loop iteration 6790, running=1
[engine] loop iteration 6800, running=1
[engine] loop iteration 6810, running=1
[engine] loop iteration 6820, running=1
[engine] loop iteration 6830, running=1
[engine] loop iteration 6840, running=1
[engine] loop iteration 6850, running=1
[engine] loop iteration 6860, running=1
[engine] loop iteration 6870, running=1
[engine] loop iteration 6880, running=1
[engine] loop iteration 6890, running=1
[engine] loop iteration 6900, running=1
[engine] loop iteration 6910, running=1
[engine] loop iteration 6920, running=1
[engine] loop iteration 6930, running=1
[engine] loop iteration 6940, running=1
[engine] loop iteration 6950, running=1
[engine] loop iteration 6960, running=1
[engine] loop iteration 6970, running=1
[engine] loop iteration 6980, running=1
[engine] loop iteration 6990, running=1
[engine] loop iteration 7000, running=1
[engine] loop iteration 7010, running=1
[engine] loop iteration 7020, running=1
[engine] loop iteration 7030, running=1
[engine] loop iteration 7040, running=1
[engine] loop iteration 7050, running=1
[engine] loop iteration 7060, running=1
[engine] loop iteration 7070, running=1
[engine] loop iteration 7080, running=1
[engine] loop iteration 7090, running=1
[engine] loop iteration 7100, running=1
[engine] loop iteration 7110, running=1
[engine] loop iteration 7120, running=1
[engine] loop iteration 7130, running=1
[engine] loop iteration 7140, running=1
[engine] loop iteration 7150, running=1
[engine] loop iteration 7160, running=1
[engine] loop iteration 7170, running=1
[engine] loop iteration 7180, running=1
[engine] loop iteration 7190, running=1
[engine] loop iteration 7200, running=1
[engine] loop iteration 7210, running=1
[engine] loop iteration 7220, running=1
[engine] loop iteration 7230, running=1
[engine] loop iteration 7240, running=1
[engine] loop iteration 7250, running=1
[engine] loop iteration 7260, running=1
[engine] loop iteration 7270, running=1
[engine] loop iteration 7280, running=1
[engine] loop iteration 7290, running=1
[engine] loop iteration 7300, running=1
[engine] loop iteration 7310, running=1
[engine] loop iteration 7320, running=1
[engine] loop iteration 7330, running=1
[engine] loop iteration 7340, running=1
[engine] loop iteration 7350, running=1
[engine] loop iteration 7360, running=1
[engine] loop iteration 7370, running=1
[engine] loop iteration 7380, running=1
[engine] loop iteration 7390, running=1
[engine] loop iteration 7400, running=1
[engine] loop iteration 7410, running=1
[engine] loop iteration 7420, running=1
[engine] loop iteration 7430, running=1
[engine] loop iteration 7440, running=1
[engine] loop iteration 7450, running=1
[engine] loop iteration 7460, running=1
[engine] loop iteration 7470, running=1
[engine] loop iteration 7480, running=1
[engine] loop iteration 7490, running=1
[engine] loop iteration 7500, running=1
[engine] loop iteration 7510, running=1
[engine] loop iteration 7520, running=1
[engine] loop iteration 7530, running=1
[engine] loop iteration 7540, running=1
[engine] loop iteration 7550, running=1
[engine] loop iteration 7560, running=1
[engine] loop iteration 7570, running=1
[engine] loop iteration 7580, running=1
[engine] loop iteration 7590, running=1
[engine] loop iteration 7600, running=1
[engine] loop iteration 7610, running=1
[engine] loop iteration 7620, running=1
[engine] loop iteration 7630, running=1
[engine] loop iteration 7640, running=1
[engine] loop iteration 7650, running=1
[engine] loop iteration 7660, running=1
[engine] loop iteration 7670, running=1
[engine] loop iteration 7680, running=1
[engine] loop iteration 7690, running=1
[engine] loop iteration 7700, running=1
[engine] loop iteration 7710, running=1
[engine] loop iteration 7720, running=1
[engine] loop iteration 7730, running=1
[engine] loop iteration 7740, running=1
[engine] loop iteration 7750, running=1
[engine] loop iteration 7760, running=1
[engine] loop iteration 7770, running=1
[engine] loop iteration 7780, running=1
[engine] loop iteration 7790, running=1
[engine] loop iteration 7800, running=1
[engine] loop iteration 7810, running=1
[engine] loop iteration 7820, running=1
[engine] loop iteration 7830, running=1
[engine] loop iteration 7840, running=1
[engine] loop iteration 7850, running=1
[engine] loop iteration 7860, running=1
[engine] loop iteration 7870, running=1
[engine] loop iteration 7880, running=1
[engine] loop iteration 7890, running=1
[engine] loop iteration 7900, running=1
[engine] loop iteration 7910, running=1
[engine] loop iteration 7920, running=1
[engine] loop iteration 7930, running=1
[engine] loop iteration 7940, running=1
[engine] loop iteration 7950, running=1
[engine] loop iteration 7960, running=1
[engine] loop iteration 7970, running=1
[engine] loop iteration 7980, running=1
[engine] loop iteration 7990, running=1
[engine] loop iteration 8000, running=1
[engine] loop iteration 8010, running=1
[engine] loop iteration 8020, running=1
[engine] loop iteration 8030, running=1
[engine] loop iteration 8040, running=1
[engine] loop iteration 8050, running=1
[engine] loop iteration 8060, running=1
[engine] loop iteration 8070, running=1
[engine] loop iteration 8080, running=1
[engine] loop iteration 8090, running=1
[engine] loop iteration 8100, running=1
[engine] loop iteration 8110, running=1
[engine] loop iteration 8120, running=1
[engine] loop iteration 8130, running=1
[engine] loop iteration 8140, running=1
[engine] loop iteration 8150, running=1
[engine] loop iteration 8160, running=1
[engine] loop iteration 8170, running=1
[engine] loop iteration 8180, running=1
[engine] loop iteration 8190, running=1
[engine] loop iteration 8200, running=1
[engine] loop iteration 8210, running=1
[engine] loop iteration 8220, running=1
[engine] loop iteration 8230, running=1
[engine] loop iteration 8240, running=1
[engine] loop iteration 8250, running=1
[engine] loop iteration 8260, running=1
[engine] loop iteration 8270, running=1
[engine] loop iteration 8280, running=1
[engine] loop iteration 8290, running=1
[engine] loop iteration 8300, running=1
[engine] loop iteration 8310, running=1
[engine] loop iteration 8320, running=1
[engine] loop iteration 8330, running=1
[engine] loop iteration 8340, running=1
[engine] loop iteration 8350, running=1
[engine] loop iteration 8360, running=1
[engine] loop iteration 8370, running=1
[engine] loop iteration 8380, running=1
[engine] loop iteration 8390, running=1
[engine] loop iteration 8400, running=1
[engine] loop iteration 8410, running=1
[engine] loop iteration 8420, running=1
[engine] loop iteration 8430, running=1
[engine] loop iteration 8440, running=1
[engine] loop iteration 8450, running=1
[engine] loop iteration 8460, running=1
[engine] loop iteration 8470, running=1
[engine] loop iteration 8480, running=1
[engine] loop iteration 8490, running=1
[engine] loop iteration 8500, running=1
[engine] loop iteration 8510, running=1
[engine] loop iteration 8520, running=1
[snapshot] saved to engine_state.json
[engine] loop iteration 8530, running=1
[engine] loop iteration 8540, running=1
[engine] loop iteration 8550, running=1
[engine] loop iteration 8560, running=1
[engine] loop iteration 8570, running=1
[engine] loop iteration 8580, running=1
[engine] loop iteration 8590, running=1
[engine] loop iteration 8600, running=1
[engine] loop iteration 8610, running=1
[engine] loop iteration 8620, running=1
[engine] loop iteration 8630, running=1
[engine] loop iteration 8640, running=1
[engine] loop iteration 8650, running=1
[engine] loop iteration 8660, running=1
[engine] loop iteration 8670, running=1
[engine] loop iteration 8680, running=1
[engine] loop iteration 8690, running=1
[engine] loop iteration 8700, running=1
[engine] loop iteration 8710, running=1
[engine] loop iteration 8720, running=1
[engine] loop iteration 8730, running=1
[engine] loop iteration 8740, running=1
[engine] loop iteration 8750, running=1
[engine] loop iteration 8760, running=1
[engine] loop iteration 8770, running=1
[engine] loop iteration 8780, running=1
[engine] loop iteration 8790, running=1
[engine] loop iteration 8800, running=1
[engine] loop iteration 8810, running=1
[engine] loop iteration 8820, running=1
[engine] loop iteration 8830, running=1
[engine] loop iteration 8840, running=1
[engine] loop iteration 8850, running=1
[engine] loop iteration 8860, running=1
[engine] loop iteration 8870, running=1
[engine] loop iteration 8880, running=1
[engine] loop iteration 8890, running=1
[engine] loop iteration 8900, running=1
[engine] loop iteration 8910, running=1
[engine] loop iteration 8920, running=1
[engine] loop iteration 8930, running=1
[engine] loop iteration 8940, running=1
[engine] loop iteration 8950, running=1
[engine] loop iteration 8960, running=1
[engine] loop iteration 8970, running=1
[engine] loop iteration 8980, running=1
[engine] loop iteration 8990, running=1
[engine] loop iteration 9000, running=1
[engine] loop iteration 9010, running=1
[engine] loop iteration 9020, running=1
[engine] loop iteration 9030, running=1
[engine] loop iteration 9040, running=1
[engine] loop iteration 9050, running=1
[engine] loop iteration 9060, running=1
[engine] loop iteration 9070, running=1
[engine] loop iteration 9080, running=1
[engine] loop iteration 9090, running=1
[engine] loop iteration 9100, running=1
[engine] loop iteration 9110, running=1
[engine] loop iteration 9120, running=1
[engine] loop iteration 9130, running=1
[engine] loop iteration 9140, running=1
[engine] loop iteration 9150, running=1
[engine] loop iteration 9160, running=1
[engine] loop iteration 9170, running=1
[engine] loop iteration 9180, running=1
[engine] loop iteration 9190, running=1
[engine] loop iteration 9200, running=1
[engine] loop iteration 9210, running=1
[engine] loop iteration 9220, running=1
[engine] loop iteration 9230, running=1
[engine] loop iteration 9240, running=1
[engine] loop iteration 9250, running=1
[engine] loop iteration 9260, running=1
[engine] loop iteration 9270, running=1
[engine] loop iteration 9280, running=1
[engine] loop iteration 9290, running=1
[engine] loop iteration 9300, running=1
[engine] loop iteration 9310, running=1
[engine] loop iteration 9320, running=1
[engine] loop iteration 9330, running=1
[engine] loop iteration 9340, running=1
[engine] loop iteration 9350, running=1
[engine] loop iteration 9360, running=1
[engine] loop iteration 9370, running=1
[engine] loop iteration 9380, running=1
[engine] loop iteration 9390, running=1
[engine] loop iteration 9400, running=1
[engine] loop iteration 9410, running=1
[engine] loop iteration 9420, running=1
[engine] loop iteration 9430, running=1
[engine] loop iteration 9440, running=1
[engine] loop iteration 9450, running=1
[engine] loop iteration 9460, running=1
[engine] loop iteration 9470, running=1
[engine] loop iteration 9480, running=1
[engine] loop iteration 9490, running=1
[engine] loop iteration 9500, running=1
[engine] loop iteration 9510, running=1
[engine] loop iteration 9520, running=1
[engine] loop iteration 9530, running=1
[engine] loop iteration 9540, running=1
[engine] loop iteration 9550, running=1
[engine] loop iteration 9560, running=1
[engine] loop iteration 9570, running=1
[engine] loop iteration 9580, running=1
[engine] loop iteration 9590, running=1
[engine] loop iteration 9600, running=1
[engine] loop iteration 9610, running=1
[engine] loop iteration 9620, running=1
[engine] loop iteration 9630, running=1
[engine] loop iteration 9640, running=1
[engine] loop iteration 9650, running=1
[engine] loop iteration 9660, running=1
[engine] loop iteration 9670, running=1
[engine] loop iteration 9680, running=1
[engine] loop iteration 9690, running=1
[engine] loop iteration 9700, running=1
[engine] loop iteration 9710, running=1
[engine] loop iteration 9720, running=1
[engine] loop iteration 9730, running=1
[engine] loop iteration 9740, running=1
[engine] loop iteration 9750, running=1
[engine] loop iteration 9760, running=1
[engine] loop iteration 9770, running=1
[engine] loop iteration 9780, running=1
[engine] loop iteration 9790, running=1
[engine] loop iteration 9800, running=1
[engine] loop iteration 9810, running=1
[engine] loop iteration 9820, running=1
[engine] loop iteration 9830, running=1
[engine] loop iteration 9840, running=1
[engine] loop iteration 9850, running=1
[engine] loop iteration 9860, running=1
[engine] loop iteration 9870, running=1
[engine] loop iteration 9880, running=1
[engine] loop iteration 9890, running=1
[engine] loop iteration 9900, running=1
[snapshot] saved to engine_state.json
[engine] loop iteration 9910, running=1
[engine] loop iteration 9920, running=1
[engine] loop iteration 9930, running=1
[engine] loop iteration 9940, running=1
[engine] loop iteration 9950, running=1
[engine] loop iteration 9960, running=1
[engine] loop iteration 9970, running=1
[engine] loop iteration 9980, running=1
[engine] loop iteration 9990, running=1
[engine] loop iteration 10000, running=1
[engine] loop iteration 10010, running=1
[engine] loop iteration 10020, running=1
[engine] loop iteration 10030, running=1
[engine] loop iteration 10040, running=1
[engine] loop iteration 10050, running=1
[engine] loop iteration 10060, running=1
[engine] loop iteration 10070, running=1
[engine] loop iteration 10080, running=1
[engine] loop iteration 10090, running=1
[engine] loop iteration 10100, running=1
[engine] loop iteration 10110, running=1
[engine] loop iteration 10120, running=1
[snapshot] loaded engine_state.json
[engine] started; consuming order_commands group=engine-group consumer=engine-1 events_channel=engine_events
[engine] loop iteration 10, running=1
[engine] loop iteration 20, running=1
[engine] loop iteration 30, running=1
[engine] loop iteration 40, running=1
[engine] loop iteration 50, running=1
[engine] loop iteration 60, running=1
[engine] loop iteration 70, running=1
[engine] loop iteration 80, running=1
[engine] loop iteration 90, running=1
[snapshot] loaded engine_state.json
[engine] started; consuming order_commands group=engine-group consumer=engine-1 events_channel=engine_events
[engine] loop iteration 10, running=1
[engine] loop iteration 20, running=1
[engine] loop iteration 30, running=1
[engine] loop iteration 40, running=1
[engine] loop iteration 50, running=1
[engine] loop iteration 60, running=1
[engine] loop iteration 70, running=1
[engine] loop iteration 80, running=1
[engine] loop iteration 90, running=1
[engine] loop iteration 100, running=1
[engine] loop iteration 110, running=1
[engine] loop iteration 120, running=1
[engine] loop iteration 130, running=1
[engine] loop iteration 140, running=1
[engine] loop iteration 150, running=1
[engine] loop iteration 160, running=1
[engine] loop iteration 170, running=1
[engine] loop iteration 180, running=1
[engine] loop iteration 190, running=1
[engine] loop iteration 200, running=1
[engine] loop iteration 210, running=1
[engine] signal received: 2
[engine] signal received: 2
[engine] signal received: 15
Redis connect error: Connection refused
[engine] shutting down...
[snapshot] loaded engine_state.json
[engine] started; consuming order_commands group=engine-group consumer=engine-1 events_channel=engine_events
[engine] loop iteration 10, running=1
[engine] loop iteration 20, running=1
[engine] loop iteration 30, running=1
[engine] loop iteration 40, running=1
[engine] loop iteration 50, running=1
[engine] loop iteration 60, running=1
[engine] loop iteration 70, running=1
[engine] loop iteration 80, running=1
[engine] loop iteration 90, running=1
[engine] loop iteration 100, running=1
[engine] loop iteration 110, running=1
[engine] loop iteration 120, running=1
[engine] loop iteration 130, running=1
[engine] loop iteration 140, running=1
[engine] loop iteration 150, running=1
[engine] loop iteration 160, running=1
[engine] loop iteration 170, running=1
[engine] loop iteration 180, running=1
[engine] loop iteration 190, running=1
[engine] loop iteration 200, running=1
[engine] loop iteration 210, running=1
[engine] loop iteration 220, running=1
[engine] loop iteration 230, running=1
[engine] loop iteration 240, running=1
[engine] loop iteration 250, running=1
[engine] loop iteration 260, running=1
[engine] loop iteration 270, running=1
[engine] loop iteration 280, running=1
[engine] loop iteration 290, running=1
[engine] loop iteration 300, running=1
[engine] loop iteration 310, running=1
[engine] loop iteration 320, running=1
[engine] loop iteration 330, running=1
[engine] loop iteration 340, running=1
[engine] loop iteration 350, running=1
[engine] loop iteration 360, running=1
[engine] loop iteration 370, running=1
[engine] loop iteration 380, running=1
[engine] loop iteration 390, running=1
[engine] loop iteration 400, running=1
[engine] loop iteration 410, running=1
[engine] loop iteration 420, running=1
[engine] loop iteration 430, running=1
[engine] loop iteration 440, running=1
[engine] loop iteration 450, running=1
[engine] loop iteration 460, running=1
[engine] loop iteration 470, running=1
[engine] loop iteration 480, running=1
[engine] loop iteration 490, running=1
[engine] loop iteration 500, running=1
[engine] loop iteration 510, running=1
[engine] loop iteration 520, running=1
[engine] loop iteration 530, running=1
[engine] loop iteration 540, running=1
[engine] loop iteration 550, running=1
[engine] loop iteration 560, running=1
[engine] loop iteration 570, running=1
[engine] loop iteration 580, running=1
[engine] loop iteration 590, running=1
[engine] loop iteration 600, running=1
[engine] loop iteration 610, running=1
[engine] loop iteration 620, running=1
[engine] loop iteration 630, running=1
[engine] loop iteration 640, running=1
[engine] loop iteration 650, running=1
[engine] loop iteration 660, running=1
[engine] loop iteration 670, running=1
[engine] loop iteration 680, running=1
[engine] loop iteration 690, running=1
[engine] loop iteration 700, running=1
[engine] loop iteration 710, running=1
[engine] loop iteration 720, running=1
[engine] loop iteration 730, running=1
[engine] loop iteration 740, running=1
[engine] loop iteration 750, running=1
[engine] loop iteration 760, running=1
[engine] loop iteration 770, running=1
[engine] loop iteration 780, running=1
[engine] loop iteration 790, running=1
[engine] loop iteration 800, running=1
[engine] loop iteration 810, running=1
[engine] loop iteration 820, running=1
[engine] loop iteration 830, running=1
[engine] loop iteration 840, running=1
[engine] loop iteration 850, running=1
[engine] loop iteration 860, running=1
[engine] loop iteration 870, running=1
[engine] loop iteration 880, running=1
[snapshot] saved to engine_state.json
[engine] loop iteration 890, running=1
[engine] loop iteration 900, running=1
[engine] loop iteration 910, running=1
[engine] loop iteration 920, running=1
[engine] loop iteration 930, running=1
[engine] loop iteration 940, running=1
[engine] loop iteration 950, running=1
[engine] loop iteration 960, running=1
[engine] loop iteration 970, running=1
[engine] loop iteration 980, running=1
[engine] loop iteration 990, running=1
[engine] loop iteration 1000, running=1
[engine] loop iteration 1010, running=1
[engine] loop iteration 1020, running=1
[engine] loop iteration 1030, running=1
[engine] loop iteration 1040, running=1
[engine] loop iteration 1050, running=1
[engine] loop iteration 1060, running=1
[engine] loop iteration 1070, running=1
[engine] loop iteration 1080, running=1
[engine] loop iteration 1090, running=1
[engine] loop iteration 1100, running=1
[engine] loop iteration 1110, running=1
[engine] loop iteration 1120, running=1
[engine] loop iteration 1130, running=1
[engine] loop iteration 1140, running=1
[engine] loop iteration 1150, running=1
[engine] loop iteration 1160, running=1
[engine] loop iteration 1170, running=1
[engine] loop iteration 1180, running=1
[engine] loop iteration 1190, running=1
[engine] loop iteration 1200, running=1
[engine] loop iteration 1210, running=1
[engine] loop iteration 1220, running=1
[engine] loop iteration 1230, running=1
[engine] loop iteration 1240, running=1
[engine] loop iteration 1250, running=1
[engine] loop iteration 1260, running=1
[engine] loop iteration 1270, running=1
[engine] loop iteration 1280, running=1
[engine] loop iteration 1290, running=1
[engine] loop iteration 1300, running=1
[engine] loop iteration 1310, running=1
[engine] loop iteration 1320, running=1
[engine] loop iteration 1330, running=1
[engine] loop iteration 1340, running=1
[engine] loop iteration 1350, running=1
[engine] loop iteration 1360, running=1
[engine] loop iteration 1370, running=1
[engine] loop iteration 1380, running=1
[engine] loop iteration 1390, running=1
[engine] loop iteration 1400, running=1
[engine] loop iteration 1410, running=1
[engine] loop iteration 1420, running=1
[engine] loop iteration 1430, running=1
[engine] loop iteration 1440, running=1
[engine] loop iteration 1450, running=1
[engine] loop iteration 1460, running=1
[engine] loop iteration 1470, running=1
[engine] loop iteration 1480, running=1
[engine] loop iteration 1490, running=1
[engine] loop iteration 1500, running=1
[engine] loop iteration 1510, running=1
[engine] loop iteration 1520, running=1
[engine] loop iteration 1530, running=1
[engine] loop iteration 1540, running=1
[engine] loop iteration 1550, running=1
[engine] loop iteration 1560, running=1
[engine] loop iteration 1570, running=1
[engine] loop iteration 1580, running=1
[engine] loop iteration 1590, running=1
[engine] loop iteration 1600, running=1
[engine] loop iteration 1610, running=1
[engine] loop iteration 1620, running=1
[engine] loop iteration 1630, running=1
[engine] loop iteration 1640, running=1
[engine] loop iteration 1650, running=1
[engine] loop iteration 1660, running=1
[engine] loop iteration 1670, running=1
[engine] loop iteration 1680, running=1
[engine] loop iteration 1690, running=1
[engine] loop iteration 1700, running=1
[engine] loop iteration 1710, running=1
[engine] loop iteration 1720, running=1
[engine] loop iteration 1730, running=1
[engine] loop iteration 1740, running=1
[engine] loop iteration 1750, running=1
[engine] loop iteration 1760, running=1
[engine] loop iteration 1770, running=1
[snapshot] saved to engine_state.json
[engine] loop iteration 1780, running=1
[engine] loop iteration 1790, running=1
[engine] loop iteration 1800, running=1
[engine] loop iteration 1810, running=1
[engine] loop iteration 1820, running=1
[engine] loop iteration 1830, running=1
[engine] loop iteration 1840, running=1
[engine] loop iteration 1850, running=1
[engine] loop iteration 1860, running=1
[engine] loop iteration 1870, running=1
[engine] loop iteration 1880, running=1
[engine] loop iteration 1890, running=1
[engine] loop iteration 1900, running=1
[engine] loop iteration 1910, running=1
[engine] loop iteration 1920, running=1
[engine] loop iteration 1930, running=1
[engine] loop iteration 1940, running=1
[engine] loop iteration 1950, running=1
[engine] loop iteration 1960, running=1
[engine] loop iteration 1970, running=1
[engine] loop iteration 1980, running=1
[engine] loop iteration 1990, running=1
[engine] loop iteration 2000, running=1
[engine] loop iteration 2010, running=1
[engine] loop iteration 2020, running=1
[engine] loop iteration 2030, running=1
[engine] loop iteration 2040, running=1
[engine] loop iteration 2050, running=1
[engine] loop iteration 2060, running=1
[engine] loop iteration 2070, running=1
[engine] loop iteration 2080, running=1
[engine] loop iteration 2090, running=1
[engine] loop iteration 2100, running=1
[engine] loop iteration 2110, running=1
[engine] loop iteration 2120, running=1
[engine] loop iteration 2130, running=1
[engine] loop iteration 2140, running=1
[engine] loop iteration 2150, running=1
[engine] loop iteration 2160, running=1
[engine] loop iteration 2170, running=1
[engine] loop iteration 2180, running=1
[engine] loop iteration 2190, running=1
[engine] loop iteration 2200, running=1
[engine] loop iteration 2210, running=1
[engine] loop iteration 2220, running=1
[engine] loop iteration 2230, running=1
[engine] loop iteration 2240, running=1
[engine] loop iteration 2250, running=1
[engine] loop iteration 2260, running=1
[engine] loop iteration 2270, running=1
[engine] loop iteration 2280, running=1
[engine] loop iteration 2290, running=1
[engine] loop iteration 2300, running=1
[engine] loop iteration 2310, running=1
[engine] loop iteration 2320, running=1
[engine] loop iteration 2330, running=1
[engine] loop iteration 2340, running=1
[engine] loop iteration 2350, running=1
[engine] loop iteration 2360, running=1
[engine] loop iteration 2370, running=1
[engine] loop iteration 2380, running=1
[engine] loop iteration 2390, running=1
[engine] loop iteration 2400, running=1
[engine] loop iteration 2410, running=1
[engine] loop iteration 2420, running=1
[engine] loop iteration 2430, running=1
[engine] loop iteration 2440, running=1
[engine] loop iteration 2450, running=1
[engine] loop iteration 2460, running=1
[engine] loop iteration 2470, running=1
[engine] loop iteration 2480, running=1
[engine] loop iteration 2490, running=1
[engine] loop iteration 2500, running=1
[engine] loop iteration 2510, running=1
[engine] loop iteration 2520, running=1
[engine] loop iteration 2530, running=1
[engine] loop iteration 2540, running=1
[engine] loop iteration 2550, running=1
[engine] loop iteration 2560, running=1
[engine] loop iteration 2570, running=1
[engine] loop iteration 2580, running=1
[engine] loop iteration 2590, running=1
[engine] loop iteration 2600, running=1
[engine] loop iteration 2610, running=1
[engine] loop iteration 2620, running=1
[engine] loop iteration 2630, running=1
[engine] loop iteration 2640, running=1
[engine] loop iteration 2650, running=1
[snapshot] saved to engine_state.json
[engine] loop iteration 2660, running=1
[engine] loop iteration 2670, running=1
[engine] loop iteration 2680, running=1
[engine] loop iteration 2690, running=1
[engine] loop iteration 2700, running=1
[engine] loop iteration 2710, running=1
[engine] loop iteration 2720, running=1
[engine] loop iteration 2730, running=1
[engine] loop iteration 2740, running=1
[engine] loop iteration 2750, running=1
[engine] loop iteration 2760, running=1
[engine] loop iteration 2770, running=1
[engine] loop iteration 2780, running=1
[engine] loop iteration 2790, running=1
[engine] loop iteration 2800, running=1
[engine] loop iteration 2810, running=1
[engine] loop iteration 2820, running=1
[engine] loop iteration 2830, running=1
[engine] loop iteration 2840, running=1
[engine] loop iteration 2850, running=1
[engine] loop iteration 2860, running=1
[engine] loop iteration 2870, running=1
[engine] loop iteration 2880, running=1
[engine] loop iteration 2890, running=1
[engine] loop iteration 2900, running=1
[engine] loop iteration 2910, running=1
[engine] loop iteration 2920, running=1
[engine] loop iteration 2930, running=1
[engine] loop iteration 2940, running=1
[engine] loop iteration 2950, running=1
[engine] loop iteration 2960, running=1
[engine] loop iteration 2970, running=1
[engine] loop iteration 2980, running=1
[engine] loop iteration 2990, running=1
[engine] loop iteration 3000, running=1
[engine] loop iteration 3010, running=1
[engine] loop iteration 3020, running=1
[engine] loop iteration 3030, running=1
[engine] loop iteration 3040, running=1
[engine] loop iteration 3050, running=1
[engine] loop iteration 3060, running=1
[engine] loop iteration 3070, running=1
[engine] loop iteration 3080, running=1
[engine] loop iteration 3090, running=1
[engine] loop iteration 3100, running=1
[engine] loop iteration 3110, running=1
[engine] loop iteration 3120, running=1
[engine] loop iteration 3130, running=1
[engine] loop iteration 3140, running=1
[engine] loop iteration 3150, running=1
[engine] loop iteration 3160, running=1
[engine] loop iteration 3170, running=1
[engine] loop iteration 3180, running=1
[engine] loop iteration 3190, running=1
[engine] loop iteration 3200, running=1
[engine] loop iteration 3210, running=1
[engine] loop iteration 3220, running=1
[engine] loop iteration 3230, running=1
[engine] loop iteration 3240, running=1
[engine] loop iteration 3250, running=1
[engine] loop iteration 3260, running=1
[engine] loop iteration 3270, running=1
[engine] loop iteration 3280, running=1
[engine] loop iteration 3290, running=1
[engine] loop iteration 3300, running=1
[engine] loop iteration 3310, running=1
[engine] loop iteration 3320, running=1
[engine] loop iteration 3330, running=1
[engine] loop iteration 3340, running=1
[engine] loop iteration 3350, running=1
[engine] loop iteration 3360, running=1
[engine] loop iteration 3370, running=1
[engine] loop iteration 3380, running=1
[engine] loop iteration 3390, running=1
[engine] loop iteration 3400, running=1
[engine] loop iteration 3410, running=1
[engine] loop iteration 3420, running=1
[engine] loop iteration 3430, running=1
[engine] loop iteration 3440, running=1
[engine] loop iteration 3450, running=1
[engine] loop iteration 3460, running=1
[engine] loop iteration 3470, running=1
[engine] loop iteration 3480, running=1
[engine] loop iteration 3490, running=1
[engine] loop iteration 3500, running=1
[engine] loop iteration 3510, running=1
[engine] loop iteration 3520, running=1
[engine] loop iteration 3530, running=1
[engine] loop iteration 3540, running=1
[snapshot] saved to engine_state.json
[engine] loop iteration 3550, running=1
[engine] loop iteration 3560, running=1
[engine] loop iteration 3570, running=1
[engine] loop iteration 3580, running=1
[engine] loop iteration 3590, running=1
[engine] loop iteration 3600, running=1
[engine] loop iteration 3610, running=1
[engine] loop iteration 3620, running=1
[engine] loop iteration 3630, running=1
[engine] loop iteration 3640, running=1
[engine] loop iteration 3650, running=1
[engine] loop iteration 3660, running=1
[engine] loop iteration 3670, running=1
[engine] loop iteration 3680, running=1
[engine] loop iteration 3690, running=1
[engine] loop iteration 3700, running=1
[engine] loop iteration 3710, running=1
[engine] loop iteration 3720, running=1
[engine] loop iteration 3730, running=1
[engine] loop iteration 3740, running=1
[engine] loop iteration 3750, running=1
[engine] loop iteration 3760, running=1
[engine] loop iteration 3770, running=1
[engine] loop iteration 3780, running=1
[engine] loop iteration 3790, running=1
[engine] loop iteration 3800, running=1
[engine] loop iteration 3810, running=1
[engine] loop iteration 3820, running=1
[engine] loop iteration 3830, running=1
[engine] loop iteration 3840, running=1
[engine] loop iteration 3850, running=1
[engine] loop iteration 3860, running=1
