40905:C 15 Aug 2026 03:22:42.541 * oO0OoO0OoO0Oo Redis is starting oO0OoO0OoO0Oo
40905:C 15 Aug 2026 03:22:42.541 * Redis version=8.10.0, bits=64, commit=00000000, modified=1, pid=40905, just started
40905:C 15 Aug 2026 03:22:42.541 * Configuration loaded
40905:M 15 Aug 2026 03:22:42.542 * monotonic clock: ARM CNTVCT @ 24 ticks/us
40905:M 15 Aug 2026 03:22:42.543 # Failed to write PID file: Permission denied
40905:M 15 Aug 2026 03:22:42.543 * Running mode=standalone, port=6379.
40905:M 15 Aug 2026 03:22:42.543 # WARNING: The TCP backlog setting of 511 cannot be enforced because kern.ipc.somaxconn is set to the lower value of 128.
40905:M 15 Aug 2026 03:22:42.544 * Server initialized
40905:M 15 Aug 2026 03:22:42.544 * Ready to accept connections tcp
40905:M 15 Aug 2026 03:22:42.544 # WARNING: Redis does not require authentication. Redis will accept connections from any local client.
41782:C 15 Aug 2026 03:25:27.042 * oO0OoO0OoO0Oo Redis is starting oO0OoO0OoO0Oo
41782:C 15 Aug 2026 03:25:27.043 * Redis version=8.10.0, bits=64, commit=00000000, modified=1, pid=41782, just started
41782:C 15 Aug 2026 03:25:27.043 * Configuration loaded
41782:M 15 Aug 2026 03:25:27.043 * monotonic clock: ARM CNTVCT @ 24 ticks/us
41782:M 15 Aug 2026 03:25:27.044 # Failed to write PID file: Permission denied
41782:M 15 Aug 2026 03:25:27.044 * Running mode=standalone, port=6379.
41782:M 15 Aug 2026 03:25:27.044 # WARNING: The TCP backlog setting of 511 cannot be enforced because kern.ipc.somaxconn is set to the lower value of 128.
41782:M 15 Aug 2026 03:25:27.044 * Server initialized
41782:M 15 Aug 2026 03:25:27.044 * Ready to accept connections tcp
41782:M 15 Aug 2026 03:25:27.044 # WARNING: Redis does not require authentication. Redis will accept connections from any local client.
41782:M 15 Aug 2026 03:32:27.745 * User requested shutdown...
41782:M 15 Aug 2026 03:32:27.745 * Saving the final RDB snapshot before exiting.
41782:M 15 Aug 2026 03:32:27.746 * BGSAVE done, 1 keys saved, 0 keys skipped, 180 bytes written.
41782:M 15 Aug 2026 03:32:27.749 * DB saved on disk
41782:M 15 Aug 2026 03:32:27.749 * Removing the pid file.
41782:M 15 Aug 2026 03:32:27.750 # Redis is now ready to exit, bye bye...
42397:C 15 Aug 2026 03:32:44.122 * oO0OoO0OoO0Oo Redis is starting oO0OoO0OoO0Oo
42397:C 15 Aug 2026 03:32:44.123 * Redis version=8.10.0, bits=64, commit=00000000, modified=1, pid=42397, just started
42397:C 15 Aug 2026 03:32:44.123 * Configuration loaded
42397:M 15 Aug 2026 03:32:44.123 * monotonic clock: ARM CNTVCT @ 24 ticks/us
42397:M 15 Aug 2026 03:32:44.124 # Failed to write PID file: Permission denied
42397:M 15 Aug 2026 03:32:44.124 * Running mode=standalone, port=6379.
42397:M 15 Aug 2026 03:32:44.124 # WARNING: The TCP backlog setting of 511 cannot be enforced because kern.ipc.somaxconn is set to the lower value of 128.
42397:M 15 Aug 2026 03:32:44.124 * Server initialized
42397:M 15 Aug 2026 03:32:44.125 * Loading RDB produced by version 8.10.0
42397:M 15 Aug 2026 03:32:44.125 * RDB age 17 seconds
42397:M 15 Aug 2026 03:32:44.125 * RDB memory usage when created 1.05 Mb
42397:M 15 Aug 2026 03:32:44.125 * Done loading RDB, keys loaded: 1, keys expired: 0.
42397:M 15 Aug 2026 03:32:44.125 * DB loaded from disk: 0.001 seconds
42397:M 15 Aug 2026 03:32:44.125 * Ready to accept connections tcp
42397:M 15 Aug 2026 03:32:44.125 # WARNING: Redis does not require authentication. Redis will accept connections from any local client.
42397:M 15 Aug 2026 03:34:14.909 * User requested shutdown...
42397:M 15 Aug 2026 03:34:14.909 * Saving the final RDB snapshot before exiting.
42397:M 15 Aug 2026 03:34:14.910 * BGSAVE done, 2 keys saved, 0 keys skipped, 6795 bytes written.
42397:M 15 Aug 2026 03:34:14.914 * DB saved on disk
42397:M 15 Aug 2026 03:34:14.914 * Removing the pid file.
42397:M 15 Aug 2026 03:34:14.914 # Redis is now ready to exit, bye bye...
42511:C 15 Aug 2026 03:34:16.012 * oO0OoO0OoO0Oo Redis is starting oO0OoO0OoO0Oo
42511:C 15 Aug 2026 03:34:16.012 * Redis version=8.10.0, bits=64, commit=00000000, modified=1, pid=42511, just started
42511:C 15 Aug 2026 03:34:16.012 * Configuration loaded
42511:M 15 Aug 2026 03:34:16.013 * monotonic clock: ARM CNTVCT @ 24 ticks/us
42511:M 15 Aug 2026 03:34:16.013 # Failed to write PID file: Permission denied
42511:M 15 Aug 2026 03:34:16.013 * Running mode=standalone, port=6379.
42511:M 15 Aug 2026 03:34:16.013 # WARNING: The TCP backlog setting of 511 cannot be enforced because kern.ipc.somaxconn is set to the lower value of 128.
42511:M 15 Aug 2026 03:34:16.013 * Server initialized
42511:M 15 Aug 2026 03:34:16.013 * Loading RDB produced by version 8.10.0
42511:M 15 Aug 2026 03:34:16.013 * RDB age 2 seconds
42511:M 15 Aug 2026 03:34:16.014 * RDB memory usage when created 1.17 Mb
42511:M 15 Aug 2026 03:34:16.014 * Done loading RDB, keys loaded: 2, keys expired: 0.
42511:M 15 Aug 2026 03:34:16.014 * DB loaded from disk: 0.001 seconds
42511:M 15 Aug 2026 03:34:16.014 * Ready to accept connections tcp
42511:M 15 Aug 2026 03:34:16.014 # WARNING: Redis does not require authentication. Redis will accept connections from any local client.
42511:M 15 Aug 2026 03:35:13.530 * User requested shutdown...
42511:M 15 Aug 2026 03:35:13.530 * Saving the final RDB snapshot before exiting.
42511:M 15 Aug 2026 03:35:13.530 * BGSAVE done, 2 keys saved, 0 keys skipped, 16210 bytes written.
42511:M 15 Aug 2026 03:35:13.535 * DB saved on disk
42511:M 15 Aug 2026 03:35:13.535 * Removing the pid file.
42511:M 15 Aug 2026 03:35:13.535 # Redis is now ready to exit, bye bye...
42605:C 15 Aug 2026 03:35:14.630 * oO0OoO0OoO0Oo Redis is starting oO0OoO0OoO0Oo
42605:C 15 Aug 2026 03:35:14.630 * Redis version=8.10.0, bits=64, commit=00000000, modified=1, pid=42605, just started
42605:C 15 Aug 2026 03:35:14.630 * Configuration loaded
42605:M 15 Aug 2026 03:35:14.630 * monotonic clock: ARM CNTVCT @ 24 ticks/us
42605:M 15 Aug 2026 03:35:14.631 # Failed to write PID file: Permission denied
42605:M 15 Aug 2026 03:35:14.631 * Running mode=standalone, port=6379.
42605:M 15 Aug 2026 03:35:14.631 # WARNING: The TCP backlog setting of 511 cannot be enforced because kern.ipc.somaxconn is set to the lower value of 128.
42605:M 15 Aug 2026 03:35:14.631 * Server initialized
42605:M 15 Aug 2026 03:35:14.631 * Loading RDB produced by version 8.10.0
42605:M 15 Aug 2026 03:35:14.631 * RDB age 1 seconds
42605:M 15 Aug 2026 03:35:14.632 * RDB memory usage when created 1.17 Mb
42605:M 15 Aug 2026 03:35:14.632 * Done loading RDB, keys loaded: 2, keys expired: 0.
42605:M 15 Aug 2026 03:35:14.632 * DB loaded from disk: 0.001 seconds
42605:M 15 Aug 2026 03:35:14.632 * Ready to accept connections tcp
42605:M 15 Aug 2026 03:35:14.632 # WARNING: Redis does not require authentication. Redis will accept connections from any local client.
42605:M 15 Aug 2026 03:36:41.926 * User requested shutdown...
42605:M 15 Aug 2026 03:36:41.926 * Saving the final RDB snapshot before exiting.
42605:M 15 Aug 2026 03:36:41.927 * BGSAVE done, 2 keys saved, 0 keys skipped, 19296 bytes written.
42605:M 15 Aug 2026 03:36:41.932 * DB saved on disk
42605:M 15 Aug 2026 03:36:41.932 * Removing the pid file.
42605:M 15 Aug 2026 03:36:41.933 # Redis is now ready to exit, bye bye...
42700:C 15 Aug 2026 03:36:43.019 * oO0OoO0OoO0Oo Redis is starting oO0OoO0OoO0Oo
42700:C 15 Aug 2026 03:36:43.019 * Redis version=8.10.0, bits=64, commit=00000000, modified=1, pid=42700, just started
42700:C 15 Aug 2026 03:36:43.019 * Configuration loaded
42700:M 15 Aug 2026 03:36:43.019 * monotonic clock: ARM CNTVCT @ 24 ticks/us
42700:M 15 Aug 2026 03:36:43.020 # Failed to write PID file: Permission denied
42700:M 15 Aug 2026 03:36:43.020 * Running mode=standalone, port=6379.
42700:M 15 Aug 2026 03:36:43.020 # WARNING: The TCP backlog setting of 511 cannot be enforced because kern.ipc.somaxconn is set to the lower value of 128.
42700:M 15 Aug 2026 03:36:43.020 * Server initialized
42700:M 15 Aug 2026 03:36:43.020 * Loading RDB produced by version 8.10.0
42700:M 15 Aug 2026 03:36:43.020 * RDB age 2 seconds
42700:M 15 Aug 2026 03:36:43.020 * RDB memory usage when created 1.18 Mb
42700:M 15 Aug 2026 03:36:43.021 * Done loading RDB, keys loaded: 2, keys expired: 0.
42700:M 15 Aug 2026 03:36:43.021 * DB loaded from disk: 0.001 seconds
42700:M 15 Aug 2026 03:36:43.021 * Ready to accept connections tcp
42700:M 15 Aug 2026 03:36:43.021 # WARNING: Redis does not require authentication. Redis will accept connections from any local client.
42700:M 15 Aug 2026 03:36:59.083 * User requested shutdown...
42700:M 15 Aug 2026 03:36:59.083 * Saving the final RDB snapshot before exiting.
42700:M 15 Aug 2026 03:36:59.083 * BGSAVE done, 2 keys saved, 0 keys skipped, 22796 bytes written.
42700:M 15 Aug 2026 03:36:59.087 * DB saved on disk
42700:M 15 Aug 2026 03:36:59.088 * Removing the pid file.
42700:M 15 Aug 2026 03:36:59.088 # Redis is now ready to exit, bye bye...
42784:C 15 Aug 2026 03:37:00.173 * oO0OoO0OoO0Oo Redis is starting oO0OoO0OoO0Oo
42784:C 15 Aug 2026 03:37:00.173 * Redis version=8.10.0, bits=64, commit=00000000, modified=1, pid=42784, just started
42784:C 15 Aug 2026 03:37:00.173 * Configuration loaded
42784:M 15 Aug 2026 03:37:00.173 * monotonic clock: ARM CNTVCT @ 24 ticks/us
42784:M 15 Aug 2026 03:37:00.173 # Failed to write PID file: Permission denied
42784:M 15 Aug 2026 03:37:00.174 * Running mode=standalone, port=6379.
42784:M 15 Aug 2026 03:37:00.174 # WARNING: The TCP backlog setting of 511 cannot be enforced because kern.ipc.somaxconn is set to the lower value of 128.
42784:M 15 Aug 2026 03:37:00.174 * Server initialized
42784:M 15 Aug 2026 03:37:00.174 * Loading RDB produced by version 8.10.0
42784:M 15 Aug 2026 03:37:00.174 * RDB age 1 seconds
42784:M 15 Aug 2026 03:37:00.174 * RDB memory usage when created 1.19 Mb
42784:M 15 Aug 2026 03:37:00.175 * Done loading RDB, keys loaded: 2, keys expired: 0.
42784:M 15 Aug 2026 03:37:00.175 * DB loaded from disk: 0.001 seconds
42784:M 15 Aug 2026 03:37:00.175 * Ready to accept connections tcp
42784:M 15 Aug 2026 03:37:00.175 # WARNING: Redis does not require authentication. Redis will accept connections from any local client.
42784:M 15 Aug 2026 03:37:16.245 * User requested shutdown...
42784:M 15 Aug 2026 03:37:16.245 * Saving the final RDB snapshot before exiting.
42784:M 15 Aug 2026 03:37:16.245 * BGSAVE done, 2 keys saved, 0 keys skipped, 25740 bytes written.
42784:M 15 Aug 2026 03:37:16.250 * DB saved on disk
42784:M 15 Aug 2026 03:37:16.250 * Removing the pid file.
42784:M 15 Aug 2026 03:37:16.250 # Redis is now ready to exit, bye bye...
42871:C 15 Aug 2026 03:37:17.340 * oO0OoO0OoO0Oo Redis is starting oO0OoO0OoO0Oo
42871:C 15 Aug 2026 03:37:17.340 * Redis version=8.10.0, bits=64, commit=00000000, modified=1, pid=42871, just started
42871:C 15 Aug 2026 03:37:17.340 * Configuration loaded
42871:M 15 Aug 2026 03:37:17.341 * monotonic clock: ARM CNTVCT @ 24 ticks/us
42871:M 15 Aug 2026 03:37:17.341 # Failed to write PID file: Permission denied
42871:M 15 Aug 2026 03:37:17.341 * Running mode=standalone, port=6379.
42871:M 15 Aug 2026 03:37:17.341 # WARNING: The TCP backlog setting of 511 cannot be enforced because kern.ipc.somaxconn is set to the lower value of 128.
42871:M 15 Aug 2026 03:37:17.341 * Server initialized
42871:M 15 Aug 2026 03:37:17.342 * Loading RDB produced by version 8.10.0
42871:M 15 Aug 2026 03:37:17.342 * RDB age 1 seconds
42871:M 15 Aug 2026 03:37:17.342 * RDB memory usage when created 1.20 Mb
42871:M 15 Aug 2026 03:37:17.342 * Done loading RDB, keys loaded: 2, keys expired: 0.
42871:M 15 Aug 2026 03:37:17.342 * DB loaded from disk: 0.001 seconds
42871:M 15 Aug 2026 03:37:17.342 * Ready to accept connections tcp
42871:M 15 Aug 2026 03:37:17.342 # WARNING: Redis does not require authentication. Redis will accept connections from any local client.
42871:M 15 Aug 2026 03:37:33.156 * User requested shutdown...
42871:M 15 Aug 2026 03:37:33.156 * Saving the final RDB snapshot before exiting.
42871:M 15 Aug 2026 03:37:33.156 * BGSAVE done, 2 keys saved, 0 keys skipped, 28775 bytes written.
42871:M 15 Aug 2026 03:37:33.162 * DB saved on disk
42871:M 15 Aug 2026 03:37:33.162 * Removing the pid file.
42871:M 15 Aug 2026 03:37:33.162 # Redis is now ready to exit, bye bye...
42954:C 15 Aug 2026 03:37:34.251 * oO0OoO0OoO0Oo Redis is starting oO0OoO0OoO0Oo
42954:C 15 Aug 2026 03:37:34.251 * Redis version=8.10.0, bits=64, commit=00000000, modified=1, pid=42954, just started
42954:C 15 Aug 2026 03:37:34.251 * Configuration loaded
42954:M 15 Aug 2026 03:37:34.252 * monotonic clock: ARM CNTVCT @ 24 ticks/us
42954:M 15 Aug 2026 03:37:34.252 # Failed to write PID file: Permission denied
42954:M 15 Aug 2026 03:37:34.252 * Running mode=standalone, port=6379.
42954:M 15 Aug 2026 03:37:34.252 # WARNING: The TCP backlog setting of 511 cannot be enforced because kern.ipc.somaxconn is set to the lower value of 128.
42954:M 15 Aug 2026 03:37:34.252 * Server initialized
42954:M 15 Aug 2026 03:37:34.252 * Loading RDB produced by version 8.10.0
42954:M 15 Aug 2026 03:37:34.253 * RDB age 1 seconds
42954:M 15 Aug 2026 03:37:34.253 * RDB memory usage when created 1.21 Mb
42954:M 15 Aug 2026 03:37:34.253 * Done loading RDB, keys loaded: 2, keys expired: 0.
42954:M 15 Aug 2026 03:37:34.253 * DB loaded from disk: 0.001 seconds
42954:M 15 Aug 2026 03:37:34.253 * Ready to accept connections tcp
42954:M 15 Aug 2026 03:37:34.253 # WARNING: Redis does not require authentication. Redis will accept connections from any local client.
42954:M 15 Aug 2026 03:38:22.409 * User requested shutdown...
42954:M 15 Aug 2026 03:38:22.409 * Saving the final RDB snapshot before exiting.
42954:M 15 Aug 2026 03:38:22.409 * BGSAVE done, 2 keys saved, 0 keys skipped, 31908 bytes written.
42954:M 15 Aug 2026 03:38:22.413 * DB saved on disk
42954:M 15 Aug 2026 03:38:22.413 * Removing the pid file.
42954:M 15 Aug 2026 03:38:22.413 # Redis is now ready to exit, bye bye...
43043:C 15 Aug 2026 03:38:23.503 * oO0OoO0OoO0Oo Redis is starting oO0OoO0OoO0Oo
43043:C 15 Aug 2026 03:38:23.504 * Redis version=8.10.0, bits=64, commit=00000000, modified=1, pid=43043, just started
43043:C 15 Aug 2026 03:38:23.504 * Configuration loaded
43043:M 15 Aug 2026 03:38:23.504 * monotonic clock: ARM CNTVCT @ 24 ticks/us
43043:M 15 Aug 2026 03:38:23.504 # Failed to write PID file: Permission denied
43043:M 15 Aug 2026 03:38:23.504 * Running mode=standalone, port=6379.
43043:M 15 Aug 2026 03:38:23.504 # WARNING: The TCP backlog setting of 511 cannot be enforced because kern.ipc.somaxconn is set to the lower value of 128.
43043:M 15 Aug 2026 03:38:23.505 * Server initialized
43043:M 15 Aug 2026 03:38:23.505 * Loading RDB produced by version 8.10.0
43043:M 15 Aug 2026 03:38:23.505 * RDB age 1 seconds
43043:M 15 Aug 2026 03:38:23.505 * RDB memory usage when created 1.22 Mb
43043:M 15 Aug 2026 03:38:23.506 * Done loading RDB, keys loaded: 2, keys expired: 0.
43043:M 15 Aug 2026 03:38:23.506 * DB loaded from disk: 0.001 seconds
43043:M 15 Aug 2026 03:38:23.506 * Ready to accept connections tcp
43043:M 15 Aug 2026 03:38:23.506 # WARNING: Redis does not require authentication. Redis will accept connections from any local client.
43043:M 15 Aug 2026 03:43:24.073 * 100 changes in 300 seconds. Saving...
43043:M 15 Aug 2026 03:43:24.075 * Background saving started by pid 43342
43342:C 15 Aug 2026 03:43:24.077 * BGSAVE done, 2 keys saved, 0 keys skipped, 38530 bytes written.
43342:C 15 Aug 2026 03:43:24.081 * DB saved on disk
43342:C 15 Aug 2026 03:43:24.081 * Fork CoW for RDB: current 0 MB, peak 0 MB, average 0 MB
43043:M 15 Aug 2026 03:43:24.177 * Background saving terminated with success
43043:M 15 Aug 2026 03:48:25.012 * 100 changes in 300 seconds. Saving...
43043:M 15 Aug 2026 03:48:25.014 * Background saving started by pid 43870
43870:C 15 Aug 2026 03:48:25.015 * BGSAVE done, 2 keys saved, 0 keys skipped, 41655 bytes written.
43870:C 15 Aug 2026 03:48:25.021 * DB saved on disk
43870:C 15 Aug 2026 03:48:25.021 * Fork CoW for RDB: current 0 MB, peak 0 MB, average 0 MB
43043:M 15 Aug 2026 03:48:25.116 * Background saving terminated with success
43043:signal-handler (1786830624) Received SIGTERM scheduling shutdown...
43043:M 16 Aug 2026 03:20:24.260 * User requested shutdown...
43043:M 16 Aug 2026 03:20:24.262 * Saving the final RDB snapshot before exiting.
43043:M 16 Aug 2026 03:20:24.269 * BGSAVE done, 1 keys saved, 0 keys skipped, 41564 bytes written.
43043:M 16 Aug 2026 03:20:24.277 * DB saved on disk
43043:M 16 Aug 2026 03:20:24.279 * Removing the pid file.
43043:M 16 Aug 2026 03:20:24.280 # Redis is now ready to exit, bye bye...
15895:C 16 Aug 2026 08:12:59.385 * oO0OoO0OoO0Oo Redis is starting oO0OoO0OoO0Oo
15895:C 16 Aug 2026 08:12:59.385 * Redis version=8.10.0, bits=64, commit=00000000, modified=1, pid=15895, just started
15895:C 16 Aug 2026 08:12:59.385 * Configuration loaded
15895:M 16 Aug 2026 08:12:59.385 * monotonic clock: ARM CNTVCT @ 24 ticks/us
15895:M 16 Aug 2026 08:12:59.386 # Failed to write PID file: Permission denied
15895:M 16 Aug 2026 08:12:59.387 * Running mode=standalone, port=6379.
15895:M 16 Aug 2026 08:12:59.387 # WARNING: The TCP backlog setting of 511 cannot be enforced because kern.ipc.somaxconn is set to the lower value of 128.
15895:M 16 Aug 2026 08:12:59.387 * Server initialized
15895:M 16 Aug 2026 08:12:59.387 * Loading RDB produced by version 8.10.0
15895:M 16 Aug 2026 08:12:59.387 * RDB age 17555 seconds
15895:M 16 Aug 2026 08:12:59.387 * RDB memory usage when created 1.25 Mb
15895:M 16 Aug 2026 08:12:59.388 * Done loading RDB, keys loaded: 1, keys expired: 0.
15895:M 16 Aug 2026 08:12:59.388 * DB loaded from disk: 0.001 seconds
15895:M 16 Aug 2026 08:12:59.389 * Ready to accept connections tcp
15895:M 16 Aug 2026 08:12:59.389 # WARNING: Redis does not require authentication. Redis will accept connections from any local client.
15895:M 16 Aug 2026 09:27:49.635 * 1 changes in 3600 seconds. Saving...
15895:M 16 Aug 2026 09:27:49.705 * Background saving started by pid 19144
19144:C 16 Aug 2026 09:27:49.709 * BGSAVE done, 1 keys saved, 0 keys skipped, 41855 bytes written.
19144:C 16 Aug 2026 09:27:49.716 * DB saved on disk
19144:C 16 Aug 2026 09:27:49.716 * Fork CoW for RDB: current 0 MB, peak 0 MB, average 0 MB
15895:M 16 Aug 2026 09:27:49.810 * Background saving terminated with success
15895:M 18 Aug 2026 00:02:10.252 * User requested shutdown...
15895:M 18 Aug 2026 00:02:10.253 * Saving the final RDB snapshot before exiting.
15895:M 18 Aug 2026 00:02:10.254 * BGSAVE done, 1 keys saved, 0 keys skipped, 41855 bytes written.
15895:M 18 Aug 2026 00:02:10.258 * DB saved on disk
15895:M 18 Aug 2026 00:02:10.258 * Removing the pid file.
15895:M 18 Aug 2026 00:02:10.258 # Redis is now ready to exit, bye bye...
48289:C 18 Aug 2026 00:05:46.897 * oO0OoO0OoO0Oo Redis is starting oO0OoO0OoO0Oo
48289:C 18 Aug 2026 00:05:46.898 * Redis version=8.10.0, bits=64, commit=00000000, modified=1, pid=48289, just started
48289:C 18 Aug 2026 00:05:46.898 * Configuration loaded
48289:M 18 Aug 2026 00:05:46.898 * monotonic clock: ARM CNTVCT @ 24 ticks/us
48289:M 18 Aug 2026 00:05:46.899 # Failed to write PID file: Permission denied
48289:M 18 Aug 2026 00:05:46.899 * Running mode=standalone, port=6379.
48289:M 18 Aug 2026 00:05:46.899 # WARNING: The TCP backlog setting of 511 cannot be enforced because kern.ipc.somaxconn is set to the lower value of 128.
48289:M 18 Aug 2026 00:05:46.900 * Server initialized
48289:M 18 Aug 2026 00:05:46.900 * Loading RDB produced by version 8.10.0
48289:M 18 Aug 2026 00:05:46.900 * RDB age 216 seconds
48289:M 18 Aug 2026 00:05:46.900 * RDB memory usage when created 1.27 Mb
48289:M 18 Aug 2026 00:05:46.902 * Done loading RDB, keys loaded: 1, keys expired: 0.
48289:M 18 Aug 2026 00:05:46.902 * DB loaded from disk: 0.002 seconds
48289:M 18 Aug 2026 00:05:46.902 * Ready to accept connections tcp
48289:M 18 Aug 2026 00:05:46.902 # WARNING: Redis does not require authentication. Redis will accept connections from any local client.
48289:M 18 Aug 2026 00:12:12.896 * User requested shutdown...
48289:M 18 Aug 2026 00:12:12.896 * Saving the final RDB snapshot before exiting.
48289:M 18 Aug 2026 00:12:12.897 * BGSAVE done, 1 keys saved, 0 keys skipped, 41855 bytes written.
48289:M 18 Aug 2026 00:12:12.901 * DB saved on disk
48289:M 18 Aug 2026 00:12:12.901 * Removing the pid file.
48289:M 18 Aug 2026 00:12:12.902 # Redis is now ready to exit, bye bye...
49269:C 18 Aug 2026 00:12:15.403 * oO0OoO0OoO0Oo Redis is starting oO0OoO0OoO0Oo
49269:C 18 Aug 2026 00:12:15.403 * Redis version=8.10.0, bits=64, commit=00000000, modified=1, pid=49269, just started
49269:C 18 Aug 2026 00:12:15.403 * Configuration loaded
49269:M 18 Aug 2026 00:12:15.404 * monotonic clock: ARM CNTVCT @ 24 ticks/us
49269:M 18 Aug 2026 00:12:15.404 # Failed to write PID file: Permission denied
49269:M 18 Aug 2026 00:12:15.404 * Running mode=standalone, port=6379.
49269:M 18 Aug 2026 00:12:15.405 # WARNING: The TCP backlog setting of 511 cannot be enforced because kern.ipc.somaxconn is set to the lower value of 128.
49269:M 18 Aug 2026 00:12:15.405 * Server initialized
49269:M 18 Aug 2026 00:12:15.405 * Loading RDB produced by version 8.10.0
49269:M 18 Aug 2026 00:12:15.405 * RDB age 3 seconds
49269:M 18 Aug 2026 00:12:15.405 * RDB memory usage when created 1.15 Mb
49269:M 18 Aug 2026 00:12:15.406 * Done loading RDB, keys loaded: 1, keys expired: 0.
49269:M 18 Aug 2026 00:12:15.406 * DB loaded from disk: 0.001 seconds
49269:M 18 Aug 2026 00:12:15.406 * Ready to accept connections tcp
49269:M 18 Aug 2026 00:12:15.406 # WARNING: Redis does not require authentication. Redis will accept connections from any local client.
49269:M 18 Aug 2026 00:15:09.516 * User requested shutdown...
49269:M 18 Aug 2026 00:15:09.516 * Saving the final RDB snapshot before exiting.
49269:M 18 Aug 2026 00:15:09.516 * BGSAVE done, 1 keys saved, 0 keys skipped, 41855 bytes written.
49269:M 18 Aug 2026 00:15:09.521 * DB saved on disk
49269:M 18 Aug 2026 00:15:09.521 * Removing the pid file.
49269:M 18 Aug 2026 00:15:09.521 # Redis is now ready to exit, bye bye...
49489:C 18 Aug 2026 00:15:10.348 * oO0OoO0OoO0Oo Redis is starting oO0OoO0OoO0Oo
49489:C 18 Aug 2026 00:15:10.348 * Redis version=8.10.0, bits=64, commit=00000000, modified=1, pid=49489, just started
49489:C 18 Aug 2026 00:15:10.348 * Configuration loaded
49489:M 18 Aug 2026 00:15:10.349 * monotonic clock: ARM CNTVCT @ 24 ticks/us
49489:M 18 Aug 2026 00:15:10.349 # Failed to write PID file: Permission denied
49489:M 18 Aug 2026 00:15:10.350 * Running mode=standalone, port=6379.
49489:M 18 Aug 2026 00:15:10.350 # WARNING: The TCP backlog setting of 511 cannot be enforced because kern.ipc.somaxconn is set to the lower value of 128.
49489:M 18 Aug 2026 00:15:10.350 * Server initialized
49489:M 18 Aug 2026 00:15:10.350 * Loading RDB produced by version 8.10.0
49489:M 18 Aug 2026 00:15:10.350 * RDB age 1 seconds
49489:M 18 Aug 2026 00:15:10.350 * RDB memory usage when created 1.15 Mb
49489:M 18 Aug 2026 00:15:10.351 * Done loading RDB, keys loaded: 1, keys expired: 0.
49489:M 18 Aug 2026 00:15:10.351 * DB loaded from disk: 0.001 seconds
49489:M 18 Aug 2026 00:15:10.351 * Ready to accept connections tcp
49489:M 18 Aug 2026 00:15:10.351 # WARNING: Redis does not require authentication. Redis will accept connections from any local client.
49489:M 18 Aug 2026 00:16:11.755 * User requested shutdown...
49489:M 18 Aug 2026 00:16:11.756 * Saving the final RDB snapshot before exiting.
49489:M 18 Aug 2026 00:16:11.756 * BGSAVE done, 1 keys saved, 0 keys skipped, 41855 bytes written.
49489:M 18 Aug 2026 00:16:11.761 * DB saved on disk
49489:M 18 Aug 2026 00:16:11.761 * Removing the pid file.
49489:M 18 Aug 2026 00:16:11.761 # Redis is now ready to exit, bye bye...
50924:C 18 Aug 2026 00:18:50.212 * oO0OoO0OoO0Oo Redis is starting oO0OoO0OoO0Oo
50924:C 18 Aug 2026 00:18:50.212 * Redis version=8.10.0, bits=64, commit=00000000, modified=1, pid=50924, just started
50924:C 18 Aug 2026 00:18:50.212 * Configuration loaded
50924:M 18 Aug 2026 00:18:50.213 * monotonic clock: ARM CNTVCT @ 24 ticks/us
50924:M 18 Aug 2026 00:18:50.214 # Failed to write PID file: Permission denied
50924:M 18 Aug 2026 00:18:50.214 * Running mode=standalone, port=6379.
50924:M 18 Aug 2026 00:18:50.214 # WARNING: The TCP backlog setting of 511 cannot be enforced because kern.ipc.somaxconn is set to the lower value of 128.
50924:M 18 Aug 2026 00:18:50.215 * Server initialized
50924:M 18 Aug 2026 00:18:50.215 * Loading RDB produced by version 8.10.0
50924:M 18 Aug 2026 00:18:50.215 * RDB age 159 seconds
50924:M 18 Aug 2026 00:18:50.215 * RDB memory usage when created 1.15 Mb
50924:M 18 Aug 2026 00:18:50.216 * Done loading RDB, keys loaded: 1, keys expired: 0.
50924:M 18 Aug 2026 00:18:50.216 * DB loaded from disk: 0.001 seconds
50924:M 18 Aug 2026 00:18:50.216 * Ready to accept connections tcp
50924:M 18 Aug 2026 00:18:50.216 # WARNING: Redis does not require authentication. Redis will accept connections from any local client.
50924:M 18 Aug 2026 00:23:19.250 * User requested shutdown...
50924:M 18 Aug 2026 00:23:19.250 * Saving the final RDB snapshot before exiting.
50924:M 18 Aug 2026 00:23:19.251 * BGSAVE done, 1 keys saved, 0 keys skipped, 41855 bytes written.
50924:M 18 Aug 2026 00:23:19.255 * DB saved on disk
50924:M 18 Aug 2026 00:23:19.255 * Removing the pid file.
50924:M 18 Aug 2026 00:23:19.255 # Redis is now ready to exit, bye bye...
54063:C 18 Aug 2026 02:12:56.769 * oO0OoO0OoO0Oo Redis is starting oO0OoO0OoO0Oo
54063:C 18 Aug 2026 02:12:56.770 * Redis version=8.10.0, bits=64, commit=00000000, modified=1, pid=54063, just started
54063:C 18 Aug 2026 02:12:56.770 * Configuration loaded
54063:M 18 Aug 2026 02:12:56.770 * monotonic clock: ARM CNTVCT @ 24 ticks/us
54063:M 18 Aug 2026 02:12:56.774 # Failed to write PID file: Permission denied
54063:M 18 Aug 2026 02:12:56.774 * Running mode=standalone, port=6379.
54063:M 18 Aug 2026 02:12:56.774 # WARNING: The TCP backlog setting of 511 cannot be enforced because kern.ipc.somaxconn is set to the lower value of 128.
54063:M 18 Aug 2026 02:12:56.775 * Server initialized
54063:M 18 Aug 2026 02:12:56.775 * Loading RDB produced by version 8.10.0
54063:M 18 Aug 2026 02:12:56.775 * RDB age 6577 seconds
54063:M 18 Aug 2026 02:12:56.775 * RDB memory usage when created 1.18 Mb
54063:M 18 Aug 2026 02:12:56.777 * Done loading RDB, keys loaded: 1, keys expired: 0.
54063:M 18 Aug 2026 02:12:56.777 * DB loaded from disk: 0.002 seconds
54063:M 18 Aug 2026 02:12:56.777 * Ready to accept connections tcp
54063:M 18 Aug 2026 02:12:56.777 # WARNING: Redis does not require authentication. Redis will accept connections from any local client.
54063:M 18 Aug 2026 18:17:52.187 * User requested shutdown...
54063:M 18 Aug 2026 18:17:52.187 * Saving the final RDB snapshot before exiting.
54063:M 18 Aug 2026 18:17:52.189 * BGSAVE done, 1 keys saved, 0 keys skipped, 41855 bytes written.
54063:M 18 Aug 2026 18:17:52.197 * DB saved on disk
54063:M 18 Aug 2026 18:17:52.197 * Removing the pid file.
54063:M 18 Aug 2026 18:17:52.198 # Redis is now ready to exit, bye bye...
70203:C 18 Aug 2026 18:18:11.382 * oO0OoO0OoO0Oo Redis is starting oO0OoO0OoO0Oo
70203:C 18 Aug 2026 18:18:11.382 * Redis version=8.10.0, bits=64, commit=00000000, modified=1, pid=70203, just started
70203:C 18 Aug 2026 18:18:11.382 * Configuration loaded
70203:M 18 Aug 2026 18:18:11.383 * monotonic clock: ARM CNTVCT @ 24 ticks/us
70203:M 18 Aug 2026 18:18:11.386 # Failed to write PID file: Permission denied
70203:M 18 Aug 2026 18:18:11.387 * Running mode=standalone, port=6379.
70203:M 18 Aug 2026 18:18:11.387 # WARNING: The TCP backlog setting of 511 cannot be enforced because kern.ipc.somaxconn is set to the lower value of 128.
70203:M 18 Aug 2026 18:18:11.387 * Server initialized
70203:M 18 Aug 2026 18:18:11.387 * Loading RDB produced by version 8.10.0
70203:M 18 Aug 2026 18:18:11.387 * RDB age 19 seconds
70203:M 18 Aug 2026 18:18:11.387 * RDB memory usage when created 1.15 Mb
70203:M 18 Aug 2026 18:18:11.388 * Done loading RDB, keys loaded: 1, keys expired: 0.
70203:M 18 Aug 2026 18:18:11.388 * DB loaded from disk: 0.001 seconds
70203:M 18 Aug 2026 18:18:11.388 * Ready to accept connections tcp
70203:M 18 Aug 2026 18:18:11.388 # WARNING: Redis does not require authentication. Redis will accept connections from any local client.
70203:M 18 Aug 2026 19:22:48.024 * 1 changes in 3600 seconds. Saving...
70203:M 18 Aug 2026 19:22:48.025 * Background saving started by pid 73534
73534:C 18 Aug 2026 19:22:48.026 * BGSAVE done, 1 keys saved, 0 keys skipped, 42192 bytes written.
73534:C 18 Aug 2026 19:22:48.032 * DB saved on disk
73534:C 18 Aug 2026 19:22:48.032 * Fork CoW for RDB: current 0 MB, peak 0 MB, average 0 MB
70203:M 18 Aug 2026 19:22:48.126 * Background saving terminated with success
70203:M 18 Aug 2026 19:29:08.692 * 100 changes in 300 seconds. Saving...
70203:M 18 Aug 2026 19:29:08.694 * Background saving started by pid 74585
74585:C 18 Aug 2026 19:29:08.696 * BGSAVE done, 1 keys saved, 0 keys skipped, 45553 bytes written.
74585:C 18 Aug 2026 19:29:08.702 * DB saved on disk
74585:C 18 Aug 2026 19:29:08.702 * Fork CoW for RDB: current 0 MB, peak 0 MB, average 0 MB
70203:M 18 Aug 2026 19:29:08.797 * Background saving terminated with success
70203:M 18 Aug 2026 20:29:09.089 * 1 changes in 3600 seconds. Saving...
70203:M 18 Aug 2026 20:29:09.092 * Background saving started by pid 76338
76338:C 18 Aug 2026 20:29:09.094 * BGSAVE done, 1 keys saved, 0 keys skipped, 46608 bytes written.
76338:C 18 Aug 2026 20:29:09.098 * DB saved on disk
76338:C 18 Aug 2026 20:29:09.099 * Fork CoW for RDB: current 0 MB, peak 0 MB, average 0 MB
70203:M 18 Aug 2026 20:29:09.195 * Background saving terminated with success
70203:M 18 Aug 2026 23:45:10.507 * User requested shutdown...
70203:M 18 Aug 2026 23:45:10.508 * Saving the final RDB snapshot before exiting.
70203:M 18 Aug 2026 23:45:10.509 * BGSAVE done, 1 keys saved, 0 keys skipped, 46608 bytes written.
70203:M 18 Aug 2026 23:45:10.513 * DB saved on disk
70203:M 18 Aug 2026 23:45:10.514 * Removing the pid file.
70203:M 18 Aug 2026 23:45:10.514 # Redis is now ready to exit, bye bye...
81862:C 18 Aug 2026 23:45:13.811 * oO0OoO0OoO0Oo Redis is starting oO0OoO0OoO0Oo
81862:C 18 Aug 2026 23:45:13.812 * Redis version=8.10.0, bits=64, commit=00000000, modified=1, pid=81862, just started
81862:C 18 Aug 2026 23:45:13.812 * Configuration loaded
81862:M 18 Aug 2026 23:45:13.813 * monotonic clock: ARM CNTVCT @ 24 ticks/us
81862:M 18 Aug 2026 23:45:13.816 # Failed to write PID file: Permission denied
81862:M 18 Aug 2026 23:45:13.816 * Running mode=standalone, port=6379.
81862:M 18 Aug 2026 23:45:13.816 # WARNING: The TCP backlog setting of 511 cannot be enforced because kern.ipc.somaxconn is set to the lower value of 128.
81862:M 18 Aug 2026 23:45:13.817 * Server initialized
81862:M 18 Aug 2026 23:45:13.817 * Loading RDB produced by version 8.10.0
81862:M 18 Aug 2026 23:45:13.817 * RDB age 3 seconds
81862:M 18 Aug 2026 23:45:13.817 * RDB memory usage when created 1.26 Mb
81862:M 18 Aug 2026 23:45:13.818 * Done loading RDB, keys loaded: 1, keys expired: 0.
81862:M 18 Aug 2026 23:45:13.818 * DB loaded from disk: 0.001 seconds
81862:M 18 Aug 2026 23:45:13.818 * Ready to accept connections tcp
81862:M 18 Aug 2026 23:45:13.818 # WARNING: Redis does not require authentication. Redis will accept connections from any local client.
81862:M 18 Aug 2026 23:50:14.039 * 100 changes in 300 seconds. Saving...
81862:M 18 Aug 2026 23:50:14.041 * Background saving started by pid 82369
82369:C 18 Aug 2026 23:50:14.045 * BGSAVE done, 3 keys saved, 0 keys skipped, 90266 bytes written.
82369:C 18 Aug 2026 23:50:14.050 * DB saved on disk
82369:C 18 Aug 2026 23:50:14.051 * Fork CoW for RDB: current 0 MB, peak 0 MB, average 0 MB
81862:M 18 Aug 2026 23:50:14.143 * Background saving terminated with success
81862:M 18 Aug 2026 23:55:15.040 * 100 changes in 300 seconds. Saving...
81862:M 18 Aug 2026 23:55:15.041 * Background saving started by pid 82481
82481:C 18 Aug 2026 23:55:15.044 * BGSAVE done, 1 keys saved, 0 keys skipped, 134675 bytes written.
82481:C 18 Aug 2026 23:55:15.049 * DB saved on disk
82481:C 18 Aug 2026 23:55:15.049 * Fork CoW for RDB: current 0 MB, peak 0 MB, average 0 MB
81862:M 18 Aug 2026 23:55:15.143 * Background saving terminated with success
81862:M 19 Aug 2026 00:00:16.060 * 100 changes in 300 seconds. Saving...
81862:M 19 Aug 2026 00:00:16.062 * Background saving started by pid 82646
82646:C 19 Aug 2026 00:00:16.066 * BGSAVE done, 1 keys saved, 0 keys skipped, 182076 bytes written.
82646:C 19 Aug 2026 00:00:16.072 * DB saved on disk
82646:C 19 Aug 2026 00:00:16.072 * Fork CoW for RDB: current 0 MB, peak 0 MB, average 0 MB
81862:M 19 Aug 2026 00:00:16.164 * Background saving terminated with success
81862:M 19 Aug 2026 00:05:17.047 * 100 changes in 300 seconds. Saving...
81862:M 19 Aug 2026 00:05:17.049 * Background saving started by pid 82802
82802:C 19 Aug 2026 00:05:17.052 * BGSAVE done, 1 keys saved, 0 keys skipped, 226497 bytes written.
82802:C 19 Aug 2026 00:05:17.056 * DB saved on disk
82802:C 19 Aug 2026 00:05:17.056 * Fork CoW for RDB: current 0 MB, peak 0 MB, average 0 MB
81862:M 19 Aug 2026 00:05:17.150 * Background saving terminated with success
81862:M 19 Aug 2026 00:10:18.029 * 100 changes in 300 seconds. Saving...
81862:M 19 Aug 2026 00:10:18.030 * Background saving started by pid 82963
82963:C 19 Aug 2026 00:10:18.034 * BGSAVE done, 1 keys saved, 0 keys skipped, 251744 bytes written.
82963:C 19 Aug 2026 00:10:18.037 * DB saved on disk
82963:C 19 Aug 2026 00:10:18.038 * Fork CoW for RDB: current 0 MB, peak 0 MB, average 0 MB
81862:M 19 Aug 2026 00:10:18.131 * Background saving terminated with success
81862:M 19 Aug 2026 00:15:19.034 * 100 changes in 300 seconds. Saving...
81862:M 19 Aug 2026 00:15:19.034 * Background saving started by pid 83149
83149:C 19 Aug 2026 00:15:19.038 * BGSAVE done, 1 keys saved, 0 keys skipped, 257077 bytes written.
83149:C 19 Aug 2026 00:15:19.043 * DB saved on disk
83149:C 19 Aug 2026 00:15:19.043 * Fork CoW for RDB: current 0 MB, peak 0 MB, average 0 MB
81862:M 19 Aug 2026 00:15:19.136 * Background saving terminated with success
81862:M 19 Aug 2026 00:20:20.021 * 100 changes in 300 seconds. Saving...
81862:M 19 Aug 2026 00:20:20.022 * Background saving started by pid 83308
83308:C 19 Aug 2026 00:20:20.027 * BGSAVE done, 1 keys saved, 0 keys skipped, 262524 bytes written.
83308:C 19 Aug 2026 00:20:20.032 * DB saved on disk
83308:C 19 Aug 2026 00:20:20.033 * Fork CoW for RDB: current 0 MB, peak 0 MB, average 0 MB
81862:M 19 Aug 2026 00:20:20.125 * Background saving terminated with success
81862:M 19 Aug 2026 00:25:21.098 * 100 changes in 300 seconds. Saving...
81862:M 19 Aug 2026 00:25:21.100 * Background saving started by pid 83519
83519:C 19 Aug 2026 00:25:21.104 * BGSAVE done, 1 keys saved, 0 keys skipped, 266963 bytes written.
83519:C 19 Aug 2026 00:25:21.110 * DB saved on disk
83519:C 19 Aug 2026 00:25:21.110 * Fork CoW for RDB: current 0 MB, peak 0 MB, average 0 MB
81862:M 19 Aug 2026 00:25:21.202 * Background saving terminated with success
81862:M 19 Aug 2026 00:30:22.055 * 100 changes in 300 seconds. Saving...
81862:M 19 Aug 2026 00:30:22.056 * Background saving started by pid 83682
83682:C 19 Aug 2026 00:30:22.061 * BGSAVE done, 1 keys saved, 0 keys skipped, 270719 bytes written.
83682:C 19 Aug 2026 00:30:22.067 * DB saved on disk
83682:C 19 Aug 2026 00:30:22.068 * Fork CoW for RDB: current 0 MB, peak 0 MB, average 0 MB
81862:M 19 Aug 2026 00:30:22.159 * Background saving terminated with success
81862:M 19 Aug 2026 02:07:30.575 * User requested shutdown...
81862:M 19 Aug 2026 02:07:30.575 * Saving the final RDB snapshot before exiting.
81862:M 19 Aug 2026 02:07:30.577 * BGSAVE done, 1 keys saved, 0 keys skipped, 270719 bytes written.
81862:M 19 Aug 2026 02:07:30.582 * DB saved on disk
81862:M 19 Aug 2026 02:07:30.582 * Removing the pid file.
81862:M 19 Aug 2026 02:07:30.582 # Redis is now ready to exit, bye bye...
86272:C 19 Aug 2026 02:07:34.383 * oO0OoO0OoO0Oo Redis is starting oO0OoO0OoO0Oo
86272:C 19 Aug 2026 02:07:34.383 * Redis version=8.10.0, bits=64, commit=00000000, modified=1, pid=86272, just started
86272:C 19 Aug 2026 02:07:34.383 * Configuration loaded
86272:M 19 Aug 2026 02:07:34.383 * monotonic clock: ARM CNTVCT @ 24 ticks/us
86272:M 19 Aug 2026 02:07:34.384 # Failed to write PID file: Permission denied
86272:M 19 Aug 2026 02:07:34.384 * Running mode=standalone, port=6379.
86272:M 19 Aug 2026 02:07:34.384 # WARNING: The TCP backlog setting of 511 cannot be enforced because kern.ipc.somaxconn is set to the lower value of 128.
86272:M 19 Aug 2026 02:07:34.385 * Server initialized
86272:M 19 Aug 2026 02:07:34.385 * Loading RDB produced by version 8.10.0
86272:M 19 Aug 2026 02:07:34.385 * RDB age 4 seconds
86272:M 19 Aug 2026 02:07:34.385 * RDB memory usage when created 1.88 Mb
86272:M 19 Aug 2026 02:07:34.387 * Done loading RDB, keys loaded: 1, keys expired: 0.
86272:M 19 Aug 2026 02:07:34.387 * DB loaded from disk: 0.002 seconds
86272:M 19 Aug 2026 02:07:34.387 * Ready to accept connections tcp
86272:M 19 Aug 2026 02:07:34.387 # WARNING: Redis does not require authentication. Redis will accept connections from any local client.
86272:M 19 Aug 2026 23:04:47.947 * User requested shutdown...
86272:M 19 Aug 2026 23:04:47.947 * Saving the final RDB snapshot before exiting.
86272:M 19 Aug 2026 23:04:47.952 * BGSAVE done, 1 keys saved, 0 keys skipped, 270719 bytes written.
86272:M 19 Aug 2026 23:04:47.957 * DB saved on disk
86272:M 19 Aug 2026 23:04:47.957 * Removing the pid file.
86272:M 19 Aug 2026 23:04:47.958 # Redis is now ready to exit, bye bye...
11176:C 19 Aug 2026 23:04:56.353 * oO0OoO0OoO0Oo Redis is starting oO0OoO0OoO0Oo
11176:C 19 Aug 2026 23:04:56.354 * Redis version=8.10.0, bits=64, commit=00000000, modified=1, pid=11176, just started
11176:C 19 Aug 2026 23:04:56.354 * Configuration loaded
11176:M 19 Aug 2026 23:04:56.354 * monotonic clock: ARM CNTVCT @ 24 ticks/us
11176:M 19 Aug 2026 23:04:56.354 # Failed to write PID file: Permission denied
11176:M 19 Aug 2026 23:04:56.355 * Running mode=standalone, port=6379.
11176:M 19 Aug 2026 23:04:56.355 # WARNING: The TCP backlog setting of 511 cannot be enforced because kern.ipc.somaxconn is set to the lower value of 128.
11176:M 19 Aug 2026 23:04:56.355 * Server initialized
11176:M 19 Aug 2026 23:04:56.355 * Loading RDB produced by version 8.10.0
11176:M 19 Aug 2026 23:04:56.355 * RDB age 9 seconds
11176:M 19 Aug 2026 23:04:56.355 * RDB memory usage when created 1.81 Mb
11176:M 19 Aug 2026 23:04:56.357 * Done loading RDB, keys loaded: 1, keys expired: 0.
11176:M 19 Aug 2026 23:04:56.357 * DB loaded from disk: 0.002 seconds
11176:M 19 Aug 2026 23:04:56.357 * Ready to accept connections tcp
11176:M 19 Aug 2026 23:04:56.357 # WARNING: Redis does not require authentication. Redis will accept connections from any local client.
11176:M 20 Aug 2026 00:50:58.254 * 1 changes in 3600 seconds. Saving...
11176:M 20 Aug 2026 00:50:58.255 * Background saving started by pid 17243
17243:C 20 Aug 2026 00:50:58.259 * BGSAVE done, 2 keys saved, 0 keys skipped, 271289 bytes written.
17243:C 20 Aug 2026 00:50:58.263 * DB saved on disk
17243:C 20 Aug 2026 00:50:58.263 * Fork CoW for RDB: current 0 MB, peak 0 MB, average 0 MB
11176:M 20 Aug 2026 00:50:58.357 * Background saving terminated with success
11176:M 20 Aug 2026 01:28:04.704 * 100 changes in 300 seconds. Saving...
11176:M 20 Aug 2026 01:28:04.705 * Background saving started by pid 19297
19297:C 20 Aug 2026 01:28:04.710 * BGSAVE done, 7 keys saved, 0 keys skipped, 275137 bytes written.
19297:C 20 Aug 2026 01:28:04.716 * DB saved on disk
19297:C 20 Aug 2026 01:28:04.716 * Fork CoW for RDB: current 0 MB, peak 0 MB, average 0 MB
11176:M 20 Aug 2026 01:28:04.806 * Background saving terminated with success
11176:M 20 Aug 2026 01:33:05.078 * 100 changes in 300 seconds. Saving...
11176:M 20 Aug 2026 01:33:05.079 * Background saving started by pid 20142
20142:C 20 Aug 2026 01:33:05.084 * BGSAVE done, 8 keys saved, 0 keys skipped, 280408 bytes written.
20142:C 20 Aug 2026 01:33:05.090 * DB saved on disk
20142:C 20 Aug 2026 01:33:05.090 * Fork CoW for RDB: current 0 MB, peak 0 MB, average 0 MB
11176:M 20 Aug 2026 01:33:05.181 * Background saving terminated with success
11176:M 20 Aug 2026 02:40:51.604 * 1 changes in 3600 seconds. Saving...
11176:M 20 Aug 2026 02:40:51.607 * Background saving started by pid 20242
20242:C 20 Aug 2026 02:40:51.613 * BGSAVE done, 1 keys saved, 0 keys skipped, 279759 bytes written.
20242:C 20 Aug 2026 02:40:51.617 * DB saved on disk
20242:C 20 Aug 2026 02:40:51.617 * Fork CoW for RDB: current 0 MB, peak 0 MB, average 0 MB
11176:M 20 Aug 2026 02:40:51.710 * Background saving terminated with success
11176:M 20 Aug 2026 03:40:52.067 * 1 changes in 3600 seconds. Saving...
11176:M 20 Aug 2026 03:40:52.068 * Background saving started by pid 20490
20490:C 20 Aug 2026 03:40:52.074 * BGSAVE done, 1 keys saved, 0 keys skipped, 280876 bytes written.
20490:C 20 Aug 2026 03:40:52.080 * DB saved on disk
20490:C 20 Aug 2026 03:40:52.080 * Fork CoW for RDB: current 0 MB, peak 0 MB, average 0 MB
11176:M 20 Aug 2026 03:40:52.170 * Background saving terminated with success
11176:M 20 Aug 2026 03:48:16.918 * 100 changes in 300 seconds. Saving...
11176:M 20 Aug 2026 03:48:16.919 * Background saving started by pid 20651
20651:C 20 Aug 2026 03:48:16.923 * BGSAVE done, 1 keys saved, 0 keys skipped, 283997 bytes written.
20651:C 20 Aug 2026 03:48:16.928 * DB saved on disk
20651:C 20 Aug 2026 03:48:16.928 * Fork CoW for RDB: current 0 MB, peak 0 MB, average 0 MB
11176:M 20 Aug 2026 03:48:17.021 * Background saving terminated with success
11176:M 20 Aug 2026 03:53:35.653 * 100 changes in 300 seconds. Saving...
11176:M 20 Aug 2026 03:53:35.654 * Background saving started by pid 20791
20791:C 20 Aug 2026 03:53:35.659 * BGSAVE done, 1 keys saved, 0 keys skipped, 287045 bytes written.
20791:C 20 Aug 2026 03:53:35.665 * DB saved on disk
20791:C 20 Aug 2026 03:53:35.666 * Fork CoW for RDB: current 0 MB, peak 0 MB, average 0 MB
11176:M 20 Aug 2026 03:53:35.756 * Background saving terminated with success
11176:M 20 Aug 2026 04:01:26.358 * 100 changes in 300 seconds. Saving...
11176:M 20 Aug 2026 04:01:26.360 * Background saving started by pid 21007
21007:C 20 Aug 2026 04:01:26.364 * BGSAVE done, 1 keys saved, 0 keys skipped, 290194 bytes written.
21007:C 20 Aug 2026 04:01:26.370 * DB saved on disk
21007:C 20 Aug 2026 04:01:26.371 * Fork CoW for RDB: current 0 MB, peak 0 MB, average 0 MB
11176:M 20 Aug 2026 04:01:26.462 * Background saving terminated with success
11176:M 20 Aug 2026 04:06:29.997 * 100 changes in 300 seconds. Saving...
11176:M 20 Aug 2026 04:06:29.999 * Background saving started by pid 21128
21128:C 20 Aug 2026 04:06:30.004 * BGSAVE done, 1 keys saved, 0 keys skipped, 292947 bytes written.
21128:C 20 Aug 2026 04:06:30.009 * DB saved on disk
21128:C 20 Aug 2026 04:06:30.010 * Fork CoW for RDB: current 0 MB, peak 0 MB, average 0 MB
11176:M 20 Aug 2026 04:06:30.101 * Background saving terminated with success
11176:M 20 Aug 2026 04:32:36.702 * 100 changes in 300 seconds. Saving...
11176:M 20 Aug 2026 04:32:36.704 * Background saving started by pid 21385
21385:C 20 Aug 2026 04:32:36.708 * BGSAVE done, 1 keys saved, 0 keys skipped, 296024 bytes written.
21385:C 20 Aug 2026 04:32:36.712 * DB saved on disk
21385:C 20 Aug 2026 04:32:36.713 * Fork CoW for RDB: current 0 MB, peak 0 MB, average 0 MB
11176:M 20 Aug 2026 04:32:36.806 * Background saving terminated with success
11176:M 20 Aug 2026 04:38:55.309 * 100 changes in 300 seconds. Saving...
11176:M 20 Aug 2026 04:38:55.310 * Background saving started by pid 21564
21564:C 20 Aug 2026 04:38:55.314 * BGSAVE done, 1 keys saved, 0 keys skipped, 298974 bytes written.
21564:C 20 Aug 2026 04:38:55.319 * DB saved on disk
21564:C 20 Aug 2026 04:38:55.319 * Fork CoW for RDB: current 0 MB, peak 0 MB, average 0 MB
11176:M 20 Aug 2026 04:38:55.412 * Background saving terminated with success
11176:M 20 Aug 2026 04:43:56.008 * 100 changes in 300 seconds. Saving...
11176:M 20 Aug 2026 04:43:56.009 * Background saving started by pid 21667
21667:C 20 Aug 2026 04:43:56.013 * BGSAVE done, 1 keys saved, 0 keys skipped, 301460 bytes written.
21667:C 20 Aug 2026 04:43:56.018 * DB saved on disk
21667:C 20 Aug 2026 04:43:56.018 * Fork CoW for RDB: current 0 MB, peak 0 MB, average 0 MB
11176:M 20 Aug 2026 04:43:56.111 * Background saving terminated with success
11176:M 20 Aug 2026 04:50:18.260 * 100 changes in 300 seconds. Saving...
11176:M 20 Aug 2026 04:50:18.261 * Background saving started by pid 21808
21808:C 20 Aug 2026 04:50:18.266 * BGSAVE done, 1 keys saved, 0 keys skipped, 304689 bytes written.
21808:C 20 Aug 2026 04:50:18.269 * DB saved on disk
21808:C 20 Aug 2026 04:50:18.270 * Fork CoW for RDB: current 0 MB, peak 0 MB, average 0 MB
11176:M 20 Aug 2026 04:50:18.363 * Background saving terminated with success
11176:M 20 Aug 2026 04:55:36.861 * 100 changes in 300 seconds. Saving...
11176:M 20 Aug 2026 04:55:36.862 * Background saving started by pid 21974
21974:C 20 Aug 2026 04:55:36.867 * BGSAVE done, 1 keys saved, 0 keys skipped, 307523 bytes written.
21974:C 20 Aug 2026 04:55:36.873 * DB saved on disk
21974:C 20 Aug 2026 04:55:36.873 * Fork CoW for RDB: current 0 MB, peak 0 MB, average 0 MB
11176:M 20 Aug 2026 04:55:36.964 * Background saving terminated with success
11176:M 20 Aug 2026 05:02:56.949 * 100 changes in 300 seconds. Saving...
11176:M 20 Aug 2026 05:02:56.951 * Background saving started by pid 22200
22200:C 20 Aug 2026 05:02:56.958 * BGSAVE done, 1 keys saved, 0 keys skipped, 310593 bytes written.
22200:C 20 Aug 2026 05:02:56.964 * DB saved on disk
22200:C 20 Aug 2026 05:02:56.965 * Fork CoW for RDB: current 0 MB, peak 0 MB, average 0 MB
11176:M 20 Aug 2026 05:02:57.052 * Background saving terminated with success
11176:M 20 Aug 2026 05:08:46.287 * 100 changes in 300 seconds. Saving...
11176:M 20 Aug 2026 05:08:46.289 * Background saving started by pid 22373
22373:C 20 Aug 2026 05:08:46.294 * BGSAVE done, 1 keys saved, 0 keys skipped, 313278 bytes written.
22373:C 20 Aug 2026 05:08:46.299 * DB saved on disk
22373:C 20 Aug 2026 05:08:46.299 * Fork CoW for RDB: current 0 MB, peak 0 MB, average 0 MB
11176:M 20 Aug 2026 05:08:46.391 * Background saving terminated with success
11176:M 20 Aug 2026 05:14:50.607 * 100 changes in 300 seconds. Saving...
11176:M 20 Aug 2026 05:14:50.609 * Background saving started by pid 22541
22541:C 20 Aug 2026 05:14:50.614 * BGSAVE done, 1 keys saved, 0 keys skipped, 316058 bytes written.
22541:C 20 Aug 2026 05:14:50.618 * DB saved on disk
22541:C 20 Aug 2026 05:14:50.619 * Fork CoW for RDB: current 0 MB, peak 0 MB, average 0 MB
11176:M 20 Aug 2026 05:14:50.711 * Background saving terminated with success
11176:M 20 Aug 2026 06:14:51.043 * 1 changes in 3600 seconds. Saving...
11176:M 20 Aug 2026 06:14:51.046 * Background saving started by pid 28439
28439:C 20 Aug 2026 06:14:51.057 * BGSAVE done, 1 keys saved, 0 keys skipped, 318556 bytes written.
28439:C 20 Aug 2026 06:14:51.062 * DB saved on disk
28439:C 20 Aug 2026 06:14:51.062 * Fork CoW for RDB: current 0 MB, peak 0 MB, average 0 MB
11176:M 20 Aug 2026 06:14:51.149 * Background saving terminated with success
82674:C 27 Aug 2026 15:53:58.338 * oO0OoO0OoO0Oo Redis is starting oO0OoO0OoO0Oo
82674:C 27 Aug 2026 15:53:58.338 * Redis version=8.10.0, bits=64, commit=00000000, modified=1, pid=82674, just started
82674:C 27 Aug 2026 15:53:58.338 * Configuration loaded
82674:M 27 Aug 2026 15:53:58.339 * monotonic clock: ARM CNTVCT @ 24 ticks/us
82674:M 27 Aug 2026 15:53:58.339 # Failed to write PID file: Permission denied
82674:M 27 Aug 2026 15:53:58.339 * Running mode=standalone, port=6379.
82674:M 27 Aug 2026 15:53:58.339 # WARNING: The TCP backlog setting of 511 cannot be enforced because kern.ipc.somaxconn is set to the lower value of 128.
82674:M 27 Aug 2026 15:53:58.340 * Server initialized
82674:M 27 Aug 2026 15:53:58.340 * Loading RDB produced by version 8.10.0
82674:M 27 Aug 2026 15:53:58.340 * RDB age 639547 seconds
82674:M 27 Aug 2026 15:53:58.340 * RDB memory usage when created 2.02 Mb
82674:M 27 Aug 2026 15:53:58.342 * Done loading RDB, keys loaded: 1, keys expired: 0.
82674:M 27 Aug 2026 15:53:58.342 * DB loaded from disk: 0.003 seconds
82674:M 27 Aug 2026 15:53:58.343 * Ready to accept connections tcp
82674:M 27 Aug 2026 15:53:58.343 # WARNING: Redis does not require authentication. Redis will accept connections from any local client.
82674:M 27 Aug 2026 15:55:28.741 * User requested shutdown...
82674:M 27 Aug 2026 15:55:28.741 * Saving the final RDB snapshot before exiting.
82674:M 27 Aug 2026 15:55:28.743 * BGSAVE done, 1 keys saved, 0 keys skipped, 318556 bytes written.
82674:M 27 Aug 2026 15:55:28.747 * DB saved on disk
82674:M 27 Aug 2026 15:55:28.747 * Removing the pid file.
82674:M 27 Aug 2026 15:55:28.747 # Redis is now ready to exit, bye bye...
86159:C 27 Aug 2026 16:19:35.422 * oO0OoO0OoO0Oo Redis is starting oO0OoO0OoO0Oo
86159:C 27 Aug 2026 16:19:35.422 * Redis version=8.10.0, bits=64, commit=00000000, modified=1, pid=86159, just started
86159:C 27 Aug 2026 16:19:35.422 * Configuration loaded
86159:M 27 Aug 2026 16:19:35.423 * monotonic clock: ARM CNTVCT @ 24 ticks/us
86159:M 27 Aug 2026 16:19:35.425 # Failed to write PID file: Permission denied
86159:M 27 Aug 2026 16:19:35.425 * Running mode=standalone, port=6379.
86159:M 27 Aug 2026 16:19:35.425 # WARNING: The TCP backlog setting of 511 cannot be enforced because kern.ipc.somaxconn is set to the lower value of 128.
86159:M 27 Aug 2026 16:19:35.427 * Server initialized
86159:M 27 Aug 2026 16:19:35.427 * Loading RDB produced by version 8.10.0
86159:M 27 Aug 2026 16:19:35.427 * RDB age 1447 seconds
86159:M 27 Aug 2026 16:19:35.427 * RDB memory usage when created 1.94 Mb
86159:M 27 Aug 2026 16:19:35.430 * Done loading RDB, keys loaded: 1, keys expired: 0.
86159:M 27 Aug 2026 16:19:35.430 * DB loaded from disk: 0.003 seconds
86159:M 27 Aug 2026 16:19:35.430 * Ready to accept connections tcp
86159:M 27 Aug 2026 16:19:35.430 # WARNING: Redis does not require authentication. Redis will accept connections from any local client.
86159:signal-handler (1787860013) Received SIGTERM scheduling shutdown...
86159:M 28 Aug 2026 01:16:54.415 * User requested shutdown...
86159:M 28 Aug 2026 01:16:54.917 * Saving the final RDB snapshot before exiting.
13426:C 28 Aug 2026 07:31:21.561 * oO0OoO0OoO0Oo Redis is starting oO0OoO0OoO0Oo
13426:C 28 Aug 2026 07:31:21.561 * Redis version=8.10.0, bits=64, commit=00000000, modified=1, pid=13426, just started
13426:C 28 Aug 2026 07:31:21.565 * Configuration loaded
13426:M 28 Aug 2026 07:31:21.566 * monotonic clock: ARM CNTVCT @ 24 ticks/us
13426:M 28 Aug 2026 07:31:21.569 # Failed to write PID file: Permission denied
13426:M 28 Aug 2026 07:31:21.569 * Running mode=standalone, port=6379.
13426:M 28 Aug 2026 07:31:21.569 # WARNING: The TCP backlog setting of 511 cannot be enforced because kern.ipc.somaxconn is set to the lower value of 128.
13426:M 28 Aug 2026 07:31:21.570 * Server initialized
13426:M 28 Aug 2026 07:31:21.571 * Loading RDB produced by version 8.10.0
13426:M 28 Aug 2026 07:31:21.571 * RDB age 56153 seconds
13426:M 28 Aug 2026 07:31:21.571 * RDB memory usage when created 1.94 Mb
13426:M 28 Aug 2026 07:31:21.573 * Done loading RDB, keys loaded: 1, keys expired: 0.
13426:M 28 Aug 2026 07:31:21.573 * DB loaded from disk: 0.003 seconds
13426:M 28 Aug 2026 07:31:21.574 * Ready to accept connections tcp
13426:M 28 Aug 2026 07:31:21.574 # WARNING: Redis does not require authentication. Redis will accept connections from any local client.
13426:M 28 Aug 2026 08:07:11.672 * 100 changes in 300 seconds. Saving...
13426:M 28 Aug 2026 08:07:11.673 * Background saving started by pid 15581
15581:C 28 Aug 2026 08:07:11.679 * BGSAVE done, 6 keys saved, 0 keys skipped, 323047 bytes written.
15581:C 28 Aug 2026 08:07:11.684 * DB saved on disk
15581:C 28 Aug 2026 08:07:11.684 * Fork CoW for RDB: current 0 MB, peak 0 MB, average 0 MB
13426:M 28 Aug 2026 08:07:11.775 * Background saving terminated with success
13426:M 28 Aug 2026 08:10:56.645 * 10000 changes in 60 seconds. Saving...
13426:M 28 Aug 2026 08:10:56.646 * Background saving started by pid 16009
16009:C 28 Aug 2026 08:10:56.654 * BGSAVE done, 11 keys saved, 0 keys skipped, 653605 bytes written.
16009:C 28 Aug 2026 08:10:56.660 * DB saved on disk
16009:C 28 Aug 2026 08:10:56.660 * Fork CoW for RDB: current 0 MB, peak 0 MB, average 0 MB
13426:M 28 Aug 2026 08:10:56.748 * Background saving terminated with success
13426:M 28 Aug 2026 08:14:33.274 * 10000 changes in 60 seconds. Saving...
13426:M 28 Aug 2026 08:14:33.276 * Background saving started by pid 16200
16200:C 28 Aug 2026 08:14:33.288 * BGSAVE done, 1 keys saved, 0 keys skipped, 967522 bytes written.
16200:C 28 Aug 2026 08:14:33.294 * DB saved on disk
16200:C 28 Aug 2026 08:14:33.295 * Fork CoW for RDB: current 0 MB, peak 0 MB, average 0 MB
13426:M 28 Aug 2026 08:14:33.376 * Background saving terminated with success
13426:M 28 Aug 2026 08:19:34.046 * 100 changes in 300 seconds. Saving...
13426:M 28 Aug 2026 08:19:34.054 * Background saving started by pid 16360
16360:C 28 Aug 2026 08:19:34.068 * BGSAVE done, 1 keys saved, 0 keys skipped, 1075444 bytes written.
16360:C 28 Aug 2026 08:19:34.075 * DB saved on disk
16360:C 28 Aug 2026 08:19:34.075 * Fork CoW for RDB: current 0 MB, peak 0 MB, average 0 MB
13426:M 28 Aug 2026 08:19:34.157 * Background saving terminated with success
13426:M 28 Aug 2026 09:19:35.009 * 1 changes in 3600 seconds. Saving...
13426:M 28 Aug 2026 09:19:35.011 * Background saving started by pid 18046
18046:C 28 Aug 2026 09:19:35.027 * BGSAVE done, 1 keys saved, 0 keys skipped, 1077439 bytes written.
18046:C 28 Aug 2026 09:19:35.033 * DB saved on disk
18046:C 28 Aug 2026 09:19:35.033 * Fork CoW for RDB: current 0 MB, peak 0 MB, average 0 MB
13426:M 28 Aug 2026 09:19:35.114 * Background saving terminated with success
13426:M 28 Aug 2026 10:19:36.062 * 1 changes in 3600 seconds. Saving...
13426:M 28 Aug 2026 10:19:36.064 * Background saving started by pid 19855
19855:C 28 Aug 2026 10:19:36.079 * BGSAVE done, 1 keys saved, 0 keys skipped, 1077536 bytes written.
19855:C 28 Aug 2026 10:19:36.084 * DB saved on disk
19855:C 28 Aug 2026 10:19:36.085 * Fork CoW for RDB: current 0 MB, peak 0 MB, average 0 MB
13426:M 28 Aug 2026 10:19:36.168 * Background saving terminated with success
13426:M 28 Aug 2026 12:18:29.997 * User requested shutdown...
13426:M 28 Aug 2026 12:18:29.997 * Saving the final RDB snapshot before exiting.
13426:M 28 Aug 2026 12:18:30.004 * BGSAVE done, 1 keys saved, 0 keys skipped, 1077536 bytes written.
13426:M 28 Aug 2026 12:18:30.009 * DB saved on disk
13426:M 28 Aug 2026 12:18:30.010 * Removing the pid file.
13426:M 28 Aug 2026 12:18:30.010 # Redis is now ready to exit, bye bye...
1326:C 28 Aug 2026 12:29:12.073 * oO0OoO0OoO0Oo Redis is starting oO0OoO0OoO0Oo
1326:C 28 Aug 2026 12:29:12.073 * Redis version=8.10.0, bits=64, commit=00000000, modified=1, pid=1326, just started
1326:C 28 Aug 2026 12:29:12.073 * Configuration loaded
1326:M 28 Aug 2026 12:29:12.074 * monotonic clock: ARM CNTVCT @ 24 ticks/us
1326:M 28 Aug 2026 12:29:12.075 # Failed to write PID file: Permission denied
1326:M 28 Aug 2026 12:29:12.075 * Running mode=standalone, port=6379.
1326:M 28 Aug 2026 12:29:12.075 # WARNING: The TCP backlog setting of 511 cannot be enforced because kern.ipc.somaxconn is set to the lower value of 128.
1326:M 28 Aug 2026 12:29:12.075 * Server initialized
1326:M 28 Aug 2026 12:29:12.075 * Loading RDB produced by version 8.10.0
1326:M 28 Aug 2026 12:29:12.076 * RDB age 643 seconds
1326:M 28 Aug 2026 12:29:12.076 * RDB memory usage when created 4.23 Mb
1326:M 28 Aug 2026 12:29:12.080 * Done loading RDB, keys loaded: 1, keys expired: 0.
1326:M 28 Aug 2026 12:29:12.080 * DB loaded from disk: 0.005 seconds
1326:M 28 Aug 2026 12:29:12.080 * Ready to accept connections tcp
1326:M 28 Aug 2026 12:29:12.080 # WARNING: Redis does not require authentication. Redis will accept connections from any local client.
1326:M 28 Aug 2026 13:42:56.365 * User requested shutdown...
1326:M 28 Aug 2026 13:42:56.365 * Saving the final RDB snapshot before exiting.
1326:M 28 Aug 2026 13:42:56.370 * BGSAVE done, 1 keys saved, 0 keys skipped, 1077536 bytes written.
1326:M 28 Aug 2026 13:42:56.381 * DB saved on disk
1326:M 28 Aug 2026 13:42:56.381 * Removing the pid file.
1326:M 28 Aug 2026 13:42:56.381 # Redis is now ready to exit, bye bye...
11298:C 28 Aug 2026 15:30:48.802 * oO0OoO0OoO0Oo Redis is starting oO0OoO0OoO0Oo
11298:C 28 Aug 2026 15:30:48.802 * Redis version=8.10.0, bits=64, commit=00000000, modified=1, pid=11298, just started
11298:C 28 Aug 2026 15:30:48.802 * Configuration loaded
11298:M 28 Aug 2026 15:30:48.803 * monotonic clock: ARM CNTVCT @ 24 ticks/us
11298:M 28 Aug 2026 15:30:48.803 # Failed to write PID file: Permission denied
11298:M 28 Aug 2026 15:30:48.803 * Running mode=standalone, port=6379.
11298:M 28 Aug 2026 15:30:48.803 # WARNING: The TCP backlog setting of 511 cannot be enforced because kern.ipc.somaxconn is set to the lower value of 128.
11298:M 28 Aug 2026 15:30:48.804 * Server initialized
11298:M 28 Aug 2026 15:30:48.804 * Loading RDB produced by version 8.10.0
11298:M 28 Aug 2026 15:30:48.804 * RDB age 11 seconds
11298:M 28 Aug 2026 15:30:48.804 * RDB memory usage when created 4.99 Mb
11298:M 28 Aug 2026 15:30:48.809 * Done loading RDB, keys loaded: 2, keys expired: 0.
11298:M 28 Aug 2026 15:30:48.809 * DB loaded from disk: 0.005 seconds
11298:M 28 Aug 2026 15:30:48.809 * Ready to accept connections tcp
11298:M 28 Aug 2026 15:30:48.809 # WARNING: Redis does not require authentication. Redis will accept connections from any local client.
11298:M 28 Aug 2026 15:32:26.546 * 10000 changes in 60 seconds. Saving...
11298:M 28 Aug 2026 15:32:26.547 * Background saving started by pid 11520
11520:C 28 Aug 2026 15:32:26.555 * BGSAVE done, 2 keys saved, 0 keys skipped, 1476261 bytes written.
11520:C 28 Aug 2026 15:32:26.560 * DB saved on disk
11520:C 28 Aug 2026 15:32:26.560 * Fork CoW for RDB: current 0 MB, peak 0 MB, average 0 MB
11298:M 28 Aug 2026 15:32:26.648 * Background saving terminated with success
11298:M 28 Aug 2026 15:33:56.030 * 10000 changes in 60 seconds. Saving...
11298:M 28 Aug 2026 15:33:56.031 * Background saving started by pid 11605
11605:C 28 Aug 2026 15:33:56.041 * BGSAVE done, 2 keys saved, 0 keys skipped, 1652371 bytes written.
11605:C 28 Aug 2026 15:33:56.046 * DB saved on disk
11605:C 28 Aug 2026 15:33:56.046 * Fork CoW for RDB: current 0 MB, peak 0 MB, average 0 MB
11298:M 28 Aug 2026 15:33:56.132 * Background saving terminated with success
11298:M 28 Aug 2026 15:36:53.558 * User requested shutdown...
11298:M 28 Aug 2026 15:36:53.558 * Saving the final RDB snapshot before exiting.
11298:M 28 Aug 2026 15:36:53.566 * BGSAVE done, 2 keys saved, 0 keys skipped, 1755676 bytes written.
11298:M 28 Aug 2026 15:36:53.570 * DB saved on disk
11298:M 28 Aug 2026 15:36:53.570 * Removing the pid file.
11298:M 28 Aug 2026 15:36:53.570 # Redis is now ready to exit, bye bye...
12674:C 28 Aug 2026 15:36:59.688 * oO0OoO0OoO0Oo Redis is starting oO0OoO0OoO0Oo
12674:C 28 Aug 2026 15:36:59.689 * Redis version=8.10.0, bits=64, commit=00000000, modified=1, pid=12674, just started
12674:C 28 Aug 2026 15:36:59.689 * Configuration loaded
12674:M 28 Aug 2026 15:36:59.689 * monotonic clock: ARM CNTVCT @ 24 ticks/us
12674:M 28 Aug 2026 15:36:59.690 # Failed to write PID file: Permission denied
12674:M 28 Aug 2026 15:36:59.690 * Running mode=standalone, port=6379.
12674:M 28 Aug 2026 15:36:59.690 # WARNING: The TCP backlog setting of 511 cannot be enforced because kern.ipc.somaxconn is set to the lower value of 128.
12674:M 28 Aug 2026 15:36:59.690 * Server initialized
12674:M 28 Aug 2026 15:36:59.690 * Loading RDB produced by version 8.10.0
12674:M 28 Aug 2026 15:36:59.690 * RDB age 6 seconds
12674:M 28 Aug 2026 15:36:59.690 * RDB memory usage when created 6.47 Mb
12674:M 28 Aug 2026 15:36:59.696 * Done loading RDB, keys loaded: 2, keys expired: 0.
12674:M 28 Aug 2026 15:36:59.696 * DB loaded from disk: 0.006 seconds
12674:M 28 Aug 2026 15:36:59.696 * Ready to accept connections tcp
12674:M 28 Aug 2026 15:36:59.696 # WARNING: Redis does not require authentication. Redis will accept connections from any local client.
13627:C 28 Aug 2026 15:37:50.232 * oO0OoO0OoO0Oo Redis is starting oO0OoO0OoO0Oo
13627:C 28 Aug 2026 15:37:50.232 * Redis version=8.10.0, bits=64, commit=00000000, modified=1, pid=13627, just started
13627:C 28 Aug 2026 15:37:50.232 * Configuration loaded
13627:M 28 Aug 2026 15:37:50.232 * monotonic clock: ARM CNTVCT @ 24 ticks/us
13627:M 28 Aug 2026 15:37:50.233 # Failed to write PID file: Permission denied
13627:M 28 Aug 2026 15:37:50.233 * Running mode=standalone, port=6379.
13627:M 28 Aug 2026 15:37:50.233 # WARNING: The TCP backlog setting of 511 cannot be enforced because kern.ipc.somaxconn is set to the lower value of 128.
13627:M 28 Aug 2026 15:37:50.233 * Server initialized
13627:M 28 Aug 2026 15:37:50.233 * Loading RDB produced by version 8.10.0
13627:M 28 Aug 2026 15:37:50.233 * RDB age 57 seconds
13627:M 28 Aug 2026 15:37:50.233 * RDB memory usage when created 6.47 Mb
13627:M 28 Aug 2026 15:37:50.239 * Done loading RDB, keys loaded: 2, keys expired: 0.
13627:M 28 Aug 2026 15:37:50.239 * DB loaded from disk: 0.006 seconds
13627:M 28 Aug 2026 15:37:50.239 * Ready to accept connections tcp
13627:M 28 Aug 2026 15:37:50.239 # WARNING: Redis does not require authentication. Redis will accept connections from any local client.
13627:M 28 Aug 2026 15:42:10.114 * User requested shutdown...
13627:M 28 Aug 2026 15:42:10.114 * Saving the final RDB snapshot before exiting.
13627:M 28 Aug 2026 15:42:10.122 * BGSAVE done, 2 keys saved, 0 keys skipped, 1762274 bytes written.
13627:M 28 Aug 2026 15:42:10.128 * DB saved on disk
13627:M 28 Aug 2026 15:42:10.128 * Removing the pid file.
13627:M 28 Aug 2026 15:42:10.128 # Redis is now ready to exit, bye bye...
15389:C 28 Aug 2026 15:42:19.277 * oO0OoO0OoO0Oo Redis is starting oO0OoO0OoO0Oo
15389:C 28 Aug 2026 15:42:19.278 * Redis version=8.10.0, bits=64, commit=00000000, modified=1, pid=15389, just started
15389:C 28 Aug 2026 15:42:19.278 * Configuration loaded
15389:M 28 Aug 2026 15:42:19.278 * monotonic clock: ARM CNTVCT @ 24 ticks/us
15389:M 28 Aug 2026 15:42:19.279 # Failed to write PID file: Permission denied
15389:M 28 Aug 2026 15:42:19.279 * Running mode=standalone, port=6379.
15389:M 28 Aug 2026 15:42:19.279 # WARNING: The TCP backlog setting of 511 cannot be enforced because kern.ipc.somaxconn is set to the lower value of 128.
15389:M 28 Aug 2026 15:42:19.279 * Server initialized
15389:M 28 Aug 2026 15:42:19.279 * Loading RDB produced by version 8.10.0
15389:M 28 Aug 2026 15:42:19.279 * RDB age 9 seconds
15389:M 28 Aug 2026 15:42:19.279 * RDB memory usage when created 6.49 Mb
15389:M 28 Aug 2026 15:42:19.285 * Done loading RDB, keys loaded: 2, keys expired: 0.
15389:M 28 Aug 2026 15:42:19.285 * DB loaded from disk: 0.006 seconds
15389:M 28 Aug 2026 15:42:19.286 * Ready to accept connections tcp
15389:M 28 Aug 2026 15:42:19.286 # WARNING: Redis does not require authentication. Redis will accept connections from any local client.
15389:M 28 Aug 2026 15:47:20.020 * 100 changes in 300 seconds. Saving...
15389:M 28 Aug 2026 15:47:20.022 * Background saving started by pid 16138
16138:C 28 Aug 2026 15:47:20.045 * BGSAVE done, 2 keys saved, 0 keys skipped, 1851517 bytes written.
16138:C 28 Aug 2026 15:47:20.050 * DB saved on disk
16138:C 28 Aug 2026 15:47:20.050 * Fork CoW for RDB: current 0 MB, peak 0 MB, average 0 MB
15389:M 28 Aug 2026 15:47:20.124 * Background saving terminated with success
15389:M 28 Aug 2026 15:49:33.213 * 10000 changes in 60 seconds. Saving...
15389:M 28 Aug 2026 15:49:33.215 * Background saving started by pid 16267
16267:C 28 Aug 2026 15:49:33.235 * BGSAVE done, 2 keys saved, 0 keys skipped, 2071884 bytes written.
16267:C 28 Aug 2026 15:49:33.239 * DB saved on disk
16267:C 28 Aug 2026 15:49:33.240 * Fork CoW for RDB: current 0 MB, peak 0 MB, average 0 MB
15389:M 28 Aug 2026 15:49:33.318 * Background saving terminated with success
15389:M 28 Aug 2026 15:52:04.739 * 10000 changes in 60 seconds. Saving...
15389:M 28 Aug 2026 15:52:04.739 * Background saving started by pid 16590
16590:C 28 Aug 2026 15:52:04.751 * BGSAVE done, 2 keys saved, 0 keys skipped, 2291512 bytes written.
16590:C 28 Aug 2026 15:52:04.758 * DB saved on disk
16590:C 28 Aug 2026 15:52:04.758 * Fork CoW for RDB: current 0 MB, peak 0 MB, average 0 MB
15389:M 28 Aug 2026 15:52:04.839 * Background saving terminated with success
15389:M 28 Aug 2026 15:53:13.118 * 10000 changes in 60 seconds. Saving...
15389:M 28 Aug 2026 15:53:13.118 * Background saving started by pid 16874
16874:C 28 Aug 2026 15:53:13.129 * BGSAVE done, 2 keys saved, 0 keys skipped, 2511636 bytes written.
16874:C 28 Aug 2026 15:53:13.134 * DB saved on disk
16874:C 28 Aug 2026 15:53:13.134 * Fork CoW for RDB: current 0 MB, peak 0 MB, average 0 MB
15389:M 28 Aug 2026 15:53:13.219 * Background saving terminated with success
15389:M 28 Aug 2026 15:54:14.010 * 10000 changes in 60 seconds. Saving...
15389:M 28 Aug 2026 15:54:14.011 * Background saving started by pid 16994
16994:C 28 Aug 2026 15:54:14.025 * BGSAVE done, 2 keys saved, 0 keys skipped, 2737280 bytes written.
16994:C 28 Aug 2026 15:54:14.030 * DB saved on disk
16994:C 28 Aug 2026 15:54:14.030 * Fork CoW for RDB: current 0 MB, peak 0 MB, average 0 MB
15389:M 28 Aug 2026 15:54:14.112 * Background saving terminated with success
15389:M 28 Aug 2026 15:55:58.846 * 10000 changes in 60 seconds. Saving...
15389:M 28 Aug 2026 15:55:58.846 * Background saving started by pid 17278
17278:C 28 Aug 2026 15:55:58.860 * BGSAVE done, 2 keys saved, 0 keys skipped, 2957231 bytes written.
17278:C 28 Aug 2026 15:55:58.868 * DB saved on disk
17278:C 28 Aug 2026 15:55:58.868 * Fork CoW for RDB: current 0 MB, peak 0 MB, average 0 MB
15389:M 28 Aug 2026 15:55:58.947 * Background saving terminated with success
15389:M 28 Aug 2026 15:56:59.098 * 10000 changes in 60 seconds. Saving...
15389:M 28 Aug 2026 15:56:59.100 * Background saving started by pid 17488
17488:C 28 Aug 2026 15:56:59.121 * BGSAVE done, 2 keys saved, 0 keys skipped, 3261017 bytes written.
17488:C 28 Aug 2026 15:56:59.129 * DB saved on disk
17488:C 28 Aug 2026 15:56:59.129 * Fork CoW for RDB: current 0 MB, peak 0 MB, average 0 MB
15389:M 28 Aug 2026 15:56:59.200 * Background saving terminated with success
15389:M 28 Aug 2026 15:58:00.087 * 10000 changes in 60 seconds. Saving...
15389:M 28 Aug 2026 15:58:00.090 * Background saving started by pid 17650
17650:C 28 Aug 2026 15:58:00.124 * BGSAVE done, 2 keys saved, 0 keys skipped, 3490214 bytes written.
17650:C 28 Aug 2026 15:58:00.130 * DB saved on disk
17650:C 28 Aug 2026 15:58:00.130 * Fork CoW for RDB: current 0 MB, peak 0 MB, average 0 MB
15389:M 28 Aug 2026 15:58:00.190 * Background saving terminated with success
15389:M 28 Aug 2026 16:50:38.571 * User requested shutdown...
15389:M 28 Aug 2026 16:50:38.571 * Saving the final RDB snapshot before exiting.
15389:M 28 Aug 2026 16:50:38.601 * BGSAVE done, 1 keys saved, 0 keys skipped, 3505443 bytes written.
15389:M 28 Aug 2026 16:50:38.605 * DB saved on disk
15389:M 28 Aug 2026 16:50:38.605 * Removing the pid file.
15389:M 28 Aug 2026 16:50:38.606 # Redis is now ready to exit, bye bye...
18543:C 28 Aug 2026 16:50:40.827 * oO0OoO0OoO0Oo Redis is starting oO0OoO0OoO0Oo
18543:C 28 Aug 2026 16:50:40.827 * Redis version=8.10.0, bits=64, commit=00000000, modified=1, pid=18543, just started
18543:C 28 Aug 2026 16:50:40.827 * Configuration loaded
18543:M 28 Aug 2026 16:50:40.828 * monotonic clock: ARM CNTVCT @ 24 ticks/us
18543:M 28 Aug 2026 16:50:40.830 # Failed to write PID file: Permission denied
18543:M 28 Aug 2026 16:50:40.830 * Running mode=standalone, port=6379.
18543:M 28 Aug 2026 16:50:40.830 # WARNING: The TCP backlog setting of 511 cannot be enforced because kern.ipc.somaxconn is set to the lower value of 128.
18543:M 28 Aug 2026 16:50:40.831 * Server initialized
18543:M 28 Aug 2026 16:50:40.831 * Loading RDB produced by version 8.10.0
18543:M 28 Aug 2026 16:50:40.831 * RDB age 2 seconds
18543:M 28 Aug 2026 16:50:40.831 * RDB memory usage when created 12.21 Mb
18543:M 28 Aug 2026 16:50:40.840 * Done loading RDB, keys loaded: 1, keys expired: 0.
18543:M 28 Aug 2026 16:50:40.840 * DB loaded from disk: 0.010 seconds
18543:M 28 Aug 2026 16:50:40.840 * Ready to accept connections tcp
18543:M 28 Aug 2026 16:50:40.840 # WARNING: Redis does not require authentication. Redis will accept connections from any local client.
18543:M 29 Aug 2026 04:22:03.652 * 1 changes in 3600 seconds. Saving...
18543:M 29 Aug 2026 04:22:03.652 * Background saving started by pid 20548
20548:C 29 Aug 2026 04:22:03.671 * BGSAVE done, 12 keys saved, 0 keys skipped, 3506738 bytes written.
20548:C 29 Aug 2026 04:22:03.676 * DB saved on disk
20548:C 29 Aug 2026 04:22:03.676 * Fork CoW for RDB: current 0 MB, peak 0 MB, average 0 MB
18543:M 29 Aug 2026 04:22:03.753 * Background saving terminated with success
18543:M 29 Aug 2026 04:29:16.461 * 100 changes in 300 seconds. Saving...
18543:M 29 Aug 2026 04:29:16.462 * Background saving started by pid 21596
21596:C 29 Aug 2026 04:29:16.484 * BGSAVE done, 12 keys saved, 0 keys skipped, 3509220 bytes written.
21596:C 29 Aug 2026 04:29:16.489 * DB saved on disk
21596:C 29 Aug 2026 04:29:16.489 * Fork CoW for RDB: current 0 MB, peak 0 MB, average 0 MB
18543:M 29 Aug 2026 04:29:16.563 * Background saving terminated with success
18543:M 29 Aug 2026 04:34:17.025 * 100 changes in 300 seconds. Saving...
18543:M 29 Aug 2026 04:34:17.028 * Background saving started by pid 21960
21960:C 29 Aug 2026 04:34:17.063 * BGSAVE done, 1 keys saved, 0 keys skipped, 3512070 bytes written.
21960:C 29 Aug 2026 04:34:17.069 * DB saved on disk
21960:C 29 Aug 2026 04:34:17.069 * Fork CoW for RDB: current 0 MB, peak 0 MB, average 0 MB
18543:M 29 Aug 2026 04:34:17.129 * Background saving terminated with success
18543:M 29 Aug 2026 04:35:08.061 * User requested shutdown...
18543:M 29 Aug 2026 04:35:08.061 * Saving the final RDB snapshot before exiting.
18543:M 29 Aug 2026 04:35:08.078 * BGSAVE done, 1 keys saved, 0 keys skipped, 3512070 bytes written.
18543:M 29 Aug 2026 04:35:08.085 * DB saved on disk
18543:M 29 Aug 2026 04:35:08.085 * Removing the pid file.
18543:M 29 Aug 2026 04:35:08.085 # Redis is now ready to exit, bye bye...
22680:C 29 Aug 2026 04:35:18.085 * oO0OoO0OoO0Oo Redis is starting oO0OoO0OoO0Oo
22680:C 29 Aug 2026 04:35:18.085 * Redis version=8.10.0, bits=64, commit=00000000, modified=1, pid=22680, just started
22680:C 29 Aug 2026 04:35:18.085 * Configuration loaded
22680:M 29 Aug 2026 04:35:18.085 * monotonic clock: ARM CNTVCT @ 24 ticks/us
22680:M 29 Aug 2026 04:35:18.085 # Failed to write PID file: Permission denied
22680:M 29 Aug 2026 04:35:18.085 * Running mode=standalone, port=6379.
22680:M 29 Aug 2026 04:35:18.086 # WARNING: The TCP backlog setting of 511 cannot be enforced because kern.ipc.somaxconn is set to the lower value of 128.
22680:M 29 Aug 2026 04:35:18.086 * Server initialized
22680:M 29 Aug 2026 04:35:18.086 * Loading RDB produced by version 8.10.0
22680:M 29 Aug 2026 04:35:18.086 * RDB age 10 seconds
22680:M 29 Aug 2026 04:35:18.086 * RDB memory usage when created 12.25 Mb
22680:M 29 Aug 2026 04:35:18.095 * Done loading RDB, keys loaded: 1, keys expired: 0.
22680:M 29 Aug 2026 04:35:18.095 * DB loaded from disk: 0.010 seconds
22680:M 29 Aug 2026 04:35:18.096 * Ready to accept connections tcp
22680:M 29 Aug 2026 04:35:18.096 # WARNING: Redis does not require authentication. Redis will accept connections from any local client.
22680:M 29 Aug 2026 04:39:54.058 * User requested shutdown...
22680:M 29 Aug 2026 04:39:54.059 * Saving the final RDB snapshot before exiting.
22680:M 29 Aug 2026 04:39:54.080 * BGSAVE done, 2 keys saved, 0 keys skipped, 3518166 bytes written.
22680:M 29 Aug 2026 04:39:54.086 * DB saved on disk
22680:M 29 Aug 2026 04:39:54.086 * Removing the pid file.
22680:M 29 Aug 2026 04:39:54.086 # Redis is now ready to exit, bye bye...
23552:C 29 Aug 2026 04:40:13.441 * oO0OoO0OoO0Oo Redis is starting oO0OoO0OoO0Oo
23552:C 29 Aug 2026 04:40:13.441 * Redis version=8.10.0, bits=64, commit=00000000, modified=1, pid=23552, just started
23552:C 29 Aug 2026 04:40:13.441 * Configuration loaded
23552:M 29 Aug 2026 04:40:13.442 * monotonic clock: ARM CNTVCT @ 24 ticks/us
23552:M 29 Aug 2026 04:40:13.442 # Failed to write PID file: Permission denied
23552:M 29 Aug 2026 04:40:13.442 * Running mode=standalone, port=6379.
23552:M 29 Aug 2026 04:40:13.442 # WARNING: The TCP backlog setting of 511 cannot be enforced because kern.ipc.somaxconn is set to the lower value of 128.
23552:M 29 Aug 2026 04:40:13.442 * Server initialized
23552:M 29 Aug 2026 04:40:13.443 * Loading RDB produced by version 8.10.0
23552:M 29 Aug 2026 04:40:13.443 * RDB age 19 seconds
23552:M 29 Aug 2026 04:40:13.443 * RDB memory usage when created 12.25 Mb
23552:M 29 Aug 2026 04:40:13.453 * Done loading RDB, keys loaded: 2, keys expired: 0.
23552:M 29 Aug 2026 04:40:13.453 * DB loaded from disk: 0.010 seconds
23552:M 29 Aug 2026 04:40:13.453 * Ready to accept connections tcp
23552:M 29 Aug 2026 04:40:13.453 # WARNING: Redis does not require authentication. Redis will accept connections from any local client.
23552:M 29 Aug 2026 04:43:06.029 * User requested shutdown...
23552:M 29 Aug 2026 04:43:06.029 * Saving the final RDB snapshot before exiting.
23552:M 29 Aug 2026 04:43:06.044 * BGSAVE done, 2 keys saved, 0 keys skipped, 3526361 bytes written.
23552:M 29 Aug 2026 04:43:06.051 * DB saved on disk
23552:M 29 Aug 2026 04:43:06.051 * Removing the pid file.
23552:M 29 Aug 2026 04:43:06.051 # Redis is now ready to exit, bye bye...
25236:C 29 Aug 2026 04:43:49.880 * oO0OoO0OoO0Oo Redis is starting oO0OoO0OoO0Oo
25236:C 29 Aug 2026 04:43:49.880 * Redis version=8.10.0, bits=64, commit=00000000, modified=1, pid=25236, just started
25236:C 29 Aug 2026 04:43:49.880 * Configuration loaded
25236:M 29 Aug 2026 04:43:49.881 * monotonic clock: ARM CNTVCT @ 24 ticks/us
25236:M 29 Aug 2026 04:43:49.882 # Failed to write PID file: Permission denied
25236:M 29 Aug 2026 04:43:49.882 * Running mode=standalone, port=6379.
25236:M 29 Aug 2026 04:43:49.882 # WARNING: The TCP backlog setting of 511 cannot be enforced because kern.ipc.somaxconn is set to the lower value of 128.
25236:M 29 Aug 2026 04:43:49.882 * Server initialized
25236:M 29 Aug 2026 04:43:49.883 * Loading RDB produced by version 8.10.0
25236:M 29 Aug 2026 04:43:49.883 * RDB age 43 seconds
25236:M 29 Aug 2026 04:43:49.883 * RDB memory usage when created 12.28 Mb
25236:M 29 Aug 2026 04:43:49.893 * Done loading RDB, keys loaded: 2, keys expired: 0.
25236:M 29 Aug 2026 04:43:49.894 * DB loaded from disk: 0.011 seconds
25236:M 29 Aug 2026 04:43:49.894 * Ready to accept connections tcp
25236:M 29 Aug 2026 04:43:49.894 # WARNING: Redis does not require authentication. Redis will accept connections from any local client.
25236:M 29 Aug 2026 04:45:20.617 * User requested shutdown...
25236:M 29 Aug 2026 04:45:20.617 * Saving the final RDB snapshot before exiting.
25236:M 29 Aug 2026 04:45:20.658 * BGSAVE done, 2 keys saved, 0 keys skipped, 3526361 bytes written.
25236:M 29 Aug 2026 04:45:20.665 * DB saved on disk
25236:M 29 Aug 2026 04:45:20.665 * Removing the pid file.
25236:M 29 Aug 2026 04:45:20.665 # Redis is now ready to exit, bye bye...
25819:C 29 Aug 2026 04:45:22.812 * oO0OoO0OoO0Oo Redis is starting oO0OoO0OoO0Oo
25819:C 29 Aug 2026 04:45:22.813 * Redis version=8.10.0, bits=64, commit=00000000, modified=1, pid=25819, just started
25819:C 29 Aug 2026 04:45:22.813 * Configuration loaded
25819:M 29 Aug 2026 04:45:22.813 * monotonic clock: ARM CNTVCT @ 24 ticks/us
25819:M 29 Aug 2026 04:45:22.814 # Failed to write PID file: Permission denied
25819:M 29 Aug 2026 04:45:22.814 * Running mode=standalone, port=6379.
25819:M 29 Aug 2026 04:45:22.814 # WARNING: The TCP backlog setting of 511 cannot be enforced because kern.ipc.somaxconn is set to the lower value of 128.
25819:M 29 Aug 2026 04:45:22.814 * Server initialized
25819:M 29 Aug 2026 04:45:22.814 * Loading RDB produced by version 8.10.0
25819:M 29 Aug 2026 04:45:22.814 * RDB age 2 seconds
25819:M 29 Aug 2026 04:45:22.814 * RDB memory usage when created 12.18 Mb
25819:M 29 Aug 2026 04:45:22.823 * Done loading RDB, keys loaded: 2, keys expired: 0.
25819:M 29 Aug 2026 04:45:22.823 * DB loaded from disk: 0.009 seconds
25819:M 29 Aug 2026 04:45:22.823 * Ready to accept connections tcp
25819:M 29 Aug 2026 04:45:22.823 # WARNING: Redis does not require authentication. Redis will accept connections from any local client.
25819:M 29 Aug 2026 04:58:02.103 * User requested shutdown...
25819:M 29 Aug 2026 04:58:02.104 * Saving the final RDB snapshot before exiting.
25819:M 29 Aug 2026 04:58:02.121 * BGSAVE done, 1 keys saved, 0 keys skipped, 3525935 bytes written.
25819:M 29 Aug 2026 04:58:02.127 * DB saved on disk
25819:M 29 Aug 2026 04:58:02.127 * Removing the pid file.
25819:M 29 Aug 2026 04:58:02.127 # Redis is now ready to exit, bye bye...
35117:C 29 Aug 2026 07:55:20.545 * oO0OoO0OoO0Oo Redis is starting oO0OoO0OoO0Oo
35117:C 29 Aug 2026 07:55:20.546 * Redis version=8.10.0, bits=64, commit=00000000, modified=1, pid=35117, just started
35117:C 29 Aug 2026 07:55:20.546 * Configuration loaded
35117:M 29 Aug 2026 07:55:20.546 * monotonic clock: ARM CNTVCT @ 24 ticks/us
35117:M 29 Aug 2026 07:55:20.546 # Failed to write PID file: Permission denied
35117:M 29 Aug 2026 07:55:20.546 * Running mode=standalone, port=6379.
35117:M 29 Aug 2026 07:55:20.547 # WARNING: The TCP backlog setting of 511 cannot be enforced because kern.ipc.somaxconn is set to the lower value of 128.
35117:M 29 Aug 2026 07:55:20.547 * Server initialized
35117:M 29 Aug 2026 07:55:20.547 * Loading RDB produced by version 8.10.0
35117:M 29 Aug 2026 07:55:20.547 * RDB age 1830 seconds
35117:M 29 Aug 2026 07:55:20.547 * RDB memory usage when created 17.99 Mb
35117:M 29 Aug 2026 07:55:20.562 * Done loading RDB, keys loaded: 1, keys expired: 1.
35117:M 29 Aug 2026 07:55:20.562 * DB loaded from disk: 0.015 seconds
35117:M 29 Aug 2026 07:55:20.562 * Ready to accept connections tcp
35117:M 29 Aug 2026 07:55:20.562 # WARNING: Redis does not require authentication. Redis will accept connections from any local client.
35117:M 29 Aug 2026 08:00:21.081 * 100 changes in 300 seconds. Saving...
35117:M 29 Aug 2026 08:00:21.083 * Background saving started by pid 36177
36177:C 29 Aug 2026 08:00:21.136 * BGSAVE done, 3 keys saved, 0 keys skipped, 5125798 bytes written.
36177:C 29 Aug 2026 08:00:21.142 * DB saved on disk
36177:C 29 Aug 2026 08:00:21.142 * Fork CoW for RDB: current 0 MB, peak 0 MB, average 0 MB
35117:M 29 Aug 2026 08:00:21.183 * Background saving terminated with success
35117:M 29 Aug 2026 08:05:22.014 * 100 changes in 300 seconds. Saving...
35117:M 29 Aug 2026 08:05:22.016 * Background saving started by pid 38458
38458:C 29 Aug 2026 08:05:22.060 * BGSAVE done, 3 keys saved, 0 keys skipped, 5234158 bytes written.
38458:C 29 Aug 2026 08:05:22.065 * DB saved on disk
38458:C 29 Aug 2026 08:05:22.065 * Fork CoW for RDB: current 0 MB, peak 0 MB, average 0 MB
35117:M 29 Aug 2026 08:05:22.117 * Background saving terminated with success
35117:M 29 Aug 2026 08:10:10.074 * 10000 changes in 60 seconds. Saving...
35117:M 29 Aug 2026 08:10:10.076 * Background saving started by pid 39041
39041:C 29 Aug 2026 08:10:10.128 * BGSAVE done, 3 keys saved, 0 keys skipped, 5360376 bytes written.
39041:C 29 Aug 2026 08:10:10.132 * DB saved on disk
39041:C 29 Aug 2026 08:10:10.132 * Fork CoW for RDB: current 0 MB, peak 0 MB, average 0 MB
35117:M 29 Aug 2026 08:10:10.177 * Background saving terminated with success
35117:M 29 Aug 2026 08:10:36.005 * User requested shutdown...
35117:M 29 Aug 2026 08:10:36.005 * Saving the final RDB snapshot before exiting.
35117:M 29 Aug 2026 08:10:36.031 * BGSAVE done, 3 keys saved, 0 keys skipped, 5391243 bytes written.
35117:M 29 Aug 2026 08:10:36.035 * DB saved on disk
35117:M 29 Aug 2026 08:10:36.035 * Removing the pid file.
35117:M 29 Aug 2026 08:10:36.036 # Redis is now ready to exit, bye bye...
39725:C 29 Aug 2026 08:10:50.654 * oO0OoO0OoO0Oo Redis is starting oO0OoO0OoO0Oo
39725:C 29 Aug 2026 08:10:50.654 * Redis version=8.10.0, bits=64, commit=00000000, modified=1, pid=39725, just started
39725:C 29 Aug 2026 08:10:50.654 * Configuration loaded
39725:M 29 Aug 2026 08:10:50.655 * monotonic clock: ARM CNTVCT @ 24 ticks/us
39725:M 29 Aug 2026 08:10:50.656 # Failed to write PID file: Permission denied
39725:M 29 Aug 2026 08:10:50.656 * Running mode=standalone, port=6379.
39725:M 29 Aug 2026 08:10:50.656 # WARNING: The TCP backlog setting of 511 cannot be enforced because kern.ipc.somaxconn is set to the lower value of 128.
39725:M 29 Aug 2026 08:10:50.656 * Server initialized
39725:M 29 Aug 2026 08:10:50.656 * Loading RDB produced by version 8.10.0
39725:M 29 Aug 2026 08:10:50.656 * RDB age 14 seconds
39725:M 29 Aug 2026 08:10:50.656 * RDB memory usage when created 18.98 Mb
39725:M 29 Aug 2026 08:10:50.671 * Done loading RDB, keys loaded: 3, keys expired: 0.
39725:M 29 Aug 2026 08:10:50.672 * DB loaded from disk: 0.016 seconds
39725:M 29 Aug 2026 08:10:50.672 * Ready to accept connections tcp
39725:M 29 Aug 2026 08:10:50.672 # WARNING: Redis does not require authentication. Redis will accept connections from any local client.
39725:M 29 Aug 2026 08:13:08.992 * 10000 changes in 60 seconds. Saving...
39725:M 29 Aug 2026 08:13:08.993 * Background saving started by pid 40407
40407:C 29 Aug 2026 08:13:09.033 * BGSAVE done, 3 keys saved, 0 keys skipped, 5537596 bytes written.
40407:C 29 Aug 2026 08:13:09.036 * DB saved on disk
40407:C 29 Aug 2026 08:13:09.036 * Fork CoW for RDB: current 0 MB, peak 0 MB, average 0 MB
39725:M 29 Aug 2026 08:13:09.094 * Background saving terminated with success
39725:M 29 Aug 2026 08:14:18.904 * 10000 changes in 60 seconds. Saving...
39725:M 29 Aug 2026 08:14:18.905 * Background saving started by pid 40487
40487:C 29 Aug 2026 08:14:18.935 * BGSAVE done, 3 keys saved, 0 keys skipped, 5677429 bytes written.
40487:C 29 Aug 2026 08:14:18.942 * DB saved on disk
40487:C 29 Aug 2026 08:14:18.942 * Fork CoW for RDB: current 0 MB, peak 0 MB, average 0 MB
39725:M 29 Aug 2026 08:14:19.005 * Background saving terminated with success
39725:M 29 Aug 2026 08:16:53.185 * 10000 changes in 60 seconds. Saving...
39725:M 29 Aug 2026 08:16:53.186 * Background saving started by pid 40659
40659:C 29 Aug 2026 08:16:53.227 * BGSAVE done, 3 keys saved, 0 keys skipped, 5816806 bytes written.
40659:C 29 Aug 2026 08:16:53.233 * DB saved on disk
40659:C 29 Aug 2026 08:16:53.233 * Fork CoW for RDB: current 0 MB, peak 0 MB, average 0 MB
39725:M 29 Aug 2026 08:16:53.287 * Background saving terminated with success
39725:M 29 Aug 2026 08:20:36.461 * 10000 changes in 60 seconds. Saving...
39725:M 29 Aug 2026 08:20:36.462 * Background saving started by pid 40869
40869:C 29 Aug 2026 08:20:36.505 * BGSAVE done, 3 keys saved, 0 keys skipped, 5954629 bytes written.
40869:C 29 Aug 2026 08:20:36.511 * DB saved on disk
40869:C 29 Aug 2026 08:20:36.511 * Fork CoW for RDB: current 0 MB, peak 0 MB, average 0 MB
39725:M 29 Aug 2026 08:20:36.563 * Background saving terminated with success
39725:M 29 Aug 2026 08:22:27.161 * 10000 changes in 60 seconds. Saving...
39725:M 29 Aug 2026 08:22:27.162 * Background saving started by pid 41214
41214:C 29 Aug 2026 08:22:27.206 * BGSAVE done, 3 keys saved, 0 keys skipped, 6108853 bytes written.
41214:C 29 Aug 2026 08:22:27.210 * DB saved on disk
41214:C 29 Aug 2026 08:22:27.210 * Fork CoW for RDB: current 0 MB, peak 0 MB, average 0 MB
39725:M 29 Aug 2026 08:22:27.263 * Background saving terminated with success
39725:M 29 Aug 2026 08:23:38.175 * 10000 changes in 60 seconds. Saving...
39725:M 29 Aug 2026 08:23:38.176 * Background saving started by pid 41527
41527:C 29 Aug 2026 08:23:38.234 * BGSAVE done, 3 keys saved, 0 keys skipped, 6238809 bytes written.
41527:C 29 Aug 2026 08:23:38.240 * DB saved on disk
41527:C 29 Aug 2026 08:23:38.240 * Fork CoW for RDB: current 0 MB, peak 0 MB, average 0 MB
39725:M 29 Aug 2026 08:23:38.278 * Background saving terminated with success
39725:M 29 Aug 2026 08:24:06.134 * User requested shutdown...
39725:M 29 Aug 2026 08:24:06.134 * Saving the final RDB snapshot before exiting.
39725:M 29 Aug 2026 08:24:06.164 * BGSAVE done, 3 keys saved, 0 keys skipped, 6322456 bytes written.
39725:M 29 Aug 2026 08:24:06.169 * DB saved on disk
39725:M 29 Aug 2026 08:24:06.169 * Removing the pid file.
39725:M 29 Aug 2026 08:24:06.169 # Redis is now ready to exit, bye bye...
42228:C 29 Aug 2026 08:24:25.517 * oO0OoO0OoO0Oo Redis is starting oO0OoO0OoO0Oo
42228:C 29 Aug 2026 08:24:25.518 * Redis version=8.10.0, bits=64, commit=00000000, modified=1, pid=42228, just started
42228:C 29 Aug 2026 08:24:25.518 * Configuration loaded
42228:M 29 Aug 2026 08:24:25.518 * monotonic clock: ARM CNTVCT @ 24 ticks/us
42228:M 29 Aug 2026 08:24:25.518 # Failed to write PID file: Permission denied
42228:M 29 Aug 2026 08:24:25.519 * Running mode=standalone, port=6379.
42228:M 29 Aug 2026 08:24:25.519 # WARNING: The TCP backlog setting of 511 cannot be enforced because kern.ipc.somaxconn is set to the lower value of 128.
42228:M 29 Aug 2026 08:24:25.519 * Server initialized
42228:M 29 Aug 2026 08:24:25.519 * Loading RDB produced by version 8.10.0
42228:M 29 Aug 2026 08:24:25.519 * RDB age 19 seconds
42228:M 29 Aug 2026 08:24:25.519 * RDB memory usage when created 21.96 Mb
42228:M 29 Aug 2026 08:24:25.536 * Done loading RDB, keys loaded: 3, keys expired: 0.
42228:M 29 Aug 2026 08:24:25.536 * DB loaded from disk: 0.017 seconds
42228:M 29 Aug 2026 08:24:25.536 * Ready to accept connections tcp
42228:M 29 Aug 2026 08:24:25.536 # WARNING: Redis does not require authentication. Redis will accept connections from any local client.
42228:M 29 Aug 2026 08:29:26.060 * 100 changes in 300 seconds. Saving...
42228:M 29 Aug 2026 08:29:26.060 * Background saving started by pid 43182
43182:C 29 Aug 2026 08:29:26.116 * BGSAVE done, 3 keys saved, 0 keys skipped, 6461819 bytes written.
43182:C 29 Aug 2026 08:29:26.127 * DB saved on disk
43182:C 29 Aug 2026 08:29:26.127 * Fork CoW for RDB: current 0 MB, peak 0 MB, average 0 MB
42228:M 29 Aug 2026 08:29:26.161 * Background saving terminated with success
42228:M 29 Aug 2026 08:34:09.089 * 10000 changes in 60 seconds. Saving...
42228:M 29 Aug 2026 08:34:09.091 * Background saving started by pid 43891
43891:C 29 Aug 2026 08:34:09.154 * BGSAVE done, 3 keys saved, 0 keys skipped, 6531270 bytes written.
43891:C 29 Aug 2026 08:34:09.165 * DB saved on disk
43891:C 29 Aug 2026 08:34:09.165 * Fork CoW for RDB: current 0 MB, peak 0 MB, average 0 MB
42228:M 29 Aug 2026 08:34:09.193 * Background saving terminated with success
42228:M 29 Aug 2026 08:36:36.127 * User requested shutdown...
42228:M 29 Aug 2026 08:36:36.128 * Saving the final RDB snapshot before exiting.
42228:M 29 Aug 2026 08:36:36.175 * BGSAVE done, 2 keys saved, 0 keys skipped, 6530834 bytes written.
42228:M 29 Aug 2026 08:36:36.184 * DB saved on disk
42228:M 29 Aug 2026 08:36:36.184 * Removing the pid file.
42228:M 29 Aug 2026 08:36:36.184 # Redis is now ready to exit, bye bye...
44708:C 29 Aug 2026 08:36:47.717 * oO0OoO0OoO0Oo Redis is starting oO0OoO0OoO0Oo
44708:C 29 Aug 2026 08:36:47.717 * Redis version=8.10.0, bits=64, commit=00000000, modified=1, pid=44708, just started
44708:C 29 Aug 2026 08:36:47.717 * Configuration loaded
44708:M 29 Aug 2026 08:36:47.717 * monotonic clock: ARM CNTVCT @ 24 ticks/us
44708:M 29 Aug 2026 08:36:47.718 # Failed to write PID file: Permission denied
44708:M 29 Aug 2026 08:36:47.718 * Running mode=standalone, port=6379.
44708:M 29 Aug 2026 08:36:47.718 # WARNING: The TCP backlog setting of 511 cannot be enforced because kern.ipc.somaxconn is set to the lower value of 128.
44708:M 29 Aug 2026 08:36:47.718 * Server initialized
44708:M 29 Aug 2026 08:36:47.718 * Loading RDB produced by version 8.10.0
44708:M 29 Aug 2026 08:36:47.718 * RDB age 11 seconds
44708:M 29 Aug 2026 08:36:47.719 * RDB memory usage when created 22.63 Mb
44708:M 29 Aug 2026 08:36:47.736 * Done loading RDB, keys loaded: 2, keys expired: 0.
44708:M 29 Aug 2026 08:36:47.736 * DB loaded from disk: 0.018 seconds
44708:M 29 Aug 2026 08:36:47.736 * Ready to accept connections tcp
44708:M 29 Aug 2026 08:36:47.736 # WARNING: Redis does not require authentication. Redis will accept connections from any local client.
44708:M 29 Aug 2026 08:41:48.081 * 100 changes in 300 seconds. Saving...
44708:M 29 Aug 2026 08:41:48.083 * Background saving started by pid 45482
45482:C 29 Aug 2026 08:41:48.156 * BGSAVE done, 3 keys saved, 0 keys skipped, 6639660 bytes written.
45482:C 29 Aug 2026 08:41:48.166 * DB saved on disk
45482:C 29 Aug 2026 08:41:48.166 * Fork CoW for RDB: current 0 MB, peak 0 MB, average 0 MB
44708:M 29 Aug 2026 08:41:48.184 * Background saving terminated with success
44708:M 29 Aug 2026 08:41:53.410 * User requested shutdown...
44708:M 29 Aug 2026 08:41:53.411 * Saving the final RDB snapshot before exiting.
44708:M 29 Aug 2026 08:41:53.453 * BGSAVE done, 3 keys saved, 0 keys skipped, 6640810 bytes written.
44708:M 29 Aug 2026 08:41:53.463 * DB saved on disk
44708:M 29 Aug 2026 08:41:53.463 * Removing the pid file.
44708:M 29 Aug 2026 08:41:53.463 # Redis is now ready to exit, bye bye...
45791:C 29 Aug 2026 08:42:32.931 * oO0OoO0OoO0Oo Redis is starting oO0OoO0OoO0Oo
45791:C 29 Aug 2026 08:42:32.931 * Redis version=8.10.0, bits=64, commit=00000000, modified=1, pid=45791, just started
45791:C 29 Aug 2026 08:42:32.931 * Configuration loaded
45791:M 29 Aug 2026 08:42:32.932 * monotonic clock: ARM CNTVCT @ 24 ticks/us
45791:M 29 Aug 2026 08:42:32.932 # Failed to write PID file: Permission denied
45791:M 29 Aug 2026 08:42:32.932 * Running mode=standalone, port=6379.
45791:M 29 Aug 2026 08:42:32.932 # WARNING: The TCP backlog setting of 511 cannot be enforced because kern.ipc.somaxconn is set to the lower value of 128.
45791:M 29 Aug 2026 08:42:32.932 * Server initialized
45791:M 29 Aug 2026 08:42:32.933 * Loading RDB produced by version 8.10.0
45791:M 29 Aug 2026 08:42:32.933 * RDB age 39 seconds
45791:M 29 Aug 2026 08:42:32.933 * RDB memory usage when created 22.98 Mb
45791:M 29 Aug 2026 08:42:32.950 * Done loading RDB, keys loaded: 3, keys expired: 0.
45791:M 29 Aug 2026 08:42:32.950 * DB loaded from disk: 0.017 seconds
45791:M 29 Aug 2026 08:42:32.950 * Ready to accept connections tcp
45791:M 29 Aug 2026 08:42:32.950 # WARNING: Redis does not require authentication. Redis will accept connections from any local client.
45791:M 29 Aug 2026 08:45:04.783 * 10000 changes in 60 seconds. Saving...
45791:M 29 Aug 2026 08:45:04.785 * Background saving started by pid 46016
46016:C 29 Aug 2026 08:45:04.849 * BGSAVE done, 3 keys saved, 0 keys skipped, 6789839 bytes written.
46016:C 29 Aug 2026 08:45:04.857 * DB saved on disk
46016:C 29 Aug 2026 08:45:04.857 * Fork CoW for RDB: current 0 MB, peak 0 MB, average 0 MB
45791:M 29 Aug 2026 08:45:04.887 * Background saving terminated with success
45791:M 29 Aug 2026 08:50:05.042 * 100 changes in 300 seconds. Saving...
45791:M 29 Aug 2026 08:50:05.045 * Background saving started by pid 46402
46402:C 29 Aug 2026 08:50:05.113 * BGSAVE done, 3 keys saved, 0 keys skipped, 6874356 bytes written.
46402:C 29 Aug 2026 08:50:05.120 * DB saved on disk
46402:C 29 Aug 2026 08:50:05.120 * Fork CoW for RDB: current 0 MB, peak 0 MB, average 0 MB
45791:M 29 Aug 2026 08:50:05.146 * Background saving terminated with success
45791:M 29 Aug 2026 08:51:55.448 * 10000 changes in 60 seconds. Saving...
45791:M 29 Aug 2026 08:51:55.449 * Background saving started by pid 46530
46530:C 29 Aug 2026 08:51:55.490 * BGSAVE done, 3 keys saved, 0 keys skipped, 7027063 bytes written.
46530:C 29 Aug 2026 08:51:55.495 * DB saved on disk
46530:C 29 Aug 2026 08:51:55.495 * Fork CoW for RDB: current 0 MB, peak 0 MB, average 0 MB
45791:M 29 Aug 2026 08:51:55.550 * Background saving terminated with success
45791:M 29 Aug 2026 08:53:01.595 * 10000 changes in 60 seconds. Saving...
45791:M 29 Aug 2026 08:53:01.597 * Background saving started by pid 46598
46598:C 29 Aug 2026 08:53:01.658 * BGSAVE done, 3 keys saved, 0 keys skipped, 7156120 bytes written.
46598:C 29 Aug 2026 08:53:01.664 * DB saved on disk
46598:C 29 Aug 2026 08:53:01.664 * Fork CoW for RDB: current 0 MB, peak 0 MB, average 0 MB
45791:M 29 Aug 2026 08:53:01.699 * Background saving terminated with success
45791:M 29 Aug 2026 09:07:48.060 * 100 changes in 300 seconds. Saving...
45791:M 29 Aug 2026 09:07:48.063 * Background saving started by pid 46722
46722:C 29 Aug 2026 09:07:48.124 * BGSAVE done, 1 keys saved, 0 keys skipped, 7263979 bytes written.
46722:C 29 Aug 2026 09:07:48.130 * DB saved on disk
46722:C 29 Aug 2026 09:07:48.130 * Fork CoW for RDB: current 0 MB, peak 0 MB, average 0 MB
45791:M 29 Aug 2026 09:07:48.164 * Background saving terminated with success
45791:M 29 Aug 2026 09:08:59.220 * 10000 changes in 60 seconds. Saving...
45791:M 29 Aug 2026 09:08:59.221 * Background saving started by pid 46880
46880:C 29 Aug 2026 09:08:59.269 * BGSAVE done, 3 keys saved, 0 keys skipped, 7282978 bytes written.
46880:C 29 Aug 2026 09:08:59.274 * DB saved on disk
46880:C 29 Aug 2026 09:08:59.274 * Fork CoW for RDB: current 0 MB, peak 0 MB, average 0 MB
45791:M 29 Aug 2026 09:08:59.322 * Background saving terminated with success
45791:M 29 Aug 2026 09:12:43.671 * 10000 changes in 60 seconds. Saving...
45791:M 29 Aug 2026 09:12:43.674 * Background saving started by pid 47410
47410:C 29 Aug 2026 09:12:43.738 * BGSAVE done, 3 keys saved, 0 keys skipped, 7361905 bytes written.
47410:C 29 Aug 2026 09:12:43.743 * DB saved on disk
47410:C 29 Aug 2026 09:12:43.743 * Fork CoW for RDB: current 0 MB, peak 0 MB, average 0 MB
45791:M 29 Aug 2026 09:12:43.776 * Background saving terminated with success
45791:M 29 Aug 2026 09:30:01.744 * 100 changes in 300 seconds. Saving...
45791:M 29 Aug 2026 09:30:01.815 * Background saving started by pid 47422
47422:C 29 Aug 2026 09:30:01.863 * BGSAVE done, 1 keys saved, 0 keys skipped, 7381223 bytes written.
47422:C 29 Aug 2026 09:30:01.870 * DB saved on disk
47422:C 29 Aug 2026 09:30:01.870 * Fork CoW for RDB: current 0 MB, peak 0 MB, average 0 MB
45791:M 29 Aug 2026 09:30:01.917 * Background saving terminated with success
45791:M 29 Aug 2026 09:47:00.745 * 100 changes in 300 seconds. Saving...
45791:M 29 Aug 2026 09:47:00.816 * Background saving started by pid 47452
47452:C 29 Aug 2026 09:47:00.856 * BGSAVE done, 2 keys saved, 0 keys skipped, 7383409 bytes written.
47452:C 29 Aug 2026 09:47:00.861 * DB saved on disk
47452:C 29 Aug 2026 09:47:00.861 * Fork CoW for RDB: current 0 MB, peak 0 MB, average 0 MB
45791:M 29 Aug 2026 09:47:00.917 * Background saving terminated with success
68952:C 30 Aug 2026 02:29:03.037 * oO0OoO0OoO0Oo Redis is starting oO0OoO0OoO0Oo
68952:C 30 Aug 2026 02:29:03.038 * Redis version=8.10.0, bits=64, commit=00000000, modified=1, pid=68952, just started
68952:C 30 Aug 2026 02:29:03.038 * Configuration loaded
68952:M 30 Aug 2026 02:29:03.040 * monotonic clock: ARM CNTVCT @ 24 ticks/us
68952:M 30 Aug 2026 02:29:03.046 # Failed to write PID file: Permission denied
68952:M 30 Aug 2026 02:29:03.047 * Running mode=standalone, port=6379.
68952:M 30 Aug 2026 02:29:03.047 # WARNING: The TCP backlog setting of 511 cannot be enforced because kern.ipc.somaxconn is set to the lower value of 128.
68952:M 30 Aug 2026 02:29:03.049 * Server initialized
68952:M 30 Aug 2026 02:29:03.049 * Loading RDB produced by version 8.10.0
68952:M 30 Aug 2026 02:29:03.049 * RDB age 60123 seconds
68952:M 30 Aug 2026 02:29:03.050 * RDB memory usage when created 25.37 Mb
68952:M 30 Aug 2026 02:29:03.080 * Done loading RDB, keys loaded: 1, keys expired: 1.
68952:M 30 Aug 2026 02:29:03.080 * DB loaded from disk: 0.031 seconds
68952:M 30 Aug 2026 02:29:03.080 * Ready to accept connections tcp
68952:M 30 Aug 2026 02:29:03.080 # WARNING: Redis does not require authentication. Redis will accept connections from any local client.
68952:M 30 Aug 2026 02:32:57.822 * User requested shutdown...
68952:M 30 Aug 2026 02:32:57.822 * Saving the final RDB snapshot before exiting.
68952:M 30 Aug 2026 02:32:57.865 * BGSAVE done, 1 keys saved, 0 keys skipped, 7383089 bytes written.
68952:M 30 Aug 2026 02:32:57.872 * DB saved on disk
68952:M 30 Aug 2026 02:32:57.872 * Removing the pid file.
68952:M 30 Aug 2026 02:32:57.873 # Redis is now ready to exit, bye bye...
70405:C 30 Aug 2026 02:33:07.562 * oO0OoO0OoO0Oo Redis is starting oO0OoO0OoO0Oo
70405:C 30 Aug 2026 02:33:07.562 * Redis version=8.10.0, bits=64, commit=00000000, modified=1, pid=70405, just started
70405:C 30 Aug 2026 02:33:07.562 * Configuration loaded
70405:M 30 Aug 2026 02:33:07.562 * monotonic clock: ARM CNTVCT @ 24 ticks/us
70405:M 30 Aug 2026 02:33:07.563 # Failed to write PID file: Permission denied
70405:M 30 Aug 2026 02:33:07.563 * Running mode=standalone, port=6379.
70405:M 30 Aug 2026 02:33:07.563 # WARNING: The TCP backlog setting of 511 cannot be enforced because kern.ipc.somaxconn is set to the lower value of 128.
70405:M 30 Aug 2026 02:33:07.564 * Server initialized
70405:M 30 Aug 2026 02:33:07.564 * Loading RDB produced by version 8.10.0
70405:M 30 Aug 2026 02:33:07.564 * RDB age 10 seconds
70405:M 30 Aug 2026 02:33:07.564 * RDB memory usage when created 25.30 Mb
70405:M 30 Aug 2026 02:33:07.594 * Done loading RDB, keys loaded: 1, keys expired: 0.
70405:M 30 Aug 2026 02:33:07.594 * DB loaded from disk: 0.030 seconds
70405:M 30 Aug 2026 02:33:07.594 * Ready to accept connections tcp
70405:M 30 Aug 2026 02:33:07.594 # WARNING: Redis does not require authentication. Redis will accept connections from any local client.
70405:M 30 Aug 2026 04:44:26.054 * User requested shutdown...
70405:M 30 Aug 2026 04:44:26.055 * Saving the final RDB snapshot before exiting.
70405:M 30 Aug 2026 04:44:26.153 * BGSAVE done, 1 keys saved, 0 keys skipped, 7383089 bytes written.
70405:M 30 Aug 2026 04:44:26.158 * DB saved on disk
70405:M 30 Aug 2026 04:44:26.159 * Removing the pid file.
70405:M 30 Aug 2026 04:44:26.159 # Redis is now ready to exit, bye bye...
77202:C 30 Aug 2026 04:44:50.718 * oO0OoO0OoO0Oo Redis is starting oO0OoO0OoO0Oo
77202:C 30 Aug 2026 04:44:50.718 * Redis version=8.10.0, bits=64, commit=00000000, modified=1, pid=77202, just started
77202:C 30 Aug 2026 04:44:50.718 * Configuration loaded
77202:M 30 Aug 2026 04:44:50.719 * monotonic clock: ARM CNTVCT @ 24 ticks/us
77202:M 30 Aug 2026 04:44:50.720 # Failed to write PID file: Permission denied
77202:M 30 Aug 2026 04:44:50.720 * Running mode=standalone, port=6379.
77202:M 30 Aug 2026 04:44:50.720 # WARNING: The TCP backlog setting of 511 cannot be enforced because kern.ipc.somaxconn is set to the lower value of 128.
77202:M 30 Aug 2026 04:44:50.720 * Server initialized
77202:M 30 Aug 2026 04:44:50.720 * Loading RDB produced by version 8.10.0
77202:M 30 Aug 2026 04:44:50.720 * RDB age 24 seconds
77202:M 30 Aug 2026 04:44:50.721 * RDB memory usage when created 25.30 Mb
77202:M 30 Aug 2026 04:44:50.742 * Done loading RDB, keys loaded: 1, keys expired: 0.
77202:M 30 Aug 2026 04:44:50.743 * DB loaded from disk: 0.022 seconds
77202:M 30 Aug 2026 04:44:50.743 * Ready to accept connections tcp
77202:M 30 Aug 2026 04:44:50.743 # WARNING: Redis does not require authentication. Redis will accept connections from any local client.
77202:M 30 Aug 2026 04:45:44.060 * User requested shutdown...
77202:M 30 Aug 2026 04:45:44.060 * Saving the final RDB snapshot before exiting.
77202:M 30 Aug 2026 04:45:44.095 * BGSAVE done, 1 keys saved, 0 keys skipped, 7383089 bytes written.
77202:M 30 Aug 2026 04:45:44.100 * DB saved on disk
77202:M 30 Aug 2026 04:45:44.100 * Removing the pid file.
77202:M 30 Aug 2026 04:45:44.100 # Redis is now ready to exit, bye bye...
78037:C 30 Aug 2026 04:46:07.426 * oO0OoO0OoO0Oo Redis is starting oO0OoO0OoO0Oo
78037:C 30 Aug 2026 04:46:07.426 * Redis version=8.10.0, bits=64, commit=00000000, modified=1, pid=78037, just started
78037:C 30 Aug 2026 04:46:07.427 * Configuration loaded
78037:M 30 Aug 2026 04:46:07.427 * monotonic clock: ARM CNTVCT @ 24 ticks/us
78037:M 30 Aug 2026 04:46:07.427 # Failed to write PID file: Permission denied
78037:M 30 Aug 2026 04:46:07.427 * Running mode=standalone, port=6379.
78037:M 30 Aug 2026 04:46:07.427 # WARNING: The TCP backlog setting of 511 cannot be enforced because kern.ipc.somaxconn is set to the lower value of 128.
78037:M 30 Aug 2026 04:46:07.428 * Server initialized
78037:M 30 Aug 2026 04:46:07.428 * Loading RDB produced by version 8.10.0
78037:M 30 Aug 2026 04:46:07.428 * RDB age 23 seconds
78037:M 30 Aug 2026 04:46:07.428 * RDB memory usage when created 25.32 Mb
78037:M 30 Aug 2026 04:46:07.448 * Done loading RDB, keys loaded: 1, keys expired: 0.
78037:M 30 Aug 2026 04:46:07.448 * DB loaded from disk: 0.021 seconds
78037:M 30 Aug 2026 04:46:07.448 * Ready to accept connections tcp
78037:M 30 Aug 2026 04:46:07.448 # WARNING: Redis does not require authentication. Redis will accept connections from any local client.
78037:M 30 Aug 2026 04:46:39.061 * User requested shutdown...
78037:M 30 Aug 2026 04:46:39.061 * Saving the final RDB snapshot before exiting.
78037:M 30 Aug 2026 04:46:39.101 * BGSAVE done, 1 keys saved, 0 keys skipped, 7383089 bytes written.
78037:M 30 Aug 2026 04:46:39.105 * DB saved on disk
78037:M 30 Aug 2026 04:46:39.105 * Removing the pid file.
78037:M 30 Aug 2026 04:46:39.106 # Redis is now ready to exit, bye bye...
78412:C 30 Aug 2026 04:47:06.489 * oO0OoO0OoO0Oo Redis is starting oO0OoO0OoO0Oo
78412:C 30 Aug 2026 04:47:06.489 * Redis version=8.10.0, bits=64, commit=00000000, modified=1, pid=78412, just started
78412:C 30 Aug 2026 04:47:06.489 * Configuration loaded
78412:M 30 Aug 2026 04:47:06.489 * monotonic clock: ARM CNTVCT @ 24 ticks/us
78412:M 30 Aug 2026 04:47:06.490 # Failed to write PID file: Permission denied
78412:M 30 Aug 2026 04:47:06.490 * Running mode=standalone, port=6379.
78412:M 30 Aug 2026 04:47:06.490 # WARNING: The TCP backlog setting of 511 cannot be enforced because kern.ipc.somaxconn is set to the lower value of 128.
78412:M 30 Aug 2026 04:47:06.490 * Server initialized
78412:M 30 Aug 2026 04:47:06.490 * Loading RDB produced by version 8.10.0
78412:M 30 Aug 2026 04:47:06.490 * RDB age 27 seconds
78412:M 30 Aug 2026 04:47:06.490 * RDB memory usage when created 25.30 Mb
78412:M 30 Aug 2026 04:47:06.510 * Done loading RDB, keys loaded: 1, keys expired: 0.
78412:M 30 Aug 2026 04:47:06.510 * DB loaded from disk: 0.019 seconds
78412:M 30 Aug 2026 04:47:06.510 * Ready to accept connections tcp
78412:M 30 Aug 2026 04:47:06.510 # WARNING: Redis does not require authentication. Redis will accept connections from any local client.
78412:M 30 Aug 2026 04:48:54.251 * User requested shutdown...
78412:M 30 Aug 2026 04:48:54.251 * Saving the final RDB snapshot before exiting.
78412:M 30 Aug 2026 04:48:54.287 * BGSAVE done, 1 keys saved, 0 keys skipped, 7383089 bytes written.
78412:M 30 Aug 2026 04:48:54.293 * DB saved on disk
78412:M 30 Aug 2026 04:48:54.293 * Removing the pid file.
78412:M 30 Aug 2026 04:48:54.294 # Redis is now ready to exit, bye bye...
78851:C 30 Aug 2026 04:49:00.284 * oO0OoO0OoO0Oo Redis is starting oO0OoO0OoO0Oo
78851:C 30 Aug 2026 04:49:00.285 * Redis version=8.10.0, bits=64, commit=00000000, modified=1, pid=78851, just started
78851:C 30 Aug 2026 04:49:00.285 * Configuration loaded
78851:M 30 Aug 2026 04:49:00.285 * monotonic clock: ARM CNTVCT @ 24 ticks/us
78851:M 30 Aug 2026 04:49:00.285 # Failed to write PID file: Permission denied
78851:M 30 Aug 2026 04:49:00.285 * Running mode=standalone, port=6379.
78851:M 30 Aug 2026 04:49:00.285 # WARNING: The TCP backlog setting of 511 cannot be enforced because kern.ipc.somaxconn is set to the lower value of 128.
78851:M 30 Aug 2026 04:49:00.286 * Server initialized
78851:M 30 Aug 2026 04:49:00.286 * Loading RDB produced by version 8.10.0
78851:M 30 Aug 2026 04:49:00.286 * RDB age 6 seconds
78851:M 30 Aug 2026 04:49:00.286 * RDB memory usage when created 25.30 Mb
78851:M 30 Aug 2026 04:49:00.305 * Done loading RDB, keys loaded: 1, keys expired: 0.
78851:M 30 Aug 2026 04:49:00.305 * DB loaded from disk: 0.019 seconds
78851:M 30 Aug 2026 04:49:00.305 * Ready to accept connections tcp
78851:M 30 Aug 2026 04:49:00.305 # WARNING: Redis does not require authentication. Redis will accept connections from any local client.
78851:M 30 Aug 2026 04:54:23.957 * User requested shutdown...
78851:M 30 Aug 2026 04:54:23.957 * Saving the final RDB snapshot before exiting.
78851:M 30 Aug 2026 04:54:23.995 * BGSAVE done, 1 keys saved, 0 keys skipped, 7383089 bytes written.
78851:M 30 Aug 2026 04:54:24.001 * DB saved on disk
78851:M 30 Aug 2026 04:54:24.001 * Removing the pid file.
78851:M 30 Aug 2026 04:54:24.001 # Redis is now ready to exit, bye bye...
80583:C 30 Aug 2026 04:54:56.564 * oO0OoO0OoO0Oo Redis is starting oO0OoO0OoO0Oo
80583:C 30 Aug 2026 04:54:56.564 * Redis version=8.10.0, bits=64, commit=00000000, modified=1, pid=80583, just started
80583:C 30 Aug 2026 04:54:56.564 * Configuration loaded
80583:M 30 Aug 2026 04:54:56.564 * monotonic clock: ARM CNTVCT @ 24 ticks/us
80583:M 30 Aug 2026 04:54:56.565 # Failed to write PID file: Permission denied
80583:M 30 Aug 2026 04:54:56.565 * Running mode=standalone, port=6379.
80583:M 30 Aug 2026 04:54:56.565 # WARNING: The TCP backlog setting of 511 cannot be enforced because kern.ipc.somaxconn is set to the lower value of 128.
80583:M 30 Aug 2026 04:54:56.565 * Server initialized
80583:M 30 Aug 2026 04:54:56.565 * Loading RDB produced by version 8.10.0
80583:M 30 Aug 2026 04:54:56.565 * RDB age 33 seconds
80583:M 30 Aug 2026 04:54:56.565 * RDB memory usage when created 25.30 Mb
80583:M 30 Aug 2026 04:54:56.584 * Done loading RDB, keys loaded: 1, keys expired: 0.
80583:M 30 Aug 2026 04:54:56.584 * DB loaded from disk: 0.019 seconds
80583:M 30 Aug 2026 04:54:56.584 * Ready to accept connections tcp
80583:M 30 Aug 2026 04:54:56.584 # WARNING: Redis does not require authentication. Redis will accept connections from any local client.
80583:M 30 Aug 2026 05:10:00.646 * User requested shutdown...
80583:M 30 Aug 2026 05:10:00.647 * Saving the final RDB snapshot before exiting.
80583:M 30 Aug 2026 05:10:00.709 * BGSAVE done, 1 keys saved, 0 keys skipped, 7383089 bytes written.
80583:M 30 Aug 2026 05:10:00.713 * DB saved on disk
80583:M 30 Aug 2026 05:10:00.713 * Removing the pid file.
80583:M 30 Aug 2026 05:10:00.713 # Redis is now ready to exit, bye bye...
83239:C 30 Aug 2026 05:11:06.560 * oO0OoO0OoO0Oo Redis is starting oO0OoO0OoO0Oo
83239:C 30 Aug 2026 05:11:06.560 * Redis version=8.10.0, bits=64, commit=00000000, modified=1, pid=83239, just started
83239:C 30 Aug 2026 05:11:06.560 * Configuration loaded
83239:M 30 Aug 2026 05:11:06.561 * monotonic clock: ARM CNTVCT @ 24 ticks/us
83239:M 30 Aug 2026 05:11:06.563 # Failed to write PID file: Permission denied
83239:M 30 Aug 2026 05:11:06.563 * Running mode=standalone, port=6379.
83239:M 30 Aug 2026 05:11:06.563 # WARNING: The TCP backlog setting of 511 cannot be enforced because kern.ipc.somaxconn is set to the lower value of 128.
83239:M 30 Aug 2026 05:11:06.563 * Server initialized
83239:M 30 Aug 2026 05:11:06.564 * Loading RDB produced by version 8.10.0
83239:M 30 Aug 2026 05:11:06.564 * RDB age 66 seconds
83239:M 30 Aug 2026 05:11:06.564 * RDB memory usage when created 25.33 Mb
83239:M 30 Aug 2026 05:11:06.583 * Done loading RDB, keys loaded: 1, keys expired: 0.
83239:M 30 Aug 2026 05:11:06.583 * DB loaded from disk: 0.020 seconds
83239:M 30 Aug 2026 05:11:06.584 * Ready to accept connections tcp
83239:M 30 Aug 2026 05:11:06.584 # WARNING: Redis does not require authentication. Redis will accept connections from any local client.
91889:C 30 Aug 2026 06:41:39.470 * oO0OoO0OoO0Oo Redis is starting oO0OoO0OoO0Oo
91889:C 30 Aug 2026 06:41:39.470 * Redis version=8.10.0, bits=64, commit=00000000, modified=1, pid=91889, just started
91889:C 30 Aug 2026 06:41:39.470 * Configuration loaded
91889:M 30 Aug 2026 06:41:39.471 * monotonic clock: ARM CNTVCT @ 24 ticks/us
91889:M 30 Aug 2026 06:41:39.472 # Failed to write PID file: Permission denied
91889:M 30 Aug 2026 06:41:39.472 * Running mode=standalone, port=6379.
91889:M 30 Aug 2026 06:41:39.472 # WARNING: The TCP backlog setting of 511 cannot be enforced because kern.ipc.somaxconn is set to the lower value of 128.
91889:M 30 Aug 2026 06:41:39.472 * Server initialized
91889:M 30 Aug 2026 06:41:39.473 * Loading RDB produced by version 8.10.0
91889:M 30 Aug 2026 06:41:39.473 * RDB age 5499 seconds
91889:M 30 Aug 2026 06:41:39.473 * RDB memory usage when created 25.33 Mb
91889:M 30 Aug 2026 06:41:39.493 * Done loading RDB, keys loaded: 1, keys expired: 0.
91889:M 30 Aug 2026 06:41:39.493 * DB loaded from disk: 0.021 seconds
91889:M 30 Aug 2026 06:41:39.493 * Ready to accept connections tcp
91889:M 30 Aug 2026 06:41:39.493 # WARNING: Redis does not require authentication. Redis will accept connections from any local client.
2117:C 31 Aug 2026 10:20:30.160 * oO0OoO0OoO0Oo Redis is starting oO0OoO0OoO0Oo
2117:C 31 Aug 2026 10:20:30.160 * Redis version=8.10.0, bits=64, commit=00000000, modified=1, pid=2117, just started
2117:C 31 Aug 2026 10:20:30.160 * Configuration loaded
2117:M 31 Aug 2026 10:20:30.161 * monotonic clock: ARM CNTVCT @ 24 ticks/us
2117:M 31 Aug 2026 10:20:30.162 # Failed to write PID file: Permission denied
2117:M 31 Aug 2026 10:20:30.162 * Running mode=standalone, port=6379.
2117:M 31 Aug 2026 10:20:30.162 # WARNING: The TCP backlog setting of 511 cannot be enforced because kern.ipc.somaxconn is set to the lower value of 128.
2117:M 31 Aug 2026 10:20:30.162 * Server initialized
2117:M 31 Aug 2026 10:20:30.163 * Loading RDB produced by version 8.10.0
2117:M 31 Aug 2026 10:20:30.163 * RDB age 105030 seconds
2117:M 31 Aug 2026 10:20:30.163 * RDB memory usage when created 25.33 Mb
2117:M 31 Aug 2026 10:20:30.185 * Done loading RDB, keys loaded: 1, keys expired: 0.
2117:M 31 Aug 2026 10:20:30.185 * DB loaded from disk: 0.022 seconds
2117:M 31 Aug 2026 10:20:30.185 * Ready to accept connections tcp
2117:M 31 Aug 2026 10:20:30.185 # WARNING: Redis does not require authentication. Redis will accept connections from any local client.
2117:M 31 Aug 2026 11:53:10.672 * User requested shutdown...
2117:M 31 Aug 2026 11:53:10.673 * Saving the final RDB snapshot before exiting.
2117:M 31 Aug 2026 11:53:10.712 * BGSAVE done, 1 keys saved, 0 keys skipped, 7383089 bytes written.
2117:M 31 Aug 2026 11:53:10.719 * DB saved on disk
2117:M 31 Aug 2026 11:53:10.719 * Removing the pid file.
2117:M 31 Aug 2026 11:53:10.719 # Redis is now ready to exit, bye bye...
12409:C 31 Aug 2026 11:53:23.700 * oO0OoO0OoO0Oo Redis is starting oO0OoO0OoO0Oo
12409:C 31 Aug 2026 11:53:23.700 * Redis version=8.10.0, bits=64, commit=00000000, modified=1, pid=12409, just started
12409:C 31 Aug 2026 11:53:23.700 * Configuration loaded
12409:M 31 Aug 2026 11:53:23.701 * monotonic clock: ARM CNTVCT @ 24 ticks/us
12409:M 31 Aug 2026 11:53:23.702 # Failed to write PID file: Permission denied
12409:M 31 Aug 2026 11:53:23.702 * Running mode=standalone, port=6379.
12409:M 31 Aug 2026 11:53:23.702 # WARNING: The TCP backlog setting of 511 cannot be enforced because kern.ipc.somaxconn is set to the lower value of 128.
12409:M 31 Aug 2026 11:53:23.703 * Server initialized
12409:M 31 Aug 2026 11:53:23.703 * Loading RDB produced by version 8.10.0
12409:M 31 Aug 2026 11:53:23.703 * RDB age 13 seconds
12409:M 31 Aug 2026 11:53:23.703 * RDB memory usage when created 25.30 Mb
12409:M 31 Aug 2026 11:53:23.724 * Done loading RDB, keys loaded: 1, keys expired: 0.
12409:M 31 Aug 2026 11:53:23.724 * DB loaded from disk: 0.021 seconds
12409:M 31 Aug 2026 11:53:23.724 * Ready to accept connections tcp
12409:M 31 Aug 2026 11:53:23.724 # WARNING: Redis does not require authentication. Redis will accept connections from any local client.
1568:C 31 Aug 2026 13:53:39.812 * oO0OoO0OoO0Oo Redis is starting oO0OoO0OoO0Oo
1568:C 31 Aug 2026 13:53:39.813 * Redis version=8.10.0, bits=64, commit=00000000, modified=1, pid=1568, just started
1568:C 31 Aug 2026 13:53:39.813 * Configuration loaded
1568:M 31 Aug 2026 13:53:39.813 * monotonic clock: ARM CNTVCT @ 24 ticks/us
1568:M 31 Aug 2026 13:53:39.814 # Failed to write PID file: Permission denied
1568:M 31 Aug 2026 13:53:39.814 * Running mode=standalone, port=6379.
1568:M 31 Aug 2026 13:53:39.814 # WARNING: The TCP backlog setting of 511 cannot be enforced because kern.ipc.somaxconn is set to the lower value of 128.
1568:M 31 Aug 2026 13:53:39.815 * Server initialized
1568:M 31 Aug 2026 13:53:39.815 * Loading RDB produced by version 8.10.0
1568:M 31 Aug 2026 13:53:39.815 * RDB age 7229 seconds
1568:M 31 Aug 2026 13:53:39.815 * RDB memory usage when created 25.30 Mb
1568:M 31 Aug 2026 13:53:39.836 * Done loading RDB, keys loaded: 1, keys expired: 0.
1568:M 31 Aug 2026 13:53:39.836 * DB loaded from disk: 0.021 seconds
1568:M 31 Aug 2026 13:53:39.836 * Ready to accept connections tcp
1568:M 31 Aug 2026 13:53:39.836 # WARNING: Redis does not require authentication. Redis will accept connections from any local client.
1568:M 31 Aug 2026 14:28:01.802 * 100 changes in 300 seconds. Saving...
1568:M 31 Aug 2026 14:28:01.804 * Background saving started by pid 16628
16628:C 31 Aug 2026 14:28:01.882 * BGSAVE done, 15 keys saved, 0 keys skipped, 7384929 bytes written.
16628:C 31 Aug 2026 14:28:01.895 * DB saved on disk
16628:C 31 Aug 2026 14:28:01.895 * Fork CoW for RDB: current 0 MB, peak 0 MB, average 0 MB
1568:M 31 Aug 2026 14:28:01.905 * Background saving terminated with success
1568:M 31 Aug 2026 14:29:02.009 * 10000 changes in 60 seconds. Saving...
1568:M 31 Aug 2026 14:29:02.012 * Background saving started by pid 17649
17649:C 31 Aug 2026 14:29:02.085 * BGSAVE done, 15 keys saved, 0 keys skipped, 7558616 bytes written.
17649:C 31 Aug 2026 14:29:02.099 * DB saved on disk
17649:C 31 Aug 2026 14:29:02.099 * Fork CoW for RDB: current 0 MB, peak 0 MB, average 0 MB
1568:M 31 Aug 2026 14:29:02.114 * Background saving terminated with success
1568:M 31 Aug 2026 14:30:03.014 * 10000 changes in 60 seconds. Saving...
1568:M 31 Aug 2026 14:30:03.017 * Background saving started by pid 18510
18510:C 31 Aug 2026 14:30:03.093 * BGSAVE done, 15 keys saved, 0 keys skipped, 7838822 bytes written.
18510:C 31 Aug 2026 14:30:03.105 * DB saved on disk
18510:C 31 Aug 2026 14:30:03.105 * Fork CoW for RDB: current 0 MB, peak 0 MB, average 0 MB
1568:M 31 Aug 2026 14:30:03.119 * Background saving terminated with success
1568:M 31 Aug 2026 14:31:04.099 * 10000 changes in 60 seconds. Saving...
1568:M 31 Aug 2026 14:31:04.102 * Background saving started by pid 18992
18992:C 31 Aug 2026 14:31:04.180 * BGSAVE done, 15 keys saved, 0 keys skipped, 8168903 bytes written.
18992:C 31 Aug 2026 14:31:04.193 * DB saved on disk
18992:C 31 Aug 2026 14:31:04.193 * Fork CoW for RDB: current 0 MB, peak 0 MB, average 0 MB
1568:M 31 Aug 2026 14:31:04.204 * Background saving terminated with success
1568:M 31 Aug 2026 14:32:05.002 * 10000 changes in 60 seconds. Saving...
1568:M 31 Aug 2026 14:32:05.004 * Background saving started by pid 19003
19003:C 31 Aug 2026 14:32:05.093 * BGSAVE done, 15 keys saved, 0 keys skipped, 8468178 bytes written.
19003:C 31 Aug 2026 14:32:05.098 * DB saved on disk
19003:C 31 Aug 2026 14:32:05.098 * Fork CoW for RDB: current 0 MB, peak 0 MB, average 0 MB
1568:M 31 Aug 2026 14:32:05.105 * Background saving terminated with success
1568:M 31 Aug 2026 14:33:06.099 * 10000 changes in 60 seconds. Saving...
1568:M 31 Aug 2026 14:33:06.101 * Background saving started by pid 19012
19012:C 31 Aug 2026 14:33:06.189 * BGSAVE done, 5 keys saved, 0 keys skipped, 8754978 bytes written.
19012:C 31 Aug 2026 14:33:06.194 * DB saved on disk
19012:C 31 Aug 2026 14:33:06.194 * Fork CoW for RDB: current 0 MB, peak 0 MB, average 0 MB
1568:M 31 Aug 2026 14:33:06.203 * Background saving terminated with success
1568:M 31 Aug 2026 14:34:07.067 * 10000 changes in 60 seconds. Saving...
1568:M 31 Aug 2026 14:34:07.068 * Background saving started by pid 19070
19070:C 31 Aug 2026 14:34:07.169 * BGSAVE done, 5 keys saved, 0 keys skipped, 8972190 bytes written.
19070:C 31 Aug 2026 14:34:07.174 * DB saved on disk
19070:C 31 Aug 2026 14:34:07.174 * Fork CoW for RDB: current 0 MB, peak 0 MB, average 0 MB
1568:M 31 Aug 2026 14:34:07.271 * Background saving terminated with success
1568:M 31 Aug 2026 14:35:08.001 * 10000 changes in 60 seconds. Saving...
1568:M 31 Aug 2026 14:35:08.004 * Background saving started by pid 19086
19086:C 31 Aug 2026 14:35:08.099 * BGSAVE done, 5 keys saved, 0 keys skipped, 9207552 bytes written.
19086:C 31 Aug 2026 14:35:08.105 * DB saved on disk
19086:C 31 Aug 2026 14:35:08.105 * Fork CoW for RDB: current 0 MB, peak 0 MB, average 0 MB
1568:M 31 Aug 2026 14:35:08.206 * Background saving terminated with success
1568:M 31 Aug 2026 14:36:09.069 * 10000 changes in 60 seconds. Saving...
1568:M 31 Aug 2026 14:36:09.071 * Background saving started by pid 19147
19147:C 31 Aug 2026 14:36:09.174 * BGSAVE done, 5 keys saved, 0 keys skipped, 9611734 bytes written.
19147:C 31 Aug 2026 14:36:09.181 * DB saved on disk
19147:C 31 Aug 2026 14:36:09.182 * Fork CoW for RDB: current 0 MB, peak 0 MB, average 0 MB
1568:M 31 Aug 2026 14:36:09.273 * Background saving terminated with success
1568:M 31 Aug 2026 14:37:10.086 * 10000 changes in 60 seconds. Saving...
1568:M 31 Aug 2026 14:37:10.090 * Background saving started by pid 19168
19168:C 31 Aug 2026 14:37:10.189 * BGSAVE done, 5 keys saved, 0 keys skipped, 9909361 bytes written.
19168:C 31 Aug 2026 14:37:10.195 * DB saved on disk
19168:C 31 Aug 2026 14:37:10.195 * Fork CoW for RDB: current 0 MB, peak 0 MB, average 0 MB
1568:M 31 Aug 2026 14:37:10.293 * Background saving terminated with success
1568:M 31 Aug 2026 14:38:11.083 * 10000 changes in 60 seconds. Saving...
1568:M 31 Aug 2026 14:38:11.086 * Background saving started by pid 19181
19181:C 31 Aug 2026 14:38:11.184 * BGSAVE done, 5 keys saved, 0 keys skipped, 10174212 bytes written.
19181:C 31 Aug 2026 14:38:11.194 * DB saved on disk
19181:C 31 Aug 2026 14:38:11.194 * Fork CoW for RDB: current 0 MB, peak 0 MB, average 0 MB
1568:M 31 Aug 2026 14:38:11.289 * Background saving terminated with success
1568:M 31 Aug 2026 14:39:12.061 * 10000 changes in 60 seconds. Saving...
1568:M 31 Aug 2026 14:39:12.064 * Background saving started by pid 19190
19190:C 31 Aug 2026 14:39:12.165 * BGSAVE done, 5 keys saved, 0 keys skipped, 10701087 bytes written.
19190:C 31 Aug 2026 14:39:12.175 * DB saved on disk
19190:C 31 Aug 2026 14:39:12.175 * Fork CoW for RDB: current 0 MB, peak 0 MB, average 0 MB
1568:M 31 Aug 2026 14:39:12.265 * Background saving terminated with success
1568:M 31 Aug 2026 14:40:13.053 * 10000 changes in 60 seconds. Saving...
1568:M 31 Aug 2026 14:40:13.057 * Background saving started by pid 19202
19202:C 31 Aug 2026 14:40:13.163 * BGSAVE done, 5 keys saved, 0 keys skipped, 11209043 bytes written.
19202:C 31 Aug 2026 14:40:13.175 * DB saved on disk
19202:C 31 Aug 2026 14:40:13.176 * Fork CoW for RDB: current 0 MB, peak 0 MB, average 0 MB
1568:M 31 Aug 2026 14:40:13.259 * Background saving terminated with success
1568:M 31 Aug 2026 14:41:14.094 * 10000 changes in 60 seconds. Saving...
1568:M 31 Aug 2026 14:41:14.097 * Background saving started by pid 19211
19211:C 31 Aug 2026 14:41:14.201 * BGSAVE done, 5 keys saved, 0 keys skipped, 11578968 bytes written.
19211:C 31 Aug 2026 14:41:14.212 * DB saved on disk
19211:C 31 Aug 2026 14:41:14.212 * Fork CoW for RDB: current 0 MB, peak 0 MB, average 0 MB
1568:M 31 Aug 2026 14:41:14.298 * Background saving terminated with success
1568:M 31 Aug 2026 14:42:15.033 * 10000 changes in 60 seconds. Saving...
1568:M 31 Aug 2026 14:42:15.037 * Background saving started by pid 19224
19224:C 31 Aug 2026 14:42:15.143 * BGSAVE done, 5 keys saved, 0 keys skipped, 11906421 bytes written.
19224:C 31 Aug 2026 14:42:15.155 * DB saved on disk
19224:C 31 Aug 2026 14:42:15.155 * Fork CoW for RDB: current 0 MB, peak 0 MB, average 0 MB
1568:M 31 Aug 2026 14:42:15.239 * Background saving terminated with success
1568:M 31 Aug 2026 14:43:16.021 * 10000 changes in 60 seconds. Saving...
1568:M 31 Aug 2026 14:43:16.023 * Background saving started by pid 19234
19234:C 31 Aug 2026 14:43:16.122 * BGSAVE done, 5 keys saved, 0 keys skipped, 12176655 bytes written.
19234:C 31 Aug 2026 14:43:16.135 * DB saved on disk
19234:C 31 Aug 2026 14:43:16.135 * Fork CoW for RDB: current 0 MB, peak 0 MB, average 0 MB
1568:M 31 Aug 2026 14:43:16.225 * Background saving terminated with success
1568:M 31 Aug 2026 14:44:17.007 * 10000 changes in 60 seconds. Saving...
1568:M 31 Aug 2026 14:44:17.008 * Background saving started by pid 19248
19248:C 31 Aug 2026 14:44:17.102 * BGSAVE done, 5 keys saved, 0 keys skipped, 12357933 bytes written.
19248:C 31 Aug 2026 14:44:17.116 * DB saved on disk
19248:C 31 Aug 2026 14:44:17.116 * Fork CoW for RDB: current 0 MB, peak 0 MB, average 0 MB
1568:M 31 Aug 2026 14:44:17.209 * Background saving terminated with success
1568:M 31 Aug 2026 14:45:18.101 * 10000 changes in 60 seconds. Saving...
1568:M 31 Aug 2026 14:45:18.102 * Background saving started by pid 19270
19270:C 31 Aug 2026 14:45:18.181 * BGSAVE done, 5 keys saved, 0 keys skipped, 12627063 bytes written.
19270:C 31 Aug 2026 14:45:18.186 * DB saved on disk
19270:C 31 Aug 2026 14:45:18.186 * Fork CoW for RDB: current 0 MB, peak 0 MB, average 0 MB
1568:M 31 Aug 2026 14:45:18.203 * Background saving terminated with success
1568:M 31 Aug 2026 14:46:19.080 * 10000 changes in 60 seconds. Saving...
1568:M 31 Aug 2026 14:46:19.081 * Background saving started by pid 19286
19286:C 31 Aug 2026 14:46:19.163 * BGSAVE done, 5 keys saved, 0 keys skipped, 12929914 bytes written.
19286:C 31 Aug 2026 14:46:19.167 * DB saved on disk
19286:C 31 Aug 2026 14:46:19.167 * Fork CoW for RDB: current 0 MB, peak 0 MB, average 0 MB
1568:M 31 Aug 2026 14:46:19.182 * Background saving terminated with success
1568:M 31 Aug 2026 14:47:20.056 * 10000 changes in 60 seconds. Saving...
1568:M 31 Aug 2026 14:47:20.060 * Background saving started by pid 19297
19297:C 31 Aug 2026 14:47:20.160 * BGSAVE done, 5 keys saved, 0 keys skipped, 13260509 bytes written.
19297:C 31 Aug 2026 14:47:20.165 * DB saved on disk
19297:C 31 Aug 2026 14:47:20.165 * Fork CoW for RDB: current 0 MB, peak 0 MB, average 0 MB
1568:M 31 Aug 2026 14:47:20.261 * Background saving terminated with success
1568:M 31 Aug 2026 14:48:21.030 * 10000 changes in 60 seconds. Saving...
1568:M 31 Aug 2026 14:48:21.033 * Background saving started by pid 19308
19308:C 31 Aug 2026 14:48:21.132 * BGSAVE done, 5 keys saved, 0 keys skipped, 13582297 bytes written.
19308:C 31 Aug 2026 14:48:21.137 * DB saved on disk
19308:C 31 Aug 2026 14:48:21.137 * Fork CoW for RDB: current 0 MB, peak 0 MB, average 0 MB
1568:M 31 Aug 2026 14:48:21.235 * Background saving terminated with success
1568:M 31 Aug 2026 14:49:22.050 * 10000 changes in 60 seconds. Saving...
1568:M 31 Aug 2026 14:49:22.054 * Background saving started by pid 19318
19318:C 31 Aug 2026 14:49:22.158 * BGSAVE done, 5 keys saved, 0 keys skipped, 13783022 bytes written.
19318:C 31 Aug 2026 14:49:22.162 * DB saved on disk
19318:C 31 Aug 2026 14:49:22.163 * Fork CoW for RDB: current 0 MB, peak 0 MB, average 0 MB
1568:M 31 Aug 2026 14:49:22.257 * Background saving terminated with success
1568:M 31 Aug 2026 14:50:25.283 * 10000 changes in 60 seconds. Saving...
1568:M 31 Aug 2026 14:50:25.288 * Background saving started by pid 19332
19332:C 31 Aug 2026 14:50:25.396 * BGSAVE done, 5 keys saved, 0 keys skipped, 13969213 bytes written.
19332:C 31 Aug 2026 14:50:25.402 * DB saved on disk
19332:C 31 Aug 2026 14:50:25.402 * Fork CoW for RDB: current 0 MB, peak 0 MB, average 0 MB
1568:M 31 Aug 2026 14:50:25.490 * Background saving terminated with success
1568:M 31 Aug 2026 14:51:26.084 * 10000 changes in 60 seconds. Saving...
1568:M 31 Aug 2026 14:51:26.087 * Background saving started by pid 19370
19370:C 31 Aug 2026 14:51:26.201 * BGSAVE done, 5 keys saved, 0 keys skipped, 14228708 bytes written.
19370:C 31 Aug 2026 14:51:26.206 * DB saved on disk
19370:C 31 Aug 2026 14:51:26.206 * Fork CoW for RDB: current 0 MB, peak 0 MB, average 0 MB
1568:M 31 Aug 2026 14:51:26.288 * Background saving terminated with success
1568:M 31 Aug 2026 14:52:27.042 * 10000 changes in 60 seconds. Saving...
1568:M 31 Aug 2026 14:52:27.046 * Background saving started by pid 19381
19381:C 31 Aug 2026 14:52:27.155 * BGSAVE done, 5 keys saved, 0 keys skipped, 14661015 bytes written.
19381:C 31 Aug 2026 14:52:27.160 * DB saved on disk
19381:C 31 Aug 2026 14:52:27.160 * Fork CoW for RDB: current 0 MB, peak 0 MB, average 0 MB
1568:M 31 Aug 2026 14:52:27.249 * Background saving terminated with success
1568:M 31 Aug 2026 14:53:28.009 * 10000 changes in 60 seconds. Saving...
1568:M 31 Aug 2026 14:53:28.013 * Background saving started by pid 19391
19391:C 31 Aug 2026 14:53:28.127 * BGSAVE done, 5 keys saved, 0 keys skipped, 15012473 bytes written.
19391:C 31 Aug 2026 14:53:28.134 * DB saved on disk
19391:C 31 Aug 2026 14:53:28.135 * Fork CoW for RDB: current 0 MB, peak 0 MB, average 0 MB
1568:M 31 Aug 2026 14:53:28.215 * Background saving terminated with success
1568:M 31 Aug 2026 14:54:29.073 * 10000 changes in 60 seconds. Saving...
1568:M 31 Aug 2026 14:54:29.077 * Background saving started by pid 19736
19736:C 31 Aug 2026 14:54:29.189 * BGSAVE done, 5 keys saved, 0 keys skipped, 15406552 bytes written.
19736:C 31 Aug 2026 14:54:29.195 * DB saved on disk
19736:C 31 Aug 2026 14:54:29.195 * Fork CoW for RDB: current 0 MB, peak 0 MB, average 0 MB
1568:M 31 Aug 2026 14:54:29.279 * Background saving terminated with success
1568:M 31 Aug 2026 14:55:30.072 * 10000 changes in 60 seconds. Saving...
1568:M 31 Aug 2026 14:55:30.076 * Background saving started by pid 22146
22146:C 31 Aug 2026 14:55:30.191 * BGSAVE done, 5 keys saved, 0 keys skipped, 15776932 bytes written.
22146:C 31 Aug 2026 14:55:30.196 * DB saved on disk
22146:C 31 Aug 2026 14:55:30.196 * Fork CoW for RDB: current 0 MB, peak 0 MB, average 0 MB
1568:M 31 Aug 2026 14:55:30.279 * Background saving terminated with success
1568:M 31 Aug 2026 14:56:31.024 * 10000 changes in 60 seconds. Saving...
1568:M 31 Aug 2026 14:56:31.028 * Background saving started by pid 24240
24240:C 31 Aug 2026 14:56:31.145 * BGSAVE done, 5 keys saved, 0 keys skipped, 16209222 bytes written.
24240:C 31 Aug 2026 14:56:31.152 * DB saved on disk
24240:C 31 Aug 2026 14:56:31.152 * Fork CoW for RDB: current 0 MB, peak 0 MB, average 0 MB
1568:M 31 Aug 2026 14:56:31.230 * Background saving terminated with success
1568:M 31 Aug 2026 14:57:32.100 * 10000 changes in 60 seconds. Saving...
1568:M 31 Aug 2026 14:57:32.104 * Background saving started by pid 25574
25574:C 31 Aug 2026 14:57:32.226 * BGSAVE done, 5 keys saved, 0 keys skipped, 16498596 bytes written.
25574:C 31 Aug 2026 14:57:32.230 * DB saved on disk
25574:C 31 Aug 2026 14:57:32.230 * Fork CoW for RDB: current 0 MB, peak 0 MB, average 0 MB
1568:M 31 Aug 2026 14:57:32.307 * Background saving terminated with success
1568:M 31 Aug 2026 14:58:33.096 * 10000 changes in 60 seconds. Saving...
1568:M 31 Aug 2026 14:58:33.100 * Background saving started by pid 26277
26277:C 31 Aug 2026 14:58:33.220 * BGSAVE done, 5 keys saved, 0 keys skipped, 16766216 bytes written.
26277:C 31 Aug 2026 14:58:33.226 * DB saved on disk
26277:C 31 Aug 2026 14:58:33.226 * Fork CoW for RDB: current 0 MB, peak 0 MB, average 0 MB
1568:M 31 Aug 2026 14:58:33.303 * Background saving terminated with success
1568:M 31 Aug 2026 14:59:34.028 * 10000 changes in 60 seconds. Saving...
1568:M 31 Aug 2026 14:59:34.030 * Background saving started by pid 26517
26517:C 31 Aug 2026 14:59:34.162 * BGSAVE done, 5 keys saved, 0 keys skipped, 16980871 bytes written.
26517:C 31 Aug 2026 14:59:34.166 * DB saved on disk
26517:C 31 Aug 2026 14:59:34.166 * Fork CoW for RDB: current 0 MB, peak 0 MB, average 0 MB
1568:M 31 Aug 2026 14:59:34.233 * Background saving terminated with success
1568:M 31 Aug 2026 15:00:35.039 * 10000 changes in 60 seconds. Saving...
1568:M 31 Aug 2026 15:00:35.042 * Background saving started by pid 26742
26742:C 31 Aug 2026 15:00:35.170 * BGSAVE done, 5 keys saved, 0 keys skipped, 17194071 bytes written.
26742:C 31 Aug 2026 15:00:35.175 * DB saved on disk
26742:C 31 Aug 2026 15:00:35.175 * Fork CoW for RDB: current 0 MB, peak 0 MB, average 0 MB
1568:M 31 Aug 2026 15:00:35.245 * Background saving terminated with success
1568:M 31 Aug 2026 15:01:36.020 * 10000 changes in 60 seconds. Saving...
1568:M 31 Aug 2026 15:01:36.021 * Background saving started by pid 27153
27153:C 31 Aug 2026 15:01:36.112 * BGSAVE done, 5 keys saved, 0 keys skipped, 17474446 bytes written.
27153:C 31 Aug 2026 15:01:36.117 * DB saved on disk
27153:C 31 Aug 2026 15:01:36.117 * Fork CoW for RDB: current 0 MB, peak 0 MB, average 0 MB
1568:M 31 Aug 2026 15:01:36.122 * Background saving terminated with success
1568:M 31 Aug 2026 15:02:37.035 * 10000 changes in 60 seconds. Saving...
1568:M 31 Aug 2026 15:02:37.039 * Background saving started by pid 27181
27181:C 31 Aug 2026 15:02:37.165 * BGSAVE done, 5 keys saved, 0 keys skipped, 17679728 bytes written.
27181:C 31 Aug 2026 15:02:37.170 * DB saved on disk
27181:C 31 Aug 2026 15:02:37.171 * Fork CoW for RDB: current 0 MB, peak 0 MB, average 0 MB
1568:M 31 Aug 2026 15:02:37.242 * Background saving terminated with success
1568:M 31 Aug 2026 15:03:38.019 * 10000 changes in 60 seconds. Saving...
1568:M 31 Aug 2026 15:03:38.023 * Background saving started by pid 27193
27193:C 31 Aug 2026 15:03:38.144 * BGSAVE done, 5 keys saved, 0 keys skipped, 17933631 bytes written.
27193:C 31 Aug 2026 15:03:38.149 * DB saved on disk
27193:C 31 Aug 2026 15:03:38.149 * Fork CoW for RDB: current 0 MB, peak 0 MB, average 0 MB
1568:M 31 Aug 2026 15:03:38.225 * Background saving terminated with success
1568:M 31 Aug 2026 15:04:39.032 * 10000 changes in 60 seconds. Saving...
1568:M 31 Aug 2026 15:04:39.037 * Background saving started by pid 27207
27207:C 31 Aug 2026 15:04:39.167 * BGSAVE done, 5 keys saved, 0 keys skipped, 18207475 bytes written.
27207:C 31 Aug 2026 15:04:39.173 * DB saved on disk
27207:C 31 Aug 2026 15:04:39.174 * Fork CoW for RDB: current 0 MB, peak 0 MB, average 0 MB
1568:M 31 Aug 2026 15:04:39.239 * Background saving terminated with success
1568:M 31 Aug 2026 15:05:45.020 * 10000 changes in 60 seconds. Saving...
1568:M 31 Aug 2026 15:05:45.022 * Background saving started by pid 27229
27229:C 31 Aug 2026 15:05:45.134 * BGSAVE done, 5 keys saved, 0 keys skipped, 18394611 bytes written.
27229:C 31 Aug 2026 15:05:45.140 * DB saved on disk
27229:C 31 Aug 2026 15:05:45.140 * Fork CoW for RDB: current 0 MB, peak 0 MB, average 0 MB
1568:M 31 Aug 2026 15:05:45.224 * Background saving terminated with success
1568:M 31 Aug 2026 15:06:46.037 * 10000 changes in 60 seconds. Saving...
1568:M 31 Aug 2026 15:06:46.040 * Background saving started by pid 27243
27243:C 31 Aug 2026 15:06:46.156 * BGSAVE done, 5 keys saved, 0 keys skipped, 18642428 bytes written.
27243:C 31 Aug 2026 15:06:46.162 * DB saved on disk
27243:C 31 Aug 2026 15:06:46.162 * Fork CoW for RDB: current 0 MB, peak 0 MB, average 0 MB
1568:M 31 Aug 2026 15:06:46.243 * Background saving terminated with success
1568:M 31 Aug 2026 15:07:47.011 * 10000 changes in 60 seconds. Saving...
1568:M 31 Aug 2026 15:07:47.015 * Background saving started by pid 27290
27290:C 31 Aug 2026 15:07:47.155 * BGSAVE done, 5 keys saved, 0 keys skipped, 18867449 bytes written.
27290:C 31 Aug 2026 15:07:47.161 * DB saved on disk
27290:C 31 Aug 2026 15:07:47.161 * Fork CoW for RDB: current 0 MB, peak 0 MB, average 0 MB
1568:M 31 Aug 2026 15:07:47.217 * Background saving terminated with success
1568:M 31 Aug 2026 15:08:48.100 * 10000 changes in 60 seconds. Saving...
1568:M 31 Aug 2026 15:08:48.105 * Background saving started by pid 27306
27306:C 31 Aug 2026 15:08:48.236 * BGSAVE done, 5 keys saved, 0 keys skipped, 19110734 bytes written.
27306:C 31 Aug 2026 15:08:48.242 * DB saved on disk
27306:C 31 Aug 2026 15:08:48.242 * Fork CoW for RDB: current 0 MB, peak 0 MB, average 0 MB
1568:M 31 Aug 2026 15:08:48.307 * Background saving terminated with success
1568:M 31 Aug 2026 15:09:50.345 * 10000 changes in 60 seconds. Saving...
1568:M 31 Aug 2026 15:09:50.346 * Background saving started by pid 27331
27331:C 31 Aug 2026 15:09:50.478 * BGSAVE done, 5 keys saved, 0 keys skipped, 19318961 bytes written.
27331:C 31 Aug 2026 15:09:50.485 * DB saved on disk
27331:C 31 Aug 2026 15:09:50.485 * Fork CoW for RDB: current 0 MB, peak 0 MB, average 0 MB
1568:M 31 Aug 2026 15:09:50.548 * Background saving terminated with success
1568:M 31 Aug 2026 15:10:51.059 * 10000 changes in 60 seconds. Saving...
1568:M 31 Aug 2026 15:10:51.063 * Background saving started by pid 27359
27359:C 31 Aug 2026 15:10:51.191 * BGSAVE done, 5 keys saved, 0 keys skipped, 19526736 bytes written.
27359:C 31 Aug 2026 15:10:51.198 * DB saved on disk
27359:C 31 Aug 2026 15:10:51.199 * Fork CoW for RDB: current 0 MB, peak 0 MB, average 0 MB
1568:M 31 Aug 2026 15:10:51.265 * Background saving terminated with success
1568:M 31 Aug 2026 15:12:04.199 * 10000 changes in 60 seconds. Saving...
1568:M 31 Aug 2026 15:12:04.204 * Background saving started by pid 27375
27375:C 31 Aug 2026 15:12:04.339 * BGSAVE done, 5 keys saved, 0 keys skipped, 19723198 bytes written.
27375:C 31 Aug 2026 15:12:04.344 * DB saved on disk
27375:C 31 Aug 2026 15:12:04.344 * Fork CoW for RDB: current 0 MB, peak 0 MB, average 0 MB
1568:M 31 Aug 2026 15:12:04.406 * Background saving terminated with success
1568:M 31 Aug 2026 15:13:07.332 * 10000 changes in 60 seconds. Saving...
1568:M 31 Aug 2026 15:13:07.335 * Background saving started by pid 27393
27393:C 31 Aug 2026 15:13:07.457 * BGSAVE done, 5 keys saved, 0 keys skipped, 19928109 bytes written.
27393:C 31 Aug 2026 15:13:07.463 * DB saved on disk
27393:C 31 Aug 2026 15:13:07.463 * Fork CoW for RDB: current 0 MB, peak 0 MB, average 0 MB
1568:M 31 Aug 2026 15:13:07.538 * Background saving terminated with success
1568:M 31 Aug 2026 15:14:08.001 * 10000 changes in 60 seconds. Saving...
1568:M 31 Aug 2026 15:14:08.003 * Background saving started by pid 27458
27458:C 31 Aug 2026 15:14:08.133 * BGSAVE done, 5 keys saved, 0 keys skipped, 20220113 bytes written.
27458:C 31 Aug 2026 15:14:08.139 * DB saved on disk
27458:C 31 Aug 2026 15:14:08.139 * Fork CoW for RDB: current 0 MB, peak 0 MB, average 0 MB
1568:M 31 Aug 2026 15:14:08.205 * Background saving terminated with success
1568:M 31 Aug 2026 15:15:11.446 * 10000 changes in 60 seconds. Saving...
1568:M 31 Aug 2026 15:15:11.448 * Background saving started by pid 27647
27647:C 31 Aug 2026 15:15:11.569 * BGSAVE done, 5 keys saved, 0 keys skipped, 20405771 bytes written.
27647:C 31 Aug 2026 15:15:11.575 * DB saved on disk
27647:C 31 Aug 2026 15:15:11.575 * Fork CoW for RDB: current 0 MB, peak 0 MB, average 0 MB
1568:M 31 Aug 2026 15:15:11.651 * Background saving terminated with success
1568:M 31 Aug 2026 15:16:12.083 * 10000 changes in 60 seconds. Saving...
1568:M 31 Aug 2026 15:16:12.086 * Background saving started by pid 27686
27686:C 31 Aug 2026 15:16:12.229 * BGSAVE done, 5 keys saved, 0 keys skipped, 20748934 bytes written.
27686:C 31 Aug 2026 15:16:12.235 * DB saved on disk
27686:C 31 Aug 2026 15:16:12.235 * Fork CoW for RDB: current 0 MB, peak 0 MB, average 0 MB
1568:M 31 Aug 2026 15:16:12.289 * Background saving terminated with success
1568:M 31 Aug 2026 15:17:13.019 * 10000 changes in 60 seconds. Saving...
1568:M 31 Aug 2026 15:17:13.023 * Background saving started by pid 27721
27721:C 31 Aug 2026 15:17:13.171 * BGSAVE done, 5 keys saved, 0 keys skipped, 21151842 bytes written.
27721:C 31 Aug 2026 15:17:13.175 * DB saved on disk
27721:C 31 Aug 2026 15:17:13.175 * Fork CoW for RDB: current 0 MB, peak 0 MB, average 0 MB
1568:M 31 Aug 2026 15:17:13.226 * Background saving terminated with success
1568:M 31 Aug 2026 15:18:14.096 * 10000 changes in 60 seconds. Saving...
1568:M 31 Aug 2026 15:18:14.099 * Background saving started by pid 27744
27744:C 31 Aug 2026 15:18:14.245 * BGSAVE done, 5 keys saved, 0 keys skipped, 21408841 bytes written.
27744:C 31 Aug 2026 15:18:14.250 * DB saved on disk
27744:C 31 Aug 2026 15:18:14.250 * Fork CoW for RDB: current 0 MB, peak 0 MB, average 0 MB
1568:M 31 Aug 2026 15:18:14.302 * Background saving terminated with success
1568:M 31 Aug 2026 15:19:15.072 * 10000 changes in 60 seconds. Saving...
1568:M 31 Aug 2026 15:19:15.076 * Background saving started by pid 27776
27776:C 31 Aug 2026 15:19:15.220 * BGSAVE done, 5 keys saved, 0 keys skipped, 21718435 bytes written.
27776:C 31 Aug 2026 15:19:15.225 * DB saved on disk
27776:C 31 Aug 2026 15:19:15.225 * Fork CoW for RDB: current 0 MB, peak 0 MB, average 0 MB
1568:M 31 Aug 2026 15:19:15.279 * Background saving terminated with success
1568:M 31 Aug 2026 15:20:16.068 * 10000 changes in 60 seconds. Saving...
1568:M 31 Aug 2026 15:20:16.073 * Background saving started by pid 27795
27795:C 31 Aug 2026 15:20:16.226 * BGSAVE done, 5 keys saved, 0 keys skipped, 21939894 bytes written.
27795:C 31 Aug 2026 15:20:16.231 * DB saved on disk
27795:C 31 Aug 2026 15:20:16.231 * Fork CoW for RDB: current 0 MB, peak 0 MB, average 0 MB
1568:M 31 Aug 2026 15:20:16.275 * Background saving terminated with success
1568:M 31 Aug 2026 15:21:17.007 * 10000 changes in 60 seconds. Saving...
1568:M 31 Aug 2026 15:21:17.011 * Background saving started by pid 27823
27823:C 31 Aug 2026 15:21:17.166 * BGSAVE done, 5 keys saved, 0 keys skipped, 22278940 bytes written.
27823:C 31 Aug 2026 15:21:17.171 * DB saved on disk
27823:C 31 Aug 2026 15:21:17.171 * Fork CoW for RDB: current 0 MB, peak 0 MB, average 0 MB
1568:M 31 Aug 2026 15:21:17.213 * Background saving terminated with success
1568:M 31 Aug 2026 15:22:18.076 * 10000 changes in 60 seconds. Saving...
1568:M 31 Aug 2026 15:22:18.079 * Background saving started by pid 27851
27851:C 31 Aug 2026 15:22:18.226 * BGSAVE done, 5 keys saved, 0 keys skipped, 22512319 bytes written.
27851:C 31 Aug 2026 15:22:18.232 * DB saved on disk
27851:C 31 Aug 2026 15:22:18.232 * Fork CoW for RDB: current 0 MB, peak 0 MB, average 0 MB
1568:M 31 Aug 2026 15:22:18.282 * Background saving terminated with success
1568:M 31 Aug 2026 15:23:24.968 * 10000 changes in 60 seconds. Saving...
1568:M 31 Aug 2026 15:23:24.971 * Background saving started by pid 27924
27924:C 31 Aug 2026 15:23:25.133 * BGSAVE done, 5 keys saved, 0 keys skipped, 22701570 bytes written.
27924:C 31 Aug 2026 15:23:25.139 * DB saved on disk
27924:C 31 Aug 2026 15:23:25.140 * Fork CoW for RDB: current 0 MB, peak 0 MB, average 0 MB
1568:M 31 Aug 2026 15:23:25.174 * Background saving terminated with success
1568:M 31 Aug 2026 15:24:27.918 * 10000 changes in 60 seconds. Saving...
1568:M 31 Aug 2026 15:24:27.920 * Background saving started by pid 28292
28292:C 31 Aug 2026 15:24:28.060 * BGSAVE done, 5 keys saved, 0 keys skipped, 22905463 bytes written.
28292:C 31 Aug 2026 15:24:28.066 * DB saved on disk
28292:C 31 Aug 2026 15:24:28.066 * Fork CoW for RDB: current 0 MB, peak 0 MB, average 0 MB
1568:M 31 Aug 2026 15:24:28.122 * Background saving terminated with success
1568:M 31 Aug 2026 15:25:29.046 * 10000 changes in 60 seconds. Saving...
1568:M 31 Aug 2026 15:25:29.050 * Background saving started by pid 28816
28816:C 31 Aug 2026 15:25:29.205 * BGSAVE done, 5 keys saved, 0 keys skipped, 23099877 bytes written.
28816:C 31 Aug 2026 15:25:29.211 * DB saved on disk
28816:C 31 Aug 2026 15:25:29.211 * Fork CoW for RDB: current 0 MB, peak 0 MB, average 0 MB
1568:M 31 Aug 2026 15:25:29.253 * Background saving terminated with success
1568:M 31 Aug 2026 15:26:30.063 * 10000 changes in 60 seconds. Saving...
1568:M 31 Aug 2026 15:26:30.067 * Background saving started by pid 28830
28830:C 31 Aug 2026 15:26:30.226 * BGSAVE done, 5 keys saved, 0 keys skipped, 23261476 bytes written.
28830:C 31 Aug 2026 15:26:30.233 * DB saved on disk
28830:C 31 Aug 2026 15:26:30.233 * Fork CoW for RDB: current 0 MB, peak 0 MB, average 0 MB
1568:M 31 Aug 2026 15:26:30.270 * Background saving terminated with success
1568:M 31 Aug 2026 15:27:46.072 * 10000 changes in 60 seconds. Saving...
1568:M 31 Aug 2026 15:27:46.073 * Background saving started by pid 28852
28852:C 31 Aug 2026 15:27:46.215 * BGSAVE done, 5 keys saved, 0 keys skipped, 23450014 bytes written.
28852:C 31 Aug 2026 15:27:46.219 * DB saved on disk
28852:C 31 Aug 2026 15:27:46.219 * Fork CoW for RDB: current 0 MB, peak 0 MB, average 0 MB
1568:M 31 Aug 2026 15:27:46.275 * Background saving terminated with success
1568:M 31 Aug 2026 15:28:03.207 * User requested shutdown...
1568:M 31 Aug 2026 15:28:03.207 * Saving the final RDB snapshot before exiting.
1568:M 31 Aug 2026 15:28:03.329 * BGSAVE done, 5 keys saved, 0 keys skipped, 23490441 bytes written.
1568:M 31 Aug 2026 15:28:03.335 * DB saved on disk
1568:M 31 Aug 2026 15:28:03.335 * Removing the pid file.
1568:M 31 Aug 2026 15:28:03.335 # Redis is now ready to exit, bye bye...
29035:C 31 Aug 2026 15:28:06.261 * oO0OoO0OoO0Oo Redis is starting oO0OoO0OoO0Oo
29035:C 31 Aug 2026 15:28:06.262 * Redis version=8.10.0, bits=64, commit=00000000, modified=1, pid=29035, just started
29035:C 31 Aug 2026 15:28:06.262 * Configuration loaded
29035:M 31 Aug 2026 15:28:06.262 * monotonic clock: ARM CNTVCT @ 24 ticks/us
29035:M 31 Aug 2026 15:28:06.263 # Failed to write PID file: Permission denied
29035:M 31 Aug 2026 15:28:06.263 * Running mode=standalone, port=6379.
29035:M 31 Aug 2026 15:28:06.263 # WARNING: The TCP backlog setting of 511 cannot be enforced because kern.ipc.somaxconn is set to the lower value of 128.
29035:M 31 Aug 2026 15:28:06.264 * Server initialized
29035:M 31 Aug 2026 15:28:06.264 * Loading RDB produced by version 8.10.0
29035:M 31 Aug 2026 15:28:06.264 * RDB age 3 seconds
29035:M 31 Aug 2026 15:28:06.264 * RDB memory usage when created 84.20 Mb
29035:M 31 Aug 2026 15:28:06.321 * Done loading RDB, keys loaded: 5, keys expired: 0.
29035:M 31 Aug 2026 15:28:06.322 * DB loaded from disk: 0.058 seconds
29035:M 31 Aug 2026 15:28:06.322 * Ready to accept connections tcp
29035:M 31 Aug 2026 15:28:06.322 # WARNING: Redis does not require authentication. Redis will accept connections from any local client.
29557:C 31 Aug 2026 15:29:14.280 * oO0OoO0OoO0Oo Redis is starting oO0OoO0OoO0Oo
29557:C 31 Aug 2026 15:29:14.280 * Redis version=8.10.0, bits=64, commit=00000000, modified=1, pid=29557, just started
29557:C 31 Aug 2026 15:29:14.280 * Configuration loaded
29557:M 31 Aug 2026 15:29:14.281 * monotonic clock: ARM CNTVCT @ 24 ticks/us
29557:M 31 Aug 2026 15:29:14.281 # Failed to write PID file: Permission denied
29557:M 31 Aug 2026 15:29:14.281 * Running mode=standalone, port=6379.
29557:M 31 Aug 2026 15:29:14.282 # WARNING: The TCP backlog setting of 511 cannot be enforced because kern.ipc.somaxconn is set to the lower value of 128.
29557:M 31 Aug 2026 15:29:14.282 * Server initialized
29557:M 31 Aug 2026 15:29:14.282 * Loading RDB produced by version 8.10.0
29557:M 31 Aug 2026 15:29:14.282 * RDB age 71 seconds
29557:M 31 Aug 2026 15:29:14.282 * RDB memory usage when created 84.20 Mb
29557:M 31 Aug 2026 15:29:14.341 * Done loading RDB, keys loaded: 3, keys expired: 2.
29557:M 31 Aug 2026 15:29:14.341 * DB loaded from disk: 0.059 seconds
29557:M 31 Aug 2026 15:29:14.341 * Ready to accept connections tcp
29557:M 31 Aug 2026 15:29:14.342 # WARNING: Redis does not require authentication. Redis will accept connections from any local client.
29557:M 31 Aug 2026 15:30:46.020 * User requested shutdown...
29557:M 31 Aug 2026 15:30:46.020 * Saving the final RDB snapshot before exiting.
29557:M 31 Aug 2026 15:30:46.147 * BGSAVE done, 3 keys saved, 0 keys skipped, 23490206 bytes written.
29557:M 31 Aug 2026 15:30:46.152 * DB saved on disk
29557:M 31 Aug 2026 15:30:46.152 * Removing the pid file.
29557:M 31 Aug 2026 15:30:46.152 # Redis is now ready to exit, bye bye...
30307:C 31 Aug 2026 15:30:51.749 * oO0OoO0OoO0Oo Redis is starting oO0OoO0OoO0Oo
30307:C 31 Aug 2026 15:30:51.749 * Redis version=8.10.0, bits=64, commit=00000000, modified=1, pid=30307, just started
30307:C 31 Aug 2026 15:30:51.749 * Configuration loaded
30307:M 31 Aug 2026 15:30:51.749 * monotonic clock: ARM CNTVCT @ 24 ticks/us
30307:M 31 Aug 2026 15:30:51.750 # Failed to write PID file: Permission denied
30307:M 31 Aug 2026 15:30:51.750 * Running mode=standalone, port=6379.
30307:M 31 Aug 2026 15:30:51.750 # WARNING: The TCP backlog setting of 511 cannot be enforced because kern.ipc.somaxconn is set to the lower value of 128.
30307:M 31 Aug 2026 15:30:51.750 * Server initialized
30307:M 31 Aug 2026 15:30:51.750 * Loading RDB produced by version 8.10.0
30307:M 31 Aug 2026 15:30:51.750 * RDB age 5 seconds
30307:M 31 Aug 2026 15:30:51.750 * RDB memory usage when created 84.02 Mb
30307:M 31 Aug 2026 15:30:51.807 * Done loading RDB, keys loaded: 3, keys expired: 0.
30307:M 31 Aug 2026 15:30:51.807 * DB loaded from disk: 0.057 seconds
30307:M 31 Aug 2026 15:30:51.807 * Ready to accept connections tcp
30307:M 31 Aug 2026 15:30:51.807 # WARNING: Redis does not require authentication. Redis will accept connections from any local client.
30691:C 31 Aug 2026 15:31:27.318 * oO0OoO0OoO0Oo Redis is starting oO0OoO0OoO0Oo
30691:C 31 Aug 2026 15:31:27.318 * Redis version=8.10.0, bits=64, commit=00000000, modified=1, pid=30691, just started
30691:C 31 Aug 2026 15:31:27.318 * Configuration loaded
30691:M 31 Aug 2026 15:31:27.318 * monotonic clock: ARM CNTVCT @ 24 ticks/us
30691:M 31 Aug 2026 15:31:27.319 # Failed to write PID file: Permission denied
30691:M 31 Aug 2026 15:31:27.319 * Running mode=standalone, port=6379.
30691:M 31 Aug 2026 15:31:27.319 # WARNING: The TCP backlog setting of 511 cannot be enforced because kern.ipc.somaxconn is set to the lower value of 128.
30691:M 31 Aug 2026 15:31:27.319 * Server initialized
30691:M 31 Aug 2026 15:31:27.319 * Loading RDB produced by version 8.10.0
30691:M 31 Aug 2026 15:31:27.319 * RDB age 41 seconds
30691:M 31 Aug 2026 15:31:27.319 * RDB memory usage when created 84.02 Mb
30691:M 31 Aug 2026 15:31:27.379 * Done loading RDB, keys loaded: 3, keys expired: 0.
30691:M 31 Aug 2026 15:31:27.379 * DB loaded from disk: 0.060 seconds
30691:M 31 Aug 2026 15:31:27.379 * Ready to accept connections tcp
30691:M 31 Aug 2026 15:31:27.379 # WARNING: Redis does not require authentication. Redis will accept connections from any local client.
30691:M 31 Aug 2026 15:33:26.642 * 10000 changes in 60 seconds. Saving...
30691:M 31 Aug 2026 15:33:26.643 * Background saving started by pid 31408
31408:C 31 Aug 2026 15:33:26.799 * BGSAVE done, 5 keys saved, 0 keys skipped, 23547866 bytes written.
31408:C 31 Aug 2026 15:33:26.804 * DB saved on disk
31408:C 31 Aug 2026 15:33:26.804 * Fork CoW for RDB: current 0 MB, peak 0 MB, average 0 MB
30691:M 31 Aug 2026 15:33:26.845 * Background saving terminated with success
30691:M 31 Aug 2026 15:35:47.971 * 10000 changes in 60 seconds. Saving...
30691:M 31 Aug 2026 15:35:47.973 * Background saving started by pid 31725
31725:C 31 Aug 2026 15:35:48.097 * BGSAVE done, 6 keys saved, 0 keys skipped, 23646107 bytes written.
31725:C 31 Aug 2026 15:35:48.099 * DB saved on disk
31725:C 31 Aug 2026 15:35:48.099 * Fork CoW for RDB: current 0 MB, peak 0 MB, average 0 MB
30691:M 31 Aug 2026 15:35:48.174 * Background saving terminated with success
30691:M 31 Aug 2026 15:36:58.870 * 10000 changes in 60 seconds. Saving...
30691:M 31 Aug 2026 15:36:58.873 * Background saving started by pid 31786
31786:C 31 Aug 2026 15:36:59.028 * BGSAVE done, 6 keys saved, 0 keys skipped, 23719753 bytes written.
31786:C 31 Aug 2026 15:36:59.033 * DB saved on disk
31786:C 31 Aug 2026 15:36:59.033 * Fork CoW for RDB: current 0 MB, peak 0 MB, average 0 MB
30691:M 31 Aug 2026 15:36:59.076 * Background saving terminated with success
30691:M 31 Aug 2026 15:38:17.052 * 10000 changes in 60 seconds. Saving...
30691:M 31 Aug 2026 15:38:17.055 * Background saving started by pid 31843
31843:C 31 Aug 2026 15:38:17.195 * BGSAVE done, 6 keys saved, 0 keys skipped, 23781961 bytes written.
31843:C 31 Aug 2026 15:38:17.201 * DB saved on disk
31843:C 31 Aug 2026 15:38:17.201 * Fork CoW for RDB: current 0 MB, peak 0 MB, average 0 MB
30691:M 31 Aug 2026 15:38:17.258 * Background saving terminated with success
30691:M 31 Aug 2026 15:38:50.710 * User requested shutdown...
30691:M 31 Aug 2026 15:38:50.710 * Saving the final RDB snapshot before exiting.
30691:M 31 Aug 2026 15:38:50.829 * BGSAVE done, 5 keys saved, 0 keys skipped, 23801849 bytes written.
30691:M 31 Aug 2026 15:38:50.835 * DB saved on disk
30691:M 31 Aug 2026 15:38:50.835 * Removing the pid file.
30691:M 31 Aug 2026 15:38:50.835 # Redis is now ready to exit, bye bye...
32063:C 31 Aug 2026 15:38:53.586 * oO0OoO0OoO0Oo Redis is starting oO0OoO0OoO0Oo
32063:C 31 Aug 2026 15:38:53.586 * Redis version=8.10.0, bits=64, commit=00000000, modified=1, pid=32063, just started
32063:C 31 Aug 2026 15:38:53.586 * Configuration loaded
32063:M 31 Aug 2026 15:38:53.587 * monotonic clock: ARM CNTVCT @ 24 ticks/us
32063:M 31 Aug 2026 15:38:53.587 # Failed to write PID file: Permission denied
32063:M 31 Aug 2026 15:38:53.587 * Running mode=standalone, port=6379.
32063:M 31 Aug 2026 15:38:53.587 # WARNING: The TCP backlog setting of 511 cannot be enforced because kern.ipc.somaxconn is set to the lower value of 128.
32063:M 31 Aug 2026 15:38:53.588 * Server initialized
32063:M 31 Aug 2026 15:38:53.588 * Loading RDB produced by version 8.10.0
32063:M 31 Aug 2026 15:38:53.588 * RDB age 3 seconds
32063:M 31 Aug 2026 15:38:53.588 * RDB memory usage when created 85.22 Mb
32063:M 31 Aug 2026 15:38:53.645 * Done loading RDB, keys loaded: 5, keys expired: 0.
32063:M 31 Aug 2026 15:38:53.645 * DB loaded from disk: 0.058 seconds
32063:M 31 Aug 2026 15:38:53.645 * Ready to accept connections tcp
32063:M 31 Aug 2026 15:38:53.645 # WARNING: Redis does not require authentication. Redis will accept connections from any local client.
33127:C 31 Aug 2026 15:40:29.060 * oO0OoO0OoO0Oo Redis is starting oO0OoO0OoO0Oo
33127:C 31 Aug 2026 15:40:29.060 * Redis version=8.10.0, bits=64, commit=00000000, modified=1, pid=33127, just started
33127:C 31 Aug 2026 15:40:29.060 * Configuration loaded
33127:M 31 Aug 2026 15:40:29.061 * monotonic clock: ARM CNTVCT @ 24 ticks/us
33127:M 31 Aug 2026 15:40:29.062 # Failed to write PID file: Permission denied
33127:M 31 Aug 2026 15:40:29.062 * Running mode=standalone, port=6379.
33127:M 31 Aug 2026 15:40:29.062 # WARNING: The TCP backlog setting of 511 cannot be enforced because kern.ipc.somaxconn is set to the lower value of 128.
33127:M 31 Aug 2026 15:40:29.063 * Server initialized
33127:M 31 Aug 2026 15:40:29.064 * Loading RDB produced by version 8.10.0
33127:M 31 Aug 2026 15:40:29.064 * RDB age 99 seconds
33127:M 31 Aug 2026 15:40:29.064 * RDB memory usage when created 85.22 Mb
33127:M 31 Aug 2026 15:40:29.125 * Done loading RDB, keys loaded: 2, keys expired: 3.
33127:M 31 Aug 2026 15:40:29.126 * DB loaded from disk: 0.062 seconds
33127:M 31 Aug 2026 15:40:29.126 * Ready to accept connections tcp
33127:M 31 Aug 2026 15:40:29.126 # WARNING: Redis does not require authentication. Redis will accept connections from any local client.
33127:M 31 Aug 2026 15:42:29.873 * 10000 changes in 60 seconds. Saving...
33127:M 31 Aug 2026 15:42:29.875 * Background saving started by pid 33922
33922:C 31 Aug 2026 15:42:30.038 * BGSAVE done, 6 keys saved, 0 keys skipped, 23906835 bytes written.
33922:C 31 Aug 2026 15:42:30.044 * DB saved on disk
33922:C 31 Aug 2026 15:42:30.044 * Fork CoW for RDB: current 0 MB, peak 0 MB, average 0 MB
33127:M 31 Aug 2026 15:42:30.077 * Background saving terminated with success
33127:M 31 Aug 2026 15:44:43.493 * 10000 changes in 60 seconds. Saving...
33127:M 31 Aug 2026 15:44:43.496 * Background saving started by pid 34117
34117:C 31 Aug 2026 15:44:43.640 * BGSAVE done, 6 keys saved, 0 keys skipped, 24014117 bytes written.
34117:C 31 Aug 2026 15:44:43.643 * DB saved on disk
34117:C 31 Aug 2026 15:44:43.643 * Fork CoW for RDB: current 0 MB, peak 0 MB, average 0 MB
33127:M 31 Aug 2026 15:44:43.698 * Background saving terminated with success
33127:M 31 Aug 2026 15:45:44.079 * 10000 changes in 60 seconds. Saving...
33127:M 31 Aug 2026 15:45:44.083 * Background saving started by pid 34163
34163:C 31 Aug 2026 15:45:44.237 * BGSAVE done, 6 keys saved, 0 keys skipped, 24133010 bytes written.
34163:C 31 Aug 2026 15:45:44.242 * DB saved on disk
34163:C 31 Aug 2026 15:45:44.242 * Fork CoW for RDB: current 0 MB, peak 0 MB, average 0 MB
33127:M 31 Aug 2026 15:45:44.285 * Background saving terminated with success
33127:M 31 Aug 2026 15:50:45.081 * 100 changes in 300 seconds. Saving...
33127:M 31 Aug 2026 15:50:45.084 * Background saving started by pid 34712
34712:C 31 Aug 2026 15:50:45.250 * BGSAVE done, 3 keys saved, 0 keys skipped, 24150781 bytes written.
34712:C 31 Aug 2026 15:50:45.256 * DB saved on disk
34712:C 31 Aug 2026 15:50:45.256 * Fork CoW for RDB: current 0 MB, peak 0 MB, average 0 MB
33127:M 31 Aug 2026 15:50:45.287 * Background saving terminated with success
33127:M 31 Aug 2026 15:52:58.216 * 10000 changes in 60 seconds. Saving...
33127:M 31 Aug 2026 15:52:58.221 * Background saving started by pid 34989
34989:C 31 Aug 2026 15:52:58.395 * BGSAVE done, 17 keys saved, 0 keys skipped, 24234435 bytes written.
34989:C 31 Aug 2026 15:52:58.402 * DB saved on disk
34989:C 31 Aug 2026 15:52:58.402 * Fork CoW for RDB: current 0 MB, peak 0 MB, average 0 MB
33127:M 31 Aug 2026 15:52:58.422 * Background saving terminated with success
33127:M 31 Aug 2026 15:53:59.094 * 10000 changes in 60 seconds. Saving...
33127:M 31 Aug 2026 15:53:59.098 * Background saving started by pid 35026
35026:C 31 Aug 2026 15:53:59.257 * BGSAVE done, 17 keys saved, 0 keys skipped, 24323424 bytes written.
35026:C 31 Aug 2026 15:53:59.265 * DB saved on disk
35026:C 31 Aug 2026 15:53:59.265 * Fork CoW for RDB: current 0 MB, peak 0 MB, average 0 MB
33127:M 31 Aug 2026 15:53:59.301 * Background saving terminated with success
33127:M 31 Aug 2026 15:55:00.086 * 10000 changes in 60 seconds. Saving...
33127:M 31 Aug 2026 15:55:00.088 * Background saving started by pid 35077
35077:C 31 Aug 2026 15:55:00.258 * BGSAVE done, 17 keys saved, 0 keys skipped, 24417620 bytes written.
35077:C 31 Aug 2026 15:55:00.265 * DB saved on disk
35077:C 31 Aug 2026 15:55:00.265 * Fork CoW for RDB: current 0 MB, peak 0 MB, average 0 MB
33127:M 31 Aug 2026 15:55:00.290 * Background saving terminated with success
33127:M 31 Aug 2026 15:56:02.923 * 10000 changes in 60 seconds. Saving...
33127:M 31 Aug 2026 15:56:02.927 * Background saving started by pid 35109
35109:C 31 Aug 2026 15:56:03.088 * BGSAVE done, 17 keys saved, 0 keys skipped, 24523023 bytes written.
35109:C 31 Aug 2026 15:56:03.095 * DB saved on disk
35109:C 31 Aug 2026 15:56:03.095 * Fork CoW for RDB: current 0 MB, peak 0 MB, average 0 MB
33127:M 31 Aug 2026 15:56:03.130 * Background saving terminated with success
33127:M 31 Aug 2026 15:57:04.013 * 10000 changes in 60 seconds. Saving...
33127:M 31 Aug 2026 15:57:04.017 * Background saving started by pid 35143
35143:C 31 Aug 2026 15:57:04.173 * BGSAVE done, 18 keys saved, 0 keys skipped, 24616435 bytes written.
35143:C 31 Aug 2026 15:57:04.180 * DB saved on disk
35143:C 31 Aug 2026 15:57:04.180 * Fork CoW for RDB: current 0 MB, peak 0 MB, average 0 MB
33127:M 31 Aug 2026 15:57:04.219 * Background saving terminated with success
33127:M 31 Aug 2026 15:58:14.124 * 10000 changes in 60 seconds. Saving...
33127:M 31 Aug 2026 15:58:14.128 * Background saving started by pid 35180
35180:C 31 Aug 2026 15:58:14.280 * BGSAVE done, 18 keys saved, 0 keys skipped, 24698129 bytes written.
35180:C 31 Aug 2026 15:58:14.284 * DB saved on disk
35180:C 31 Aug 2026 15:58:14.284 * Fork CoW for RDB: current 0 MB, peak 0 MB, average 0 MB
33127:M 31 Aug 2026 15:58:14.330 * Background saving terminated with success
33127:M 31 Aug 2026 16:00:02.256 * 10000 changes in 60 seconds. Saving...
33127:M 31 Aug 2026 16:00:02.260 * Background saving started by pid 35237
35237:C 31 Aug 2026 16:00:02.413 * BGSAVE done, 18 keys saved, 0 keys skipped, 24776675 bytes written.
35237:C 31 Aug 2026 16:00:02.420 * DB saved on disk
35237:C 31 Aug 2026 16:00:02.420 * Fork CoW for RDB: current 0 MB, peak 0 MB, average 0 MB
33127:M 31 Aug 2026 16:00:02.461 * Background saving terminated with success
33127:M 31 Aug 2026 16:01:03.010 * 10000 changes in 60 seconds. Saving...
33127:M 31 Aug 2026 16:01:03.014 * Background saving started by pid 35268
35268:C 31 Aug 2026 16:01:03.171 * BGSAVE done, 18 keys saved, 0 keys skipped, 24842537 bytes written.
35268:C 31 Aug 2026 16:01:03.178 * DB saved on disk
35268:C 31 Aug 2026 16:01:03.178 * Fork CoW for RDB: current 0 MB, peak 0 MB, average 0 MB
33127:M 31 Aug 2026 16:01:03.216 * Background saving terminated with success
33127:M 31 Aug 2026 16:10:10.130 * 100 changes in 300 seconds. Saving...
33127:M 31 Aug 2026 16:10:10.203 * Background saving started by pid 35298
35298:C 31 Aug 2026 16:10:10.471 * BGSAVE done, 1 keys saved, 0 keys skipped, 24881726 bytes written.
35298:C 31 Aug 2026 16:10:10.479 * DB saved on disk
35298:C 31 Aug 2026 16:10:10.480 * Fork CoW for RDB: current 0 MB, peak 0 MB, average 0 MB
33127:M 31 Aug 2026 16:10:10.516 * Background saving terminated with success
33127:M 31 Aug 2026 16:20:37.404 * 100 changes in 300 seconds. Saving...
33127:M 31 Aug 2026 16:20:37.476 * Background saving started by pid 35428
35428:C 31 Aug 2026 16:20:37.625 * BGSAVE done, 1 keys saved, 0 keys skipped, 24900714 bytes written.
35428:C 31 Aug 2026 16:20:37.630 * DB saved on disk
35428:C 31 Aug 2026 16:20:37.630 * Fork CoW for RDB: current 0 MB, peak 0 MB, average 0 MB
33127:M 31 Aug 2026 16:20:37.680 * Background saving terminated with success
33127:M 01 Sep 2026 00:45:57.874 * 1 changes in 3600 seconds. Saving...
33127:M 01 Sep 2026 00:45:57.875 * Background saving started by pid 38698
38698:C 01 Sep 2026 00:45:58.018 * BGSAVE done, 3 keys saved, 0 keys skipped, 24905179 bytes written.
38698:C 01 Sep 2026 00:45:58.023 * DB saved on disk
38698:C 01 Sep 2026 00:45:58.023 * Fork CoW for RDB: current 0 MB, peak 0 MB, average 0 MB
33127:M 01 Sep 2026 00:45:58.076 * Background saving terminated with success
33127:M 01 Sep 2026 00:46:59.016 * 10000 changes in 60 seconds. Saving...
33127:M 01 Sep 2026 00:46:59.020 * Background saving started by pid 38769
38769:C 01 Sep 2026 00:46:59.170 * BGSAVE done, 17 keys saved, 0 keys skipped, 24969712 bytes written.
38769:C 01 Sep 2026 00:46:59.177 * DB saved on disk
38769:C 01 Sep 2026 00:46:59.177 * Fork CoW for RDB: current 0 MB, peak 0 MB, average 0 MB
33127:M 01 Sep 2026 00:46:59.222 * Background saving terminated with success
33127:M 01 Sep 2026 00:48:00.049 * 10000 changes in 60 seconds. Saving...
33127:M 01 Sep 2026 00:48:00.050 * Background saving started by pid 38809
38809:C 01 Sep 2026 00:48:00.224 * BGSAVE done, 17 keys saved, 0 keys skipped, 25064620 bytes written.
38809:C 01 Sep 2026 00:48:00.235 * DB saved on disk
38809:C 01 Sep 2026 00:48:00.235 * Fork CoW for RDB: current 0 MB, peak 0 MB, average 0 MB
33127:M 01 Sep 2026 00:48:00.252 * Background saving terminated with success
33127:M 01 Sep 2026 00:49:01.066 * 10000 changes in 60 seconds. Saving...
33127:M 01 Sep 2026 00:49:01.067 * Background saving started by pid 38849
38849:C 01 Sep 2026 00:49:01.210 * BGSAVE done, 17 keys saved, 0 keys skipped, 25185347 bytes written.
38849:C 01 Sep 2026 00:49:01.215 * DB saved on disk
38849:C 01 Sep 2026 00:49:01.215 * Fork CoW for RDB: current 0 MB, peak 0 MB, average 0 MB
33127:M 01 Sep 2026 00:49:01.269 * Background saving terminated with success
33127:M 01 Sep 2026 00:50:02.079 * 10000 changes in 60 seconds. Saving...
33127:M 01 Sep 2026 00:50:02.083 * Background saving started by pid 38903
38903:C 01 Sep 2026 00:50:02.251 * BGSAVE done, 17 keys saved, 0 keys skipped, 25284957 bytes written.
38903:C 01 Sep 2026 00:50:02.255 * DB saved on disk
38903:C 01 Sep 2026 00:50:02.255 * Fork CoW for RDB: current 0 MB, peak 0 MB, average 0 MB
33127:M 01 Sep 2026 00:50:02.286 * Background saving terminated with success
33127:M 01 Sep 2026 00:51:03.007 * 10000 changes in 60 seconds. Saving...
33127:M 01 Sep 2026 00:51:03.011 * Background saving started by pid 38983
38983:C 01 Sep 2026 00:51:03.184 * BGSAVE done, 17 keys saved, 0 keys skipped, 25382797 bytes written.
38983:C 01 Sep 2026 00:51:03.188 * DB saved on disk
38983:C 01 Sep 2026 00:51:03.188 * Fork CoW for RDB: current 0 MB, peak 0 MB, average 0 MB
33127:M 01 Sep 2026 00:51:03.213 * Background saving terminated with success
33127:M 01 Sep 2026 00:52:04.057 * 10000 changes in 60 seconds. Saving...
33127:M 01 Sep 2026 00:52:04.061 * Background saving started by pid 39026
39026:C 01 Sep 2026 00:52:04.223 * BGSAVE done, 17 keys saved, 0 keys skipped, 25475388 bytes written.
39026:C 01 Sep 2026 00:52:04.227 * DB saved on disk
39026:C 01 Sep 2026 00:52:04.227 * Fork CoW for RDB: current 0 MB, peak 0 MB, average 0 MB
33127:M 01 Sep 2026 00:52:04.263 * Background saving terminated with success
33127:M 01 Sep 2026 00:53:05.096 * 10000 changes in 60 seconds. Saving...
33127:M 01 Sep 2026 00:53:05.098 * Background saving started by pid 39073
39073:C 01 Sep 2026 00:53:05.263 * BGSAVE done, 17 keys saved, 0 keys skipped, 25584236 bytes written.
39073:C 01 Sep 2026 00:53:05.267 * DB saved on disk
39073:C 01 Sep 2026 00:53:05.268 * Fork CoW for RDB: current 0 MB, peak 0 MB, average 0 MB
33127:M 01 Sep 2026 00:53:05.301 * Background saving terminated with success
33127:M 01 Sep 2026 00:54:06.043 * 10000 changes in 60 seconds. Saving...
33127:M 01 Sep 2026 00:54:06.044 * Background saving started by pid 39107
39107:C 01 Sep 2026 00:54:06.206 * BGSAVE done, 17 keys saved, 0 keys skipped, 25717775 bytes written.
39107:C 01 Sep 2026 00:54:06.210 * DB saved on disk
39107:C 01 Sep 2026 00:54:06.211 * Fork CoW for RDB: current 0 MB, peak 0 MB, average 0 MB
33127:M 01 Sep 2026 00:54:06.246 * Background saving terminated with success
33127:M 01 Sep 2026 00:55:07.099 * 10000 changes in 60 seconds. Saving...
33127:M 01 Sep 2026 00:55:07.103 * Background saving started by pid 39141
39141:C 01 Sep 2026 00:55:07.270 * BGSAVE done, 17 keys saved, 0 keys skipped, 25842452 bytes written.
39141:C 01 Sep 2026 00:55:07.276 * DB saved on disk
39141:C 01 Sep 2026 00:55:07.276 * Fork CoW for RDB: current 0 MB, peak 0 MB, average 0 MB
33127:M 01 Sep 2026 00:55:07.306 * Background saving terminated with success
33127:M 01 Sep 2026 00:56:22.128 * 10000 changes in 60 seconds. Saving...
33127:M 01 Sep 2026 00:56:22.131 * Background saving started by pid 39184
39184:C 01 Sep 2026 00:56:22.297 * BGSAVE done, 17 keys saved, 0 keys skipped, 25932622 bytes written.
39184:C 01 Sep 2026 00:56:22.302 * DB saved on disk
39184:C 01 Sep 2026 00:56:22.302 * Fork CoW for RDB: current 0 MB, peak 0 MB, average 0 MB
33127:M 01 Sep 2026 00:56:22.335 * Background saving terminated with success
33127:M 01 Sep 2026 00:57:34.007 * 10000 changes in 60 seconds. Saving...
33127:M 01 Sep 2026 00:57:34.011 * Background saving started by pid 39225
39225:C 01 Sep 2026 00:57:34.174 * BGSAVE done, 17 keys saved, 0 keys skipped, 26005700 bytes written.
39225:C 01 Sep 2026 00:57:34.179 * DB saved on disk
39225:C 01 Sep 2026 00:57:34.179 * Fork CoW for RDB: current 0 MB, peak 0 MB, average 0 MB
33127:M 01 Sep 2026 00:57:34.213 * Background saving terminated with success
33127:M 01 Sep 2026 00:58:35.079 * 10000 changes in 60 seconds. Saving...
33127:M 01 Sep 2026 00:58:35.082 * Background saving started by pid 39274
39274:C 01 Sep 2026 00:58:35.251 * BGSAVE done, 17 keys saved, 0 keys skipped, 26111682 bytes written.
39274:C 01 Sep 2026 00:58:35.257 * DB saved on disk
39274:C 01 Sep 2026 00:58:35.257 * Fork CoW for RDB: current 0 MB, peak 0 MB, average 0 MB
33127:M 01 Sep 2026 00:58:35.284 * Background saving terminated with success
33127:M 01 Sep 2026 00:59:41.620 * 10000 changes in 60 seconds. Saving...
33127:M 01 Sep 2026 00:59:41.624 * Background saving started by pid 39328
39328:C 01 Sep 2026 00:59:41.784 * BGSAVE done, 17 keys saved, 0 keys skipped, 26218538 bytes written.
39328:C 01 Sep 2026 00:59:41.788 * DB saved on disk
39328:C 01 Sep 2026 00:59:41.788 * Fork CoW for RDB: current 0 MB, peak 0 MB, average 0 MB
33127:M 01 Sep 2026 00:59:41.828 * Background saving terminated with success
33127:M 01 Sep 2026 01:00:42.056 * 10000 changes in 60 seconds. Saving...
33127:M 01 Sep 2026 01:00:42.061 * Background saving started by pid 39364
39364:C 01 Sep 2026 01:00:42.215 * BGSAVE done, 17 keys saved, 0 keys skipped, 26330979 bytes written.
39364:C 01 Sep 2026 01:00:42.219 * DB saved on disk
39364:C 01 Sep 2026 01:00:42.219 * Fork CoW for RDB: current 0 MB, peak 0 MB, average 0 MB
33127:M 01 Sep 2026 01:00:42.264 * Background saving terminated with success
33127:M 01 Sep 2026 01:01:43.008 * 10000 changes in 60 seconds. Saving...
33127:M 01 Sep 2026 01:01:43.012 * Background saving started by pid 39400
39400:C 01 Sep 2026 01:01:43.185 * BGSAVE done, 17 keys saved, 0 keys skipped, 26461478 bytes written.
39400:C 01 Sep 2026 01:01:43.191 * DB saved on disk
39400:C 01 Sep 2026 01:01:43.191 * Fork CoW for RDB: current 0 MB, peak 0 MB, average 0 MB
33127:M 01 Sep 2026 01:01:43.215 * Background saving terminated with success
33127:M 01 Sep 2026 01:02:44.049 * 10000 changes in 60 seconds. Saving...
33127:M 01 Sep 2026 01:02:44.051 * Background saving started by pid 39447
39447:C 01 Sep 2026 01:02:44.231 * BGSAVE done, 17 keys saved, 0 keys skipped, 26562374 bytes written.
39447:C 01 Sep 2026 01:02:44.236 * DB saved on disk
39447:C 01 Sep 2026 01:02:44.236 * Fork CoW for RDB: current 0 MB, peak 0 MB, average 0 MB
33127:M 01 Sep 2026 01:02:44.254 * Background saving terminated with success
33127:M 01 Sep 2026 01:03:58.473 * 10000 changes in 60 seconds. Saving...
33127:M 01 Sep 2026 01:03:58.477 * Background saving started by pid 39489
39489:C 01 Sep 2026 01:03:58.643 * BGSAVE done, 17 keys saved, 0 keys skipped, 26655041 bytes written.
39489:C 01 Sep 2026 01:03:58.651 * DB saved on disk
39489:C 01 Sep 2026 01:03:58.651 * Fork CoW for RDB: current 0 MB, peak 0 MB, average 0 MB
33127:M 01 Sep 2026 01:03:58.679 * Background saving terminated with success
33127:M 01 Sep 2026 01:04:59.032 * 10000 changes in 60 seconds. Saving...
33127:M 01 Sep 2026 01:04:59.035 * Background saving started by pid 39524
39524:C 01 Sep 2026 01:04:59.213 * BGSAVE done, 17 keys saved, 0 keys skipped, 26765310 bytes written.
39524:C 01 Sep 2026 01:04:59.219 * DB saved on disk
39524:C 01 Sep 2026 01:04:59.219 * Fork CoW for RDB: current 0 MB, peak 0 MB, average 0 MB
33127:M 01 Sep 2026 01:04:59.237 * Background saving terminated with success
33127:M 01 Sep 2026 01:06:00.100 * 10000 changes in 60 seconds. Saving...
33127:M 01 Sep 2026 01:06:00.103 * Background saving started by pid 39571
39571:C 01 Sep 2026 01:06:00.279 * BGSAVE done, 17 keys saved, 0 keys skipped, 26870234 bytes written.
39571:C 01 Sep 2026 01:06:00.284 * DB saved on disk
39571:C 01 Sep 2026 01:06:00.284 * Fork CoW for RDB: current 0 MB, peak 0 MB, average 0 MB
33127:M 01 Sep 2026 01:06:00.306 * Background saving terminated with success
33127:M 01 Sep 2026 01:07:01.048 * 10000 changes in 60 seconds. Saving...
33127:M 01 Sep 2026 01:07:01.053 * Background saving started by pid 39626
39626:C 01 Sep 2026 01:07:01.225 * BGSAVE done, 17 keys saved, 0 keys skipped, 26976203 bytes written.
39626:C 01 Sep 2026 01:07:01.228 * DB saved on disk
39626:C 01 Sep 2026 01:07:01.228 * Fork CoW for RDB: current 0 MB, peak 0 MB, average 0 MB
33127:M 01 Sep 2026 01:07:01.254 * Background saving terminated with success
33127:M 01 Sep 2026 01:08:02.030 * 10000 changes in 60 seconds. Saving...
33127:M 01 Sep 2026 01:08:02.034 * Background saving started by pid 39661
39661:C 01 Sep 2026 01:08:02.197 * BGSAVE done, 17 keys saved, 0 keys skipped, 27103552 bytes written.
39661:C 01 Sep 2026 01:08:02.203 * DB saved on disk
39661:C 01 Sep 2026 01:08:02.203 * Fork CoW for RDB: current 0 MB, peak 0 MB, average 0 MB
33127:M 01 Sep 2026 01:08:02.237 * Background saving terminated with success
33127:M 01 Sep 2026 01:09:06.209 * 10000 changes in 60 seconds. Saving...
33127:M 01 Sep 2026 01:09:06.210 * Background saving started by pid 39699
39699:C 01 Sep 2026 01:09:06.367 * BGSAVE done, 17 keys saved, 0 keys skipped, 27191932 bytes written.
39699:C 01 Sep 2026 01:09:06.373 * DB saved on disk
39699:C 01 Sep 2026 01:09:06.373 * Fork CoW for RDB: current 0 MB, peak 0 MB, average 0 MB
33127:M 01 Sep 2026 01:09:06.414 * Background saving terminated with success
33127:M 01 Sep 2026 01:10:16.883 * 10000 changes in 60 seconds. Saving...
33127:M 01 Sep 2026 01:10:16.888 * Background saving started by pid 39750
39750:C 01 Sep 2026 01:10:17.068 * BGSAVE done, 17 keys saved, 0 keys skipped, 27285613 bytes written.
39750:C 01 Sep 2026 01:10:17.074 * DB saved on disk
39750:C 01 Sep 2026 01:10:17.074 * Fork CoW for RDB: current 0 MB, peak 0 MB, average 0 MB
33127:M 01 Sep 2026 01:10:17.093 * Background saving terminated with success
33127:M 01 Sep 2026 01:11:18.084 * 10000 changes in 60 seconds. Saving...
33127:M 01 Sep 2026 01:11:18.091 * Background saving started by pid 39783
39783:C 01 Sep 2026 01:11:18.257 * BGSAVE done, 17 keys saved, 0 keys skipped, 27389517 bytes written.
39783:C 01 Sep 2026 01:11:18.262 * DB saved on disk
39783:C 01 Sep 2026 01:11:18.262 * Fork CoW for RDB: current 0 MB, peak 0 MB, average 0 MB
33127:M 01 Sep 2026 01:11:18.295 * Background saving terminated with success
33127:M 01 Sep 2026 01:12:19.037 * 10000 changes in 60 seconds. Saving...
33127:M 01 Sep 2026 01:12:19.040 * Background saving started by pid 39815
39815:C 01 Sep 2026 01:12:19.210 * BGSAVE done, 17 keys saved, 0 keys skipped, 27487072 bytes written.
39815:C 01 Sep 2026 01:12:19.214 * DB saved on disk
39815:C 01 Sep 2026 01:12:19.214 * Fork CoW for RDB: current 0 MB, peak 0 MB, average 0 MB
33127:M 01 Sep 2026 01:12:19.242 * Background saving terminated with success
33127:M 01 Sep 2026 01:13:20.008 * 10000 changes in 60 seconds. Saving...
33127:M 01 Sep 2026 01:13:20.010 * Background saving started by pid 39849
39849:C 01 Sep 2026 01:13:20.183 * BGSAVE done, 17 keys saved, 0 keys skipped, 27586120 bytes written.
39849:C 01 Sep 2026 01:13:20.190 * DB saved on disk
39849:C 01 Sep 2026 01:13:20.190 * Fork CoW for RDB: current 0 MB, peak 0 MB, average 0 MB
33127:M 01 Sep 2026 01:13:20.213 * Background saving terminated with success
33127:M 01 Sep 2026 01:14:21.079 * 10000 changes in 60 seconds. Saving...
33127:M 01 Sep 2026 01:14:21.084 * Background saving started by pid 39886
39886:C 01 Sep 2026 01:14:21.256 * BGSAVE done, 17 keys saved, 0 keys skipped, 27693983 bytes written.
39886:C 01 Sep 2026 01:14:21.263 * DB saved on disk
39886:C 01 Sep 2026 01:14:21.264 * Fork CoW for RDB: current 0 MB, peak 0 MB, average 0 MB
33127:M 01 Sep 2026 01:14:21.287 * Background saving terminated with success
33127:M 01 Sep 2026 01:15:24.581 * 10000 changes in 60 seconds. Saving...
33127:M 01 Sep 2026 01:15:24.585 * Background saving started by pid 39924
39924:C 01 Sep 2026 01:15:24.765 * BGSAVE done, 17 keys saved, 0 keys skipped, 27782548 bytes written.
39924:C 01 Sep 2026 01:15:24.773 * DB saved on disk
39924:C 01 Sep 2026 01:15:24.773 * Fork CoW for RDB: current 0 MB, peak 0 MB, average 0 MB
33127:M 01 Sep 2026 01:15:24.789 * Background saving terminated with success
33127:M 01 Sep 2026 01:16:25.035 * 10000 changes in 60 seconds. Saving...
33127:M 01 Sep 2026 01:16:25.039 * Background saving started by pid 39958
39958:C 01 Sep 2026 01:16:25.223 * BGSAVE done, 17 keys saved, 0 keys skipped, 27910515 bytes written.
39958:C 01 Sep 2026 01:16:25.231 * DB saved on disk
39958:C 01 Sep 2026 01:16:25.231 * Fork CoW for RDB: current 0 MB, peak 0 MB, average 0 MB
33127:M 01 Sep 2026 01:16:25.243 * Background saving terminated with success
33127:M 01 Sep 2026 01:17:26.096 * 10000 changes in 60 seconds. Saving...
33127:M 01 Sep 2026 01:17:26.101 * Background saving started by pid 39994
39994:C 01 Sep 2026 01:17:26.270 * BGSAVE done, 17 keys saved, 0 keys skipped, 28011269 bytes written.
39994:C 01 Sep 2026 01:17:26.274 * DB saved on disk
39994:C 01 Sep 2026 01:17:26.274 * Fork CoW for RDB: current 0 MB, peak 0 MB, average 0 MB
33127:M 01 Sep 2026 01:17:26.303 * Background saving terminated with success
33127:M 01 Sep 2026 01:18:27.059 * 10000 changes in 60 seconds. Saving...
33127:M 01 Sep 2026 01:18:27.061 * Background saving started by pid 40049
40049:C 01 Sep 2026 01:18:27.272 * BGSAVE done, 17 keys saved, 0 keys skipped, 28139319 bytes written.
40049:C 01 Sep 2026 01:18:27.278 * DB saved on disk
40049:C 01 Sep 2026 01:18:27.278 * Fork CoW for RDB: current 0 MB, peak 0 MB, average 0 MB
33127:M 01 Sep 2026 01:18:27.365 * Background saving terminated with success
33127:M 01 Sep 2026 01:19:28.017 * 10000 changes in 60 seconds. Saving...
33127:M 01 Sep 2026 01:19:28.021 * Background saving started by pid 40098
40098:C 01 Sep 2026 01:19:28.193 * BGSAVE done, 17 keys saved, 0 keys skipped, 28222081 bytes written.
40098:C 01 Sep 2026 01:19:28.202 * DB saved on disk
40098:C 01 Sep 2026 01:19:28.202 * Fork CoW for RDB: current 0 MB, peak 0 MB, average 0 MB
33127:M 01 Sep 2026 01:19:28.224 * Background saving terminated with success
33127:M 01 Sep 2026 01:20:29.062 * 10000 changes in 60 seconds. Saving...
33127:M 01 Sep 2026 01:20:29.066 * Background saving started by pid 40137
40137:C 01 Sep 2026 01:20:29.250 * BGSAVE done, 17 keys saved, 0 keys skipped, 28327551 bytes written.
40137:C 01 Sep 2026 01:20:29.257 * DB saved on disk
40137:C 01 Sep 2026 01:20:29.257 * Fork CoW for RDB: current 0 MB, peak 0 MB, average 0 MB
33127:M 01 Sep 2026 01:20:29.269 * Background saving terminated with success
33127:M 01 Sep 2026 01:21:30.011 * 10000 changes in 60 seconds. Saving...
33127:M 01 Sep 2026 01:21:30.014 * Background saving started by pid 40167
40167:C 01 Sep 2026 01:21:30.193 * BGSAVE done, 17 keys saved, 0 keys skipped, 28473630 bytes written.
40167:C 01 Sep 2026 01:21:30.200 * DB saved on disk
40167:C 01 Sep 2026 01:21:30.200 * Fork CoW for RDB: current 0 MB, peak 0 MB, average 0 MB
33127:M 01 Sep 2026 01:21:30.217 * Background saving terminated with success
33127:M 01 Sep 2026 01:22:31.057 * 10000 changes in 60 seconds. Saving...
33127:M 01 Sep 2026 01:22:31.059 * Background saving started by pid 40276
40276:C 01 Sep 2026 01:22:31.273 * BGSAVE done, 17 keys saved, 0 keys skipped, 28585905 bytes written.
40276:C 01 Sep 2026 01:22:31.280 * DB saved on disk
40276:C 01 Sep 2026 01:22:31.280 * Fork CoW for RDB: current 0 MB, peak 0 MB, average 0 MB
33127:M 01 Sep 2026 01:22:31.362 * Background saving terminated with success
33127:M 01 Sep 2026 01:23:32.031 * 10000 changes in 60 seconds. Saving...
33127:M 01 Sep 2026 01:23:32.032 * Background saving started by pid 40329
40329:C 01 Sep 2026 01:23:32.259 * BGSAVE done, 17 keys saved, 0 keys skipped, 28713083 bytes written.
40329:C 01 Sep 2026 01:23:32.266 * DB saved on disk
40329:C 01 Sep 2026 01:23:32.267 * Fork CoW for RDB: current 0 MB, peak 0 MB, average 0 MB
33127:M 01 Sep 2026 01:23:32.336 * Background saving terminated with success
33127:M 01 Sep 2026 01:24:33.086 * 10000 changes in 60 seconds. Saving...
33127:M 01 Sep 2026 01:24:33.089 * Background saving started by pid 40374
40374:C 01 Sep 2026 01:24:33.287 * BGSAVE done, 17 keys saved, 0 keys skipped, 28822346 bytes written.
40374:C 01 Sep 2026 01:24:33.295 * DB saved on disk
40374:C 01 Sep 2026 01:24:33.295 * Fork CoW for RDB: current 0 MB, peak 0 MB, average 0 MB
33127:M 01 Sep 2026 01:24:33.392 * Background saving terminated with success
33127:M 01 Sep 2026 01:25:34.034 * 10000 changes in 60 seconds. Saving...
33127:M 01 Sep 2026 01:25:34.036 * Background saving started by pid 40413
40413:C 01 Sep 2026 01:25:34.244 * BGSAVE done, 17 keys saved, 0 keys skipped, 28950896 bytes written.
40413:C 01 Sep 2026 01:25:34.251 * DB saved on disk
40413:C 01 Sep 2026 01:25:34.251 * Fork CoW for RDB: current 0 MB, peak 0 MB, average 0 MB
33127:M 01 Sep 2026 01:25:34.339 * Background saving terminated with success
33127:M 01 Sep 2026 01:26:35.076 * 10000 changes in 60 seconds. Saving...
33127:M 01 Sep 2026 01:26:35.080 * Background saving started by pid 40448
40448:C 01 Sep 2026 01:26:35.267 * BGSAVE done, 17 keys saved, 0 keys skipped, 29066308 bytes written.
40448:C 01 Sep 2026 01:26:35.275 * DB saved on disk
40448:C 01 Sep 2026 01:26:35.276 * Fork CoW for RDB: current 0 MB, peak 0 MB, average 0 MB
33127:M 01 Sep 2026 01:26:35.282 * Background saving terminated with success
33127:M 01 Sep 2026 01:27:36.037 * 10000 changes in 60 seconds. Saving...
33127:M 01 Sep 2026 01:27:36.041 * Background saving started by pid 40489
40489:C 01 Sep 2026 01:27:36.228 * BGSAVE done, 17 keys saved, 0 keys skipped, 29174491 bytes written.
40489:C 01 Sep 2026 01:27:36.235 * DB saved on disk
40489:C 01 Sep 2026 01:27:36.235 * Fork CoW for RDB: current 0 MB, peak 0 MB, average 0 MB
33127:M 01 Sep 2026 01:27:36.243 * Background saving terminated with success
33127:M 01 Sep 2026 01:28:37.094 * 10000 changes in 60 seconds. Saving...
33127:M 01 Sep 2026 01:28:37.095 * Background saving started by pid 40535
40535:C 01 Sep 2026 01:28:37.303 * BGSAVE done, 17 keys saved, 0 keys skipped, 29280192 bytes written.
40535:C 01 Sep 2026 01:28:37.311 * DB saved on disk
40535:C 01 Sep 2026 01:28:37.311 * Fork CoW for RDB: current 0 MB, peak 0 MB, average 0 MB
33127:M 01 Sep 2026 01:28:37.398 * Background saving terminated with success
33127:M 01 Sep 2026 01:29:38.046 * 10000 changes in 60 seconds. Saving...
33127:M 01 Sep 2026 01:29:38.048 * Background saving started by pid 40573
40573:C 01 Sep 2026 01:29:38.255 * BGSAVE done, 17 keys saved, 0 keys skipped, 29420795 bytes written.
40573:C 01 Sep 2026 01:29:38.260 * DB saved on disk
40573:C 01 Sep 2026 01:29:38.260 * Fork CoW for RDB: current 0 MB, peak 0 MB, average 0 MB
33127:M 01 Sep 2026 01:29:38.351 * Background saving terminated with success
33127:M 01 Sep 2026 01:30:39.097 * 10000 changes in 60 seconds. Saving...
33127:M 01 Sep 2026 01:30:39.099 * Background saving started by pid 40605
40605:C 01 Sep 2026 01:30:39.299 * BGSAVE done, 17 keys saved, 0 keys skipped, 29553468 bytes written.
40605:C 01 Sep 2026 01:30:39.304 * DB saved on disk
40605:C 01 Sep 2026 01:30:39.304 * Fork CoW for RDB: current 0 MB, peak 0 MB, average 0 MB
33127:M 01 Sep 2026 01:30:39.402 * Background saving terminated with success
33127:M 01 Sep 2026 01:31:40.034 * 10000 changes in 60 seconds. Saving...
33127:M 01 Sep 2026 01:31:40.037 * Background saving started by pid 40635
40635:C 01 Sep 2026 01:31:40.230 * BGSAVE done, 17 keys saved, 0 keys skipped, 29662321 bytes written.
40635:C 01 Sep 2026 01:31:40.235 * DB saved on disk
40635:C 01 Sep 2026 01:31:40.236 * Fork CoW for RDB: current 0 MB, peak 0 MB, average 0 MB
33127:M 01 Sep 2026 01:31:40.239 * Background saving terminated with success
33127:M 01 Sep 2026 01:32:41.071 * 10000 changes in 60 seconds. Saving...
33127:M 01 Sep 2026 01:32:41.074 * Background saving started by pid 40664
40664:C 01 Sep 2026 01:32:41.269 * BGSAVE done, 17 keys saved, 0 keys skipped, 29788677 bytes written.
40664:C 01 Sep 2026 01:32:41.273 * DB saved on disk
40664:C 01 Sep 2026 01:32:41.273 * Fork CoW for RDB: current 0 MB, peak 0 MB, average 0 MB
33127:M 01 Sep 2026 01:32:41.276 * Background saving terminated with success
33127:M 01 Sep 2026 01:33:42.096 * 10000 changes in 60 seconds. Saving...
33127:M 01 Sep 2026 01:33:42.100 * Background saving started by pid 40696
40696:C 01 Sep 2026 01:33:42.301 * BGSAVE done, 17 keys saved, 0 keys skipped, 29929702 bytes written.
40696:C 01 Sep 2026 01:33:42.304 * DB saved on disk
40696:C 01 Sep 2026 01:33:42.304 * Fork CoW for RDB: current 0 MB, peak 0 MB, average 0 MB
33127:M 01 Sep 2026 01:33:42.404 * Background saving terminated with success
